Date,Close,High,Low,Open,Volume,Ticker,Close,High,Low,Open,Volume,Close,High,Low,Open,Volume
,TSLA,TSLA,TSLA,TSLA,TSLA,,SPY,SPY,SPY,SPY,SPY,BND,BND,BND,BND,BND
2015-01-02,14.620667457580566,14.883333206176758,14.21733283996582,14.857999801635742,71466000.0,TSLA,,,,,,,,,,
2015-01-05,14.005999565124512,14.433333396911621,13.810667037963867,14.303333282470703,80527500.0,TSLA,,,,,,,,,,
2015-01-06,14.085332870483398,14.279999732971191,13.61400032043457,14.003999710083008,93928500.0,TSLA,,,,,,,,,,
2015-01-07,14.063332557678223,14.3186674118042,13.985333442687988,14.223333358764648,44526000.0,TSLA,,,,,,,,,,
2015-01-08,14.041333198547363,14.25333309173584,14.000666618347168,14.187333106994629,51637500.0,TSLA,,,,,,,,,,
2015-01-09,13.77733325958252,13.998666763305664,13.663999557495117,13.928000450134277,70024500.0,TSLA,,,,,,,,,,
2015-01-12,13.480667114257812,13.631333351135254,13.283332824707031,13.536666870117188,89254500.0,TSLA,,,,,,,,,,
2015-01-13,13.616666793823242,13.840666770935059,13.394000053405762,13.554667472839355,67159500.0,TSLA,,,,,,,,,,
2015-01-14,12.845999717712402,13.013333320617676,12.333333015441895,12.388667106628418,173278500.0,TSLA,,,,,,,,,,
2015-01-15,12.791333198547363,13.050000190734863,12.666666984558105,12.965999603271484,78247500.0,TSLA,,,,,,,,,,
2015-01-16,12.871333122253418,12.965999603271484,12.643333435058594,12.713333129882812,54048000.0,TSLA,,,,,,,,,,
2015-01-20,12.795332908630371,12.941332817077637,12.469332695007324,12.924667358398438,67548000.0,TSLA,,,,,,,,,,
2015-01-21,13.104666709899902,13.245332717895508,12.633999824523926,12.636667251586914,62295000.0,TSLA,,,,,,,,,,
2015-01-22,13.441332817077637,13.549332618713379,13.013333320617676,13.133333206176758,61753500.0,TSLA,,,,,,,,,,
2015-01-23,13.419333457946777,13.566666603088379,13.222000122070312,13.352666854858398,51579000.0,TSLA,,,,,,,,,,
2015-01-26,13.770000457763672,13.907999992370605,13.403332710266113,13.45533275604248,48517500.0,TSLA,,,,,,,,,,
2015-01-27,13.732000350952148,13.868666648864746,13.553333282470703,13.628000259399414,41715000.0,TSLA,,,,,,,,,,
2015-01-28,13.291333198547363,13.758000373840332,13.227999687194824,13.740667343139648,47244000.0,TSLA,,,,,,,,,,
2015-01-29,13.680000305175781,13.732000350952148,13.100000381469727,13.404666900634766,53221500.0,TSLA,,,,,,,,,,
2015-01-30,13.573332786560059,13.83133316040039,13.533332824707031,13.597332954406738,45105000.0,TSLA,,,,,,,,,,
2015-02-02,14.062666893005371,14.130000114440918,13.553333282470703,13.597999572753906,62238000.0,TSLA,,,,,,,,,,
2015-02-03,14.557332992553711,14.691332817077637,14.084667205810547,14.214667320251465,72393000.0,TSLA,,,,,,,,,,
2015-02-04,14.569999694824219,14.76533317565918,14.453332901000977,14.552666664123535,49581000.0,TSLA,,,,,,,,,,
2015-02-05,14.732666969299316,15.031999588012695,14.642666816711426,14.658666610717773,52843500.0,TSLA,,,,,,,,,,
2015-02-06,14.490667343139648,14.893333435058594,14.433333396911621,14.800000190734863,48658500.0,TSLA,,,,,,,,,,
2015-02-09,14.498666763305664,14.528667449951172,14.13266658782959,14.358667373657227,52086000.0,TSLA,,,,,,,,,,
2015-02-10,14.419333457946777,14.699999809265137,14.333333015441895,14.50333309173584,80857500.0,TSLA,,,,,,,,,,
2015-02-11,14.186667442321777,14.315999984741211,13.8186674118042,14.147333145141602,146536500.0,TSLA,,,,,,,,,,
2015-02-12,13.525333404541016,13.53933334350586,12.885333061218262,12.904666900634766,234744000.0,TSLA,,,,,,,,,,
2015-02-13,13.584667205810547,13.732666969299316,13.394000053405762,13.526666641235352,92865000.0,TSLA,,,,,,,,,,
2015-02-17,13.623332977294922,13.713333129882812,13.433333396911621,13.713333129882812,59694000.0,TSLA,,,,,,,,,,
2015-02-18,13.630666732788086,13.744667053222656,13.506667137145996,13.611332893371582,40704000.0,TSLA,,,,,,,,,,
2015-02-19,14.11400032043457,14.162667274475098,13.583333015441895,13.666666984558105,77311500.0,TSLA,,,,,,,,,,
2015-02-20,14.473999977111816,14.506667137145996,13.987333297729492,14.052000045776367,89731500.0,TSLA,,,,,,,,,,
2015-02-23,13.822667121887207,14.546667098999023,13.755332946777344,14.37733268737793,127497000.0,TSLA,,,,,,,,,,
2015-02-24,13.607333183288574,13.81933307647705,13.446666717529297,13.81933307647705,99054000.0,TSLA,,,,,,,,,,
2015-02-25,13.583999633789062,13.809332847595215,13.505332946777344,13.662667274475098,58642500.0,TSLA,,,,,,,,,,
2015-02-26,13.812666893005371,14.072667121887207,13.481332778930664,13.600000381469727,97093500.0,TSLA,,,,,,,,,,
2015-02-27,13.555999755859375,13.903332710266113,13.520000457763672,13.793333053588867,58231500.0,TSLA,,,,,,,,,,
2015-03-02,13.155332565307617,13.555999755859375,13.055333137512207,13.513333320617676,118831500.0,TSLA,,,,,,,,,,
2015-03-03,13.303999900817871,13.349332809448242,13.021332740783691,13.120667457580566,66484500.0,TSLA,,,,,,,,,,
2015-03-04,13.496000289916992,13.501333236694336,13.147333145141602,13.283332824707031,63330000.0,TSLA,,,,,,,,,,
2015-03-05,13.375332832336426,13.746000289916992,13.34333324432373,13.523332595825195,73155000.0,TSLA,,,,,,,,,,
2015-03-06,12.925333023071289,13.383333206176758,12.8100004196167,13.280667304992676,100686000.0,TSLA,,,,,,,,,,
2015-03-09,12.725333213806152,12.965999603271484,12.550000190734863,12.959333419799805,101050500.0,TSLA,,,,,,,,,,
2015-03-10,12.687999725341797,12.899999618530273,12.506667137145996,12.564000129699707,83695500.0,TSLA,,,,,,,,,,
2015-03-11,12.916000366210938,13.078666687011719,12.734000205993652,12.743332862854004,74623500.0,TSLA,,,,,,,,,,
2015-03-12,12.73799991607666,12.963333129882812,12.649999618530273,12.916666984558105,62239500.0,TSLA,,,,,,,,,,
2015-03-13,12.578666687011719,12.783332824707031,12.48799991607666,12.596667289733887,81514500.0,TSLA,,,,,,,,,,
2015-03-16,13.046667098999023,13.060667037963867,12.653332710266113,12.800000190734863,84432000.0,TSLA,,,,,,,,,,
2015-03-17,12.982000350952148,13.247332572937012,12.929332733154297,13.028667449951172,73411500.0,TSLA,,,,,,,,,,
2015-03-18,13.380666732788086,13.392000198364258,12.87399959564209,12.997332572937012,72313500.0,TSLA,,,,,,,,,,
2015-03-19,13.043333053588867,13.63933277130127,12.968667030334473,13.466667175292969,127128000.0,TSLA,,,,,,,,,,
2015-03-20,13.20533275604248,13.265999794006348,13.041333198547363,13.16333293914795,64042500.0,TSLA,,,,,,,,,,
2015-03-23,13.308667182922363,13.366666793823242,13.164667129516602,13.233332633972168,39474000.0,TSLA,,,,,,,,,,
2015-03-24,13.447999954223633,13.586000442504883,13.316666603088379,13.438667297363281,54748500.0,TSLA,,,,,,,,,,
2015-03-25,12.953332901000977,13.239333152770996,12.846667289733887,13.218000411987305,85956000.0,TSLA,,,,,,,,,,
2015-03-26,12.694000244140625,12.986000061035156,12.646666526794434,12.928000450134277,61920000.0,TSLA,,,,,,,,,,
2015-03-27,12.333333015441895,12.619333267211914,12.09333324432373,12.604666709899902,129073500.0,TSLA,,,,,,,,,,
2015-03-30,12.704667091369629,12.816666603088379,12.119999885559082,12.390000343322754,151342500.0,TSLA,,,,,,,,,,
2015-03-31,12.584667205810547,12.917332649230957,12.560667037963867,12.902000427246094,75399000.0,TSLA,,,,,,,,,,
2015-04-01,12.505999565124512,12.819999694824219,12.403332710266113,12.579999923706055,56919000.0,TSLA,,,,,,,,,,
2015-04-02,12.733332633972168,12.881999969482422,12.666666984558105,12.682000160217285,75156000.0,TSLA,,,,,,,,,,
2015-04-06,13.539999961853027,13.850000381469727,13.166666984558105,13.199999809265137,186837000.0,TSLA,,,,,,,,,,
2015-04-07,13.550000190734863,13.670666694641113,13.409333229064941,13.500666618347168,65218500.0,TSLA,,,,,,,,,,
2015-04-08,13.844667434692383,14.0600004196167,13.724666595458984,13.880000114440918,94546500.0,TSLA,,,,,,,,,,
2015-04-09,14.005999565124512,14.024666786193848,13.7413330078125,13.895333290100098,57003000.0,TSLA,,,,,,,,,,
2015-04-10,14.0600004196167,14.109999656677246,13.933333396911621,13.989999771118164,61015500.0,TSLA,,,,,,,,,,
2015-04-13,13.985333442687988,14.199999809265137,13.936667442321777,14.029333114624023,56373000.0,TSLA,,,,,,,,,,
2015-04-14,13.830666542053223,13.965999603271484,13.699999809265137,13.904666900634766,45390000.0,TSLA,,,,,,,,,,
2015-04-15,13.85533332824707,13.97266674041748,13.773332595825195,13.830666542053223,29286000.0,TSLA,,,,,,,,,,
2015-04-16,13.779999732971191,13.944666862487793,13.752667427062988,13.846667289733887,24886500.0,TSLA,,,,,,,,,,
2015-04-17,13.78600025177002,13.791999816894531,13.566666603088379,13.666000366210938,37048500.0,TSLA,,,,,,,,,,
2015-04-20,13.684666633605957,13.856666564941406,13.59000015258789,13.785332679748535,38389500.0,TSLA,,,,,,,,,,
2015-04-21,13.96066665649414,14.050000190734863,13.620667457580566,13.720000267028809,51487500.0,TSLA,,,,,,,,,,
2015-04-22,14.629332542419434,14.791999816894531,14.112667083740234,14.166666984558105,117945000.0,TSLA,,,,,,,,,,
2015-04-23,14.573332786560059,14.76533317565918,14.476667404174805,14.5513334274292,66168000.0,TSLA,,,,,,,,,,
2015-04-24,14.562000274658203,14.720000267028809,14.534000396728516,14.699999809265137,36417000.0,TSLA,,,,,,,,,,
2015-04-27,15.436667442321777,15.916666984558105,14.800000190734863,14.837332725524902,175089000.0,TSLA,,,,,,,,,,
2015-04-28,15.36533260345459,15.699999809265137,15.20199966430664,15.649999618530273,91281000.0,TSLA,,,,,,,,,,
2015-04-29,15.49666690826416,15.664667129516602,15.175333023071289,15.33666706085205,59041500.0,TSLA,,,,,,,,,,
2015-04-30,15.069999694824219,15.526000022888184,15.011333465576172,15.359333038330078,58678500.0,TSLA,,,,,,,,,,
2015-05-01,15.0686674118042,15.451333045959473,14.694000244140625,15.329333305358887,79225500.0,TSLA,,,,,,,,,,
2015-05-04,15.36733341217041,15.648667335510254,15.140666961669922,15.211999893188477,66519000.0,TSLA,,,,,,,,,,
2015-05-05,15.529999732971191,15.966667175292969,15.275333404541016,15.850666999816895,86953500.0,TSLA,,,,,,,,,,
2015-05-06,15.362000465393066,15.631333351135254,15.213333129882812,15.606666564941406,79063500.0,TSLA,,,,,,,,,,
2015-05-07,15.786666870117188,15.831999778747559,14.683333396911621,14.733332633972168,141838500.0,TSLA,,,,,,,,,,
2015-05-08,15.77400016784668,15.894000053405762,15.579999923706055,15.732666969299316,70023000.0,TSLA,,,,,,,,,,
2015-05-11,15.965999603271484,16.191999435424805,15.687333106994629,15.752667427062988,85084500.0,TSLA,,,,,,,,,,
2015-05-12,16.31599998474121,16.42333221435547,15.879332542419434,16.007333755493164,95451000.0,TSLA,,,,,,,,,,
2015-05-13,16.211999893188477,16.553333282470703,16.149999618530273,16.507333755493164,81603000.0,TSLA,,,,,,,,,,
2015-05-14,16.273332595825195,16.326000213623047,16.083332061767578,16.321332931518555,43438500.0,TSLA,,,,,,,,,,
2015-05-15,16.589332580566406,16.626667022705078,16.166667938232422,16.261999130249023,67914000.0,TSLA,,,,,,,,,,
2015-05-18,16.583332061767578,16.65999984741211,16.399999618530273,16.46666717529297,50298000.0,TSLA,,,,,,,,,,
2015-05-19,16.47599983215332,16.733333587646484,16.40999984741211,16.562000274658203,55113000.0,TSLA,,,,,,,,,,
2015-05-20,16.290000915527344,16.516000747680664,16.091333389282227,16.475332260131836,56334000.0,TSLA,,,,,,,,,,
2015-05-21,16.374666213989258,16.441333770751953,16.157333374023438,16.20199966430664,29559000.0,TSLA,,,,,,,,,,
2015-05-22,16.51533317565918,16.573333740234375,16.333999633789062,16.358667373657227,33346500.0,TSLA,,,,,,,,,,
2015-05-26,16.497333526611328,16.799999237060547,16.433332443237305,16.511999130249023,52480500.0,TSLA,,,,,,,,,,
2015-05-27,16.495332717895508,16.633333206176758,16.3700008392334,16.567333221435547,51123000.0,TSLA,,,,,,,,,,
2015-05-28,16.76333236694336,16.786666870117188,16.336666107177734,16.468666076660156,54709500.0,TSLA,,,,,,,,,,
2015-05-29,16.719999313354492,16.857999801635742,16.6286678314209,16.733333587646484,56839500.0,TSLA,,,,,,,,,,
2015-06-01,16.6299991607666,16.773332595825195,16.49799919128418,16.76066780090332,37576500.0,TSLA,,,,,,,,,,
2015-06-02,16.55666732788086,16.626667022705078,16.420000076293945,16.594667434692383,32022000.0,TSLA,,,,,,,,,,
2015-06-03,16.599332809448242,16.71466636657715,16.46733283996582,16.546667098999023,26722500.0,TSLA,,,,,,,,,,
2015-06-04,16.39466667175293,16.6200008392334,16.380666732788086,16.5,36804000.0,TSLA,,,,,,,,,,
2015-06-05,16.609333038330078,16.64666748046875,16.3786678314209,16.399999618530273,45330000.0,TSLA,,,,,,,,,,
2015-06-08,17.086000442504883,17.25,16.687332153320312,16.72333335876465,75255000.0,TSLA,,,,,,,,,,
2015-06-09,17.066667556762695,17.182666778564453,16.94266700744629,17.02666664123535,39166500.0,TSLA,,,,,,,,,,
2015-06-10,16.713333129882812,16.933332443237305,16.566667556762695,16.793333053588867,51817500.0,TSLA,,,,,,,,,,
2015-06-11,16.76066780090332,16.95800018310547,16.69533348083496,16.884000778198242,30661500.0,TSLA,,,,,,,,,,
2015-06-12,16.71266746520996,16.8973331451416,16.680667877197266,16.680667877197266,21334500.0,TSLA,,,,,,,,,,
2015-06-15,16.691999435424805,16.75200080871582,16.400667190551758,16.64666748046875,32793000.0,TSLA,,,,,,,,,,
2015-06-16,16.874666213989258,16.895999908447266,16.606666564941406,16.67533302307129,29770500.0,TSLA,,,,,,,,,,
2015-06-17,17.360666275024414,17.624000549316406,16.801332473754883,16.81133270263672,82693500.0,TSLA,,,,,,,,,,
2015-06-18,17.459333419799805,17.56399917602539,17.334667205810547,17.46666717529297,41740500.0,TSLA,,,,,,,,,,
2015-06-19,17.500667572021484,17.586666107177734,17.34000015258789,17.49333381652832,36945000.0,TSLA,,,,,,,,,,
2015-06-22,17.319332122802734,17.626667022705078,17.04599952697754,17.476667404174805,68416500.0,TSLA,,,,,,,,,,
2015-06-23,17.844667434692383,17.866666793823242,17.238000869750977,17.35466766357422,58062000.0,TSLA,,,,,,,,,,
2015-06-24,17.67799949645996,17.823333740234375,17.58133316040039,17.798667907714844,36184500.0,TSLA,,,,,,,,,,
2015-06-25,17.91933250427246,18.0939998626709,17.683332443237305,17.76333236694336,42738000.0,TSLA,,,,,,,,,,
2015-06-26,17.805999755859375,17.94066619873047,17.733333587646484,17.926000595092773,57576000.0,TSLA,,,,,,,,,,
2015-06-29,17.468000411987305,17.729999542236328,17.3799991607666,17.463333129882812,52183500.0,TSLA,,,,,,,,,,
2015-06-30,17.884000778198242,18.06133270263672,17.600000381469727,17.65333366394043,46303500.0,TSLA,,,,,,,,,,
2015-07-01,17.94333267211914,18.174667358398438,17.856666564941406,18.073999404907227,31518000.0,TSLA,,,,,,,,,,
2015-07-02,18.667999267578125,18.829999923706055,18.220666885375977,18.68000030517578,107458500.0,TSLA,,,,,,,,,,
2015-07-06,18.648000717163086,18.779333114624023,18.420000076293945,18.591999053955078,61828500.0,TSLA,,,,,,,,,,
2015-07-07,17.858667373657227,18.34666633605957,17.384666442871094,18.333332061767578,91576500.0,TSLA,,,,,,,,,,
2015-07-08,16.997333526611328,17.386667251586914,16.95400047302246,17.288000106811523,93316500.0,TSLA,,,,,,,,,,
2015-07-09,17.19466781616211,17.530000686645508,17.119333267211914,17.27199935913086,50011500.0,TSLA,,,,,,,,,,
2015-07-10,17.27666664123535,17.53333282470703,17.187999725341797,17.481332778930664,39163500.0,TSLA,,,,,,,,,,
2015-07-13,17.477333068847656,17.503332138061523,17.06999969482422,17.483333587646484,44404500.0,TSLA,,,,,,,,,,
2015-07-14,17.709999084472656,17.732667922973633,17.367332458496094,17.47333335876465,28614000.0,TSLA,,,,,,,,,,
2015-07-15,17.542667388916016,17.832666397094727,17.472000122070312,17.78266716003418,30324000.0,TSLA,,,,,,,,,,
2015-07-16,17.778667449951172,17.81333351135254,17.54400062561035,17.614667892456055,24240000.0,TSLA,,,,,,,,,,
2015-07-17,18.310667037963867,18.369333267211914,17.883333206176758,18.166667938232422,75061500.0,TSLA,,,,,,,,,,
2015-07-20,18.817333221435547,19.110000610351562,18.16933250427246,18.333332061767578,74677500.0,TSLA,,,,,,,,,,
2015-07-21,17.784666061401367,18.233333587646484,17.770000457763672,18.003332138061523,91630500.0,TSLA,,,,,,,,,,
2015-07-22,17.857999801635742,17.96266746520996,17.390666961669922,17.417999267578125,46575000.0,TSLA,,,,,,,,,,
2015-07-23,17.81333351135254,17.99333381652832,17.684667587280273,17.976667404174805,33408000.0,TSLA,,,,,,,,,,
2015-07-24,17.694000244140625,18.07266616821289,17.594667434692383,17.825332641601562,42547500.0,TSLA,,,,,,,,,,
2015-07-27,16.867332458496094,17.6286678314209,16.71933364868164,17.495332717895508,70413000.0,TSLA,,,,,,,,,,
2015-07-28,17.654666900634766,17.69333267211914,16.78933334350586,17.049999237060547,58437000.0,TSLA,,,,,,,,,,
2015-07-29,17.58799934387207,17.859333038330078,17.46666717529297,17.618000030517578,41851500.0,TSLA,,,,,,,,,,
2015-07-30,17.785999298095703,17.79599952697754,17.474000930786133,17.512666702270508,30519000.0,TSLA,,,,,,,,,,
2015-07-31,17.74333381652832,17.957332611083984,17.674667358398438,17.84000015258789,33339000.0,TSLA,,,,,,,,,,
2015-08-03,17.332666397094727,17.78066635131836,17.13800048828125,17.752666473388672,38302500.0,TSLA,,,,,,,,,,
2015-08-04,17.75200080871582,17.781333923339844,17.222667694091797,17.333999633789062,35287500.0,TSLA,,,,,,,,,,
2015-08-05,18.0086669921875,18.066667556762695,17.360000610351562,17.57200050354004,93214500.0,TSLA,,,,,,,,,,
2015-08-06,16.408666610717773,17.0,15.7413330078125,16.63599967956543,219357000.0,TSLA,,,,,,,,,,
2015-08-07,16.167333602905273,16.248666763305664,15.892666816711426,16.238666534423828,76101000.0,TSLA,,,,,,,,,,
2015-08-10,16.076000213623047,16.197999954223633,15.736666679382324,15.876667022705078,62788500.0,TSLA,,,,,,,,,,
2015-08-11,15.824666976928711,15.953332901000977,15.629332542419434,15.8100004196167,63973500.0,TSLA,,,,,,,,,,
2015-08-12,15.878000259399414,15.98466682434082,15.515999794006348,15.666666984558105,55920000.0,TSLA,,,,,,,,,,
2015-08-13,16.167333602905273,16.43199920654297,15.941332817077637,15.990667343139648,70338000.0,TSLA,,,,,,,,,,
2015-08-14,16.209999084472656,16.528667449951172,16.118000030517578,16.482667922973633,65472000.0,TSLA,,,,,,,,,,
2015-08-17,16.999332427978516,17.106000900268555,16.700666427612305,17.03733253479004,107650500.0,TSLA,,,,,,,,,,
2015-08-18,17.381332397460938,17.39666748046875,16.90399932861328,17.025333404541016,62925000.0,TSLA,,,,,,,,,,
2015-08-19,17.016666412353516,17.376667022705078,17.001333236694336,17.35533332824707,54064500.0,TSLA,,,,,,,,,,
2015-08-20,16.14533233642578,16.970666885375977,16.126667022705078,16.804000854492188,73587000.0,TSLA,,,,,,,,,,
2015-08-21,15.38466739654541,16.253332138061523,15.36733341217041,15.733332633972168,98853000.0,TSLA,,,,,,,,,,
2015-08-24,14.591333389282227,15.426667213439941,13.0,13.519332885742188,143724000.0,TSLA,,,,,,,,,,
2015-08-25,14.66866683959961,15.393333435058594,14.607999801635742,15.368000030517578,64909500.0,TSLA,,,,,,,,,,
2015-08-26,14.989333152770996,15.199999809265137,14.36733341217041,15.195332527160645,74445000.0,TSLA,,,,,,,,,,
2015-08-27,16.19933319091797,16.316667556762695,15.387332916259766,15.399999618530273,114840000.0,TSLA,,,,,,,,,,
2015-08-28,16.565332412719727,16.76333236694336,16.10466766357422,16.124000549316406,82705500.0,TSLA,,,,,,,,,,
2015-08-31,16.604000091552734,16.996667861938477,16.367332458496094,16.374666213989258,70503000.0,TSLA,,,,,,,,,,
2015-09-01,15.908666610717773,16.399999618530273,15.79800033569336,16.022666931152344,81822000.0,TSLA,,,,,,,,,,
2015-09-02,16.512666702270508,16.525333404541016,15.985333442687988,16.35333251953125,69438000.0,TSLA,,,,,,,,,,
2015-09-03,16.3713321685791,16.80533218383789,16.333332061767578,16.804000854492188,62922000.0,TSLA,,,,,,,,,,
2015-09-04,16.1286678314209,16.272666931152344,15.880000114440918,16.05933380126953,55338000.0,TSLA,,,,,,,,,,
2015-09-08,16.544666290283203,16.610666275024414,16.270000457763672,16.336666107177734,47073000.0,TSLA,,,,,,,,,,
2015-09-09,16.5939998626709,16.950000762939453,16.553333282470703,16.803333282470703,50862000.0,TSLA,,,,,,,,,,
2015-09-10,16.565332412719727,16.71466636657715,16.35533332824707,16.48200035095215,40635000.0,TSLA,,,,,,,,,,
2015-09-11,16.682666778564453,16.682666778564453,16.315332412719727,16.50933265686035,35262000.0,TSLA,,,,,,,,,,
2015-09-14,16.87933349609375,16.950000762939453,16.64466667175293,16.739999771118164,43363500.0,TSLA,,,,,,,,,,
2015-09-15,16.904666900634766,16.97333335876465,16.633333206176758,16.850000381469727,44002500.0,TSLA,,,,,,,,,,
2015-09-16,17.483333587646484,17.525333404541016,16.858667373657227,16.869333267211914,66256500.0,TSLA,,,,,,,,,,
2015-09-17,17.471332550048828,17.700000762939453,17.37933349609375,17.597333908081055,53787000.0,TSLA,,,,,,,,,,
2015-09-18,17.374666213989258,17.58799934387207,17.166667938232422,17.19733238220215,56446500.0,TSLA,,,,,,,,,,
2015-09-21,17.613332748413086,18.10466766357422,17.053333282470703,17.59866714477539,91803000.0,TSLA,,,,,,,,,,
2015-09-22,17.395999908447266,17.510000228881836,17.058000564575195,17.268667221069336,54966000.0,TSLA,,,,,,,,,,
2015-09-23,17.40399932861328,17.472000122070312,17.172000885009766,17.463333129882812,39012000.0,TSLA,,,,,,,,,,
2015-09-24,17.541332244873047,17.56333351135254,17.08066749572754,17.302000045776367,51723000.0,TSLA,,,,,,,,,,
2015-09-25,17.12733268737793,17.79400062561035,17.07666778564453,17.77400016784668,56601000.0,TSLA,,,,,,,,,,
2015-09-28,16.562000274658203,17.319332122802734,16.44066619873047,17.156667709350586,73516500.0,TSLA,,,,,,,,,,
2015-09-29,16.44333267211914,16.98200035095215,16.36400032043457,16.69733238220215,55548000.0,TSLA,,,,,,,,,,
2015-09-30,16.559999465942383,16.82666778564453,16.1560001373291,16.799999237060547,73944000.0,TSLA,,,,,,,,,,
2015-10-01,15.991999626159668,16.566667556762695,15.808667182922363,16.500667572021484,68595000.0,TSLA,,,,,,,,,,
2015-10-02,16.504667282104492,16.51333236694336,15.661999702453613,15.706666946411133,66360000.0,TSLA,,,,,,,,,,
2015-10-05,16.40999984741211,16.6560001373291,16.275333404541016,16.589332580566406,55348500.0,TSLA,,,,,,,,,,
2015-10-06,16.097333908081055,16.20199966430664,15.70533275604248,16.0,78378000.0,TSLA,,,,,,,,,,
2015-10-07,15.46399974822998,15.846667289733887,15.274666786193848,15.775333404541016,102210000.0,TSLA,,,,,,,,,,
2015-10-08,15.114666938781738,15.381333351135254,14.753999710083008,15.338666915893555,91998000.0,TSLA,,,,,,,,,,
2015-10-09,14.712667465209961,14.958000183105469,14.557332992553711,14.728667259216309,92376000.0,TSLA,,,,,,,,,,
2015-10-12,14.371999740600586,14.866666793823242,14.351332664489746,14.866000175476074,57544500.0,TSLA,,,,,,,,,,
2015-10-13,14.616666793823242,14.834667205810547,14.075332641601562,14.218667030334473,77572500.0,TSLA,,,,,,,,,,
2015-10-14,14.458666801452637,14.729999542236328,14.362000465393066,14.711333274841309,46566000.0,TSLA,,,,,,,,,,
2015-10-15,14.753999710083008,14.781999588012695,14.24666690826416,14.428667068481445,42663000.0,TSLA,,,,,,,,,,
2015-10-16,15.133999824523926,15.36533260345459,14.857999801635742,14.869333267211914,65017500.0,TSLA,,,,,,,,,,
2015-10-19,15.206666946411133,15.40999984741211,14.996000289916992,15.100000381469727,37618500.0,TSLA,,,,,,,,,,
2015-10-20,14.20199966430664,15.239999771118164,13.466667175292969,15.1813325881958,223500000.0,TSLA,,,,,,,,,,
2015-10-21,14.005999565124512,14.320667266845703,13.920000076293945,14.13266658782959,62272500.0,TSLA,,,,,,,,,,
2015-10-22,14.114666938781738,14.383333206176758,13.960000038146973,14.104000091552734,42378000.0,TSLA,,,,,,,,,,
2015-10-23,13.939332962036133,14.356666564941406,13.845999717712402,14.333333015441895,63532500.0,TSLA,,,,,,,,,,
2015-10-26,14.350666999816895,14.392000198364258,14.0,14.092000007629395,50871000.0,TSLA,,,,,,,,,,
2015-10-27,14.023332595825195,14.473333358764648,13.833999633789062,14.322667121887207,52791000.0,TSLA,,,,,,,,,,
2015-10-28,14.197333335876465,14.229999542236328,13.886667251586914,14.087332725524902,40929000.0,TSLA,,,,,,,,,,
2015-10-29,14.108667373657227,14.25,14.042667388916016,14.116666793823242,27075000.0,TSLA,,,,,,,,,,
2015-10-30,13.795332908630371,14.108667373657227,13.592666625976562,14.026666641235352,66583500.0,TSLA,,,,,,,,,,
2015-11-02,14.252667427062988,14.386667251586914,13.814666748046875,13.928000450134277,58918500.0,TSLA,,,,,,,,,,
2015-11-03,13.890000343322754,14.295999526977539,13.850000381469727,14.256667137145996,124987500.0,TSLA,,,,,,,,,,
2015-11-04,15.442000389099121,15.515999794006348,15.013333320617676,15.133333206176758,190896000.0,TSLA,,,,,,,,,,
2015-11-05,15.451333045959473,15.638667106628418,15.279333114624023,15.371999740600586,67452000.0,TSLA,,,,,,,,,,
2015-11-06,15.490667343139648,15.557332992553711,15.300000190734863,15.380000114440918,36679500.0,TSLA,,,,,,,,,,
2015-11-09,15.022000312805176,15.53266716003418,14.954000473022461,15.53266716003418,57763500.0,TSLA,,,,,,,,,,
2015-11-10,14.433333396911621,14.91333293914795,14.405332565307617,14.898667335510254,69255000.0,TSLA,,,,,,,,,,
2015-11-11,14.60533332824707,14.631999969482422,14.241999626159668,14.517999649047852,50217000.0,TSLA,,,,,,,,,,
2015-11-12,14.196000099182129,14.600000381469727,14.177332878112793,14.523332595825195,43738500.0,TSLA,,,,,,,,,,
2015-11-13,13.812666893005371,14.199333190917969,13.767999649047852,14.196666717529297,51454500.0,TSLA,,,,,,,,,,
2015-11-16,14.287332534790039,14.331999778747559,13.720000267028809,13.739333152770996,43881000.0,TSLA,,,,,,,,,,
2015-11-17,14.266667366027832,14.399999618530273,14.09333324432373,14.346667289733887,32230500.0,TSLA,,,,,,,,,,
2015-11-18,14.73799991607666,14.7586669921875,14.168000221252441,14.300000190734863,42178500.0,TSLA,,,,,,,,,,
2015-11-19,14.786666870117188,15.079333305358887,14.686667442321777,14.702667236328125,37566000.0,TSLA,,,,,,,,,,
2015-11-20,14.667332649230957,15.0,14.238666534423828,14.899333000183105,66010500.0,TSLA,,,,,,,,,,
2015-11-23,14.516667366027832,14.612000465393066,14.312000274658203,14.489999771118164,37893000.0,TSLA,,,,,,,,,,
2015-11-24,14.550000190734863,14.733332633972168,14.333333015441895,14.357999801635742,37204500.0,TSLA,,,,,,,,,,
2015-11-25,15.309332847595215,15.388667106628418,14.692000389099121,14.755999565124512,59862000.0,TSLA,,,,,,,,,,
2015-11-27,15.440667152404785,15.483332633972168,15.133999824523926,15.404000282287598,29241000.0,TSLA,,,,,,,,,,
2015-11-30,15.350666999816895,15.618666648864746,15.272000312805176,15.452667236328125,39897000.0,TSLA,,,,,,,,,,
2015-12-01,15.812666893005371,15.866666793823242,15.403332710266113,15.404000282287598,56010000.0,TSLA,,,,,,,,,,
2015-12-02,15.465999603271484,15.90666675567627,15.415332794189453,15.800000190734863,44722500.0,TSLA,,,,,,,,,,
2015-12-03,15.513999938964844,15.829999923706055,15.333333015441895,15.6986665725708,44094000.0,TSLA,,,,,,,,,,
2015-12-04,15.358667373657227,15.5513334274292,15.177332878112793,15.497332572937012,38604000.0,TSLA,,,,,,,,,,
2015-12-07,15.408666610717773,15.708666801452637,15.076666831970215,15.180000305175781,47163000.0,TSLA,,,,,,,,,,
2015-12-08,15.114666938781738,15.25333309173584,14.946666717529297,15.168000221252441,40314000.0,TSLA,,,,,,,,,,
2015-12-09,14.968000411987305,15.166666984558105,14.714667320251465,15.113332748413086,45867000.0,TSLA,,,,,,,,,,
2015-12-10,15.137999534606934,15.232666969299316,14.909333229064941,14.980667114257812,31075500.0,TSLA,,,,,,,,,,
2015-12-11,14.468000411987305,15.050000190734863,14.442667007446289,15.015999794006348,49030500.0,TSLA,,,,,,,,,,
2015-12-14,14.571999549865723,14.727999687194824,14.324666976928711,14.500666618347168,42406500.0,TSLA,,,,,,,,,,
2015-12-15,14.739333152770996,14.814666748046875,14.533332824707031,14.788000106811523,33666000.0,TSLA,,,,,,,,,,
2015-12-16,15.633999824523926,15.658666610717773,14.715332984924316,14.80666732788086,76564500.0,TSLA,,,,,,,,,,
2015-12-17,15.559332847595215,15.850666999816895,15.320667266845703,15.595999717712402,49479000.0,TSLA,,,,,,,,,,
2015-12-18,15.36400032043457,15.726667404174805,15.28600025177002,15.526000022888184,45213000.0,TSLA,,,,,,,,,,
2015-12-21,15.503999710083008,15.722000122070312,15.405332565307617,15.446000099182129,29298000.0,TSLA,,,,,,,,,,
2015-12-22,15.329999923706055,15.770000457763672,15.308667182922363,15.666000366210938,29422500.0,TSLA,,,,,,,,,,
2015-12-23,15.313332557678223,15.563332557678223,15.208666801452637,15.478667259216309,23325000.0,TSLA,,,,,,,,,,
2015-12-24,15.371333122253418,15.458666801452637,15.218667030334473,15.370667457580566,10620000.0,TSLA,,,,,,,,,,
2015-12-28,15.263333320617676,15.465332984924316,15.03600025177002,15.432666778564453,28519500.0,TSLA,,,,,,,,,,
2015-12-29,15.812666893005371,15.847999572753906,15.303333282470703,15.337332725524902,36094500.0,TSLA,,,,,,,,,,
2015-12-30,15.87266731262207,16.242000579833984,15.711333274841309,15.773332595825195,55468500.0,TSLA,,,,,,,,,,
2015-12-31,16.000667572021484,16.229999542236328,15.891332626342773,15.900667190551758,40725000.0,TSLA,,,,,,,,,,
2016-01-04,14.894000053405762,15.425333023071289,14.600000381469727,15.381333351135254,102406500.0,TSLA,,,,,,,,,,
2016-01-05,14.895333290100098,15.12600040435791,14.666666984558105,15.090666770935059,47802000.0,TSLA,,,,,,,,,,
2016-01-06,14.602666854858398,14.670000076293945,14.398667335510254,14.666666984558105,56686500.0,TSLA,,,,,,,,,,
2016-01-07,14.376667022705078,14.562666893005371,14.244667053222656,14.279333114624023,53314500.0,TSLA,,,,,,,,,,
2016-01-08,14.066666603088379,14.696000099182129,14.0513334274292,14.52400016784668,54421500.0,TSLA,,,,,,,,,,
2016-01-11,13.856666564941406,14.296667098999023,13.533332824707031,14.267333030700684,61371000.0,TSLA,,,,,,,,,,
2016-01-12,13.998000144958496,14.249333381652832,13.687333106994629,14.106666564941406,46378500.0,TSLA,,,,,,,,,,
2016-01-13,13.354000091552734,14.176667213439941,13.333333015441895,14.133999824523926,61896000.0,TSLA,,,,,,,,,,
2016-01-14,13.745332717895508,14.0,12.892000198364258,13.480667114257812,97360500.0,TSLA,,,,,,,,,,
2016-01-15,13.666000366210938,13.671333312988281,13.149999618530273,13.264666557312012,83679000.0,TSLA,,,,,,,,,,
2016-01-19,13.64799976348877,14.031332969665527,13.385333061218262,13.913999557495117,60580500.0,TSLA,,,,,,,,,,
2016-01-20,13.24666690826416,13.41866683959961,12.75,13.293333053588867,87579000.0,TSLA,,,,,,,,,,
2016-01-21,13.33133316040039,13.548666954040527,13.001333236694336,13.436667442321777,47493000.0,TSLA,,,,,,,,,,
2016-01-22,13.50333309173584,13.699999809265137,13.268667221069336,13.653332710266113,46861500.0,TSLA,,,,,,,,,,
2016-01-25,13.092000007629395,13.571332931518555,13.058667182922363,13.337332725524902,40480500.0,TSLA,,,,,,,,,,
2016-01-26,12.904000282287598,13.187999725341797,12.592000007629395,13.113332748413086,74463000.0,TSLA,,,,,,,,,,
2016-01-27,12.538000106811523,12.883999824523926,12.38466739654541,12.825332641601562,54258000.0,TSLA,,,,,,,,,,
2016-01-28,12.646666526794434,12.751999855041504,12.160667419433594,12.719332695007324,68892000.0,TSLA,,,,,,,,,,
2016-01-29,12.74666690826416,12.916000366210938,12.538666725158691,12.66333293914795,42784500.0,TSLA,,,,,,,,,,
2016-02-01,13.129332542419434,13.3013334274292,12.183333396911621,12.583999633789062,79464000.0,TSLA,,,,,,,,,,
2016-02-02,12.185333251953125,12.874667167663574,12.01533317565918,12.82800006866455,86604000.0,TSLA,,,,,,,,,,
2016-02-03,11.565333366394043,12.262666702270508,11.345333099365234,12.239333152770996,118971000.0,TSLA,,,,,,,,,,
2016-02-04,11.688667297363281,11.732000350952148,11.13266658782959,11.380000114440918,65781000.0,TSLA,,,,,,,,,,
2016-02-05,10.84000015258789,11.533332824707031,10.515999794006348,11.420000076293945,141564000.0,TSLA,,,,,,,,,,
2016-02-08,9.866000175476074,10.476667404174805,9.733332633972168,10.473333358764648,139695000.0,TSLA,,,,,,,,,,
2016-02-09,9.883333206176758,10.652667045593262,9.403332710266113,9.48799991607666,129774000.0,TSLA,,,,,,,,,,
2016-02-10,9.57800006866455,10.33133316040039,9.449333190917969,10.033332824707031,156097500.0,TSLA,,,,,,,,,,
2016-02-11,10.031332969665527,10.883999824523926,9.800000190734863,10.133333206176758,213786000.0,TSLA,,,,,,,,,,
2016-02-12,10.06933307647705,10.46733283996582,9.579999923706055,10.333333015441895,108537000.0,TSLA,,,,,,,,,,
2016-02-16,10.344667434692383,10.863332748413086,10.27400016784668,10.579999923706055,83907000.0,TSLA,,,,,,,,,,
2016-02-17,11.245332717895508,11.28933334350586,10.445332527160645,10.600000381469727,87378000.0,TSLA,,,,,,,,,,
2016-02-18,11.118000030517578,11.529999732971191,10.98466682434082,11.494667053222656,58314000.0,TSLA,,,,,,,,,,
2016-02-19,11.10533332824707,11.166000366210938,10.833333015441895,10.910667419433594,44391000.0,TSLA,,,,,,,,,,
2016-02-22,11.849332809448242,11.927332878112793,11.323332786560059,11.341333389282227,75901500.0,TSLA,,,,,,,,,,
2016-02-23,11.814000129699707,12.11533260345459,11.578666687011719,11.744000434875488,89766000.0,TSLA,,,,,,,,,,
2016-02-24,11.933333396911621,11.966667175292969,11.189332962036133,11.516667366027832,80934000.0,TSLA,,,,,,,,,,
2016-02-25,12.495332717895508,12.567999839782715,11.680000305175781,11.90999984741211,86260500.0,TSLA,,,,,,,,,,
2016-02-26,12.689332962036133,12.800000190734863,12.333333015441895,12.579999923706055,90976500.0,TSLA,,,,,,,,,,
2016-02-29,12.795332908630371,13.09000015258789,12.614666938781738,12.826666831970215,67485000.0,TSLA,,,,,,,,,,
2016-03-01,12.423333168029785,13.063332557678223,12.180000305175781,12.949999809265137,100683000.0,TSLA,,,,,,,,,,
2016-03-02,12.555999755859375,12.567999839782715,12.100000381469727,12.248666763305664,72936000.0,TSLA,,,,,,,,,,
2016-03-03,13.049332618713379,13.161333084106445,12.281332969665527,12.552000045776367,72435000.0,TSLA,,,,,,,,,,
2016-03-04,13.402667045593262,13.60200023651123,13.166666984558105,13.199999809265137,97336500.0,TSLA,,,,,,,,,,
2016-03-07,13.685999870300293,13.979999542236328,13.15999984741211,13.178667068481445,79941000.0,TSLA,,,,,,,,,,
2016-03-08,13.506667137145996,13.833333015441895,13.479999542236328,13.566666603088379,62680500.0,TSLA,,,,,,,,,,
2016-03-09,13.914667129516602,13.958000183105469,13.519332885742188,13.63466739654541,48129000.0,TSLA,,,,,,,,,,
2016-03-10,13.678667068481445,14.219332695007324,13.378000259399414,14.0,77887500.0,TSLA,,,,,,,,,,
2016-03-11,13.833333015441895,13.961333274841309,13.688667297363281,13.862000465393066,50146500.0,TSLA,,,,,,,,,,
2016-03-14,14.34333324432373,14.447999954223633,14.042667388916016,14.176667213439941,60985500.0,TSLA,,,,,,,,,,
2016-03-15,14.555999755859375,14.597999572753906,14.100000381469727,14.284667015075684,47707500.0,TSLA,,,,,,,,,,
2016-03-16,14.795332908630371,14.838666915893555,14.468000411987305,14.533332824707031,52750500.0,TSLA,,,,,,,,,,
2016-03-17,15.092000007629395,15.233332633972168,14.666666984558105,14.764666557312012,56743500.0,TSLA,,,,,,,,,,
2016-03-18,15.515999794006348,15.631999969482422,15.204000473022461,15.273332595825195,70677000.0,TSLA,,,,,,,,,,
2016-03-21,15.887999534606934,15.991999626159668,15.666666984558105,15.689332962036133,79617000.0,TSLA,,,,,,,,,,
2016-03-22,15.616000175476074,15.932666778564453,15.503999710083008,15.814000129699707,64740000.0,TSLA,,,,,,,,,,
2016-03-23,14.838666915893555,15.648667335510254,14.802000045776367,15.4913330078125,74232000.0,TSLA,,,,,,,,,,
2016-03-24,15.183333396911621,15.259332656860352,14.333333015441895,14.385333061218262,74413500.0,TSLA,,,,,,,,,,
2016-03-28,15.350666999816895,15.654000282287598,15.0,15.440667152404785,58885500.0,TSLA,,,,,,,,,,
2016-03-29,15.342000007629395,15.491999626159668,15.022000312805176,15.326000213623047,60214500.0,TSLA,,,,,,,,,,
2016-03-30,15.12600040435791,15.699999809265137,15.100000381469727,15.672666549682617,60495000.0,TSLA,,,,,,,,,,
2016-03-31,15.317999839782715,15.82800006866455,15.000666618347168,15.28933334350586,120193500.0,TSLA,,,,,,,,,,
2016-04-01,15.839332580566406,16.52666664123535,15.550000190734863,16.32200050354004,239962500.0,TSLA,,,,,,,,,,
2016-04-04,16.465999603271484,16.808000564575195,16.242666244506836,16.607999801635742,202129500.0,TSLA,,,,,,,,,,
2016-04-05,17.031333923339844,17.104000091552734,16.0,16.03333282470703,149230500.0,TSLA,,,,,,,,,,
2016-04-06,17.69466781616211,17.849332809448242,16.89666748046875,16.931333541870117,175582500.0,TSLA,,,,,,,,,,
2016-04-07,17.14666748046875,17.95599937438965,16.96733283996582,17.76333236694336,132843000.0,TSLA,,,,,,,,,,
2016-04-08,16.67133331298828,17.38800048828125,16.534666061401367,17.366666793823242,110458500.0,TSLA,,,,,,,,,,
2016-04-11,16.661333084106445,17.266000747680664,16.35333251953125,16.733333587646484,137425500.0,TSLA,,,,,,,,,,
2016-04-12,16.521333694458008,16.786666870117188,16.242000579833984,16.633333206176758,86448000.0,TSLA,,,,,,,,,,
2016-04-13,16.968666076660156,17.03333282470703,16.488666534423828,16.567333221435547,73884000.0,TSLA,,,,,,,,,,
2016-04-14,16.790666580200195,17.12266731262207,16.73666763305664,16.866666793823242,61983000.0,TSLA,,,,,,,,,,
2016-04-15,16.96733283996582,16.97333335876465,16.607999801635742,16.753999710083008,56286000.0,TSLA,,,,,,,,,,
2016-04-18,16.92533302307129,17.220666885375977,16.777332305908203,16.815332412719727,64071000.0,TSLA,,,,,,,,,,
2016-04-19,16.4913330078125,16.95800018310547,16.083332061767578,16.874666213989258,95362500.0,TSLA,,,,,,,,,,
2016-04-20,16.6646671295166,16.910667419433594,16.100000381469727,16.417333602905273,77911500.0,TSLA,,,,,,,,,,
2016-04-21,16.55266761779785,16.726667404174805,16.46066665649414,16.599332809448242,41746500.0,TSLA,,,,,,,,,,
2016-04-22,16.916667938232422,16.933332443237305,16.380666732788086,16.592666625976562,56794500.0,TSLA,,,,,,,,,,
2016-04-25,16.788000106811523,17.158666610717773,16.71733283996582,16.867332458496094,55054500.0,TSLA,,,,,,,,,,
2016-04-26,16.916000366210938,17.048667907714844,16.625999450683594,16.803333282470703,48357000.0,TSLA,,,,,,,,,,
2016-04-27,16.764667510986328,17.0,16.626667022705078,16.850000381469727,48087000.0,TSLA,,,,,,,,,,
2016-04-28,16.513999938964844,16.89533233642578,16.496000289916992,16.656667709350586,37785000.0,TSLA,,,,,,,,,,
2016-04-29,16.05066680908203,16.562000274658203,15.854000091552734,16.542667388916016,81207000.0,TSLA,,,,,,,,,,
2016-05-02,16.1200008392334,16.21266746520996,15.654666900634766,16.100000381469727,57658500.0,TSLA,,,,,,,,,,
2016-05-03,15.48799991607666,15.927332878112793,15.441332817077637,15.824000358581543,64533000.0,TSLA,,,,,,,,,,
2016-05-04,14.837332725524902,15.630666732788086,14.69333267211914,15.352666854858398,130507500.0,TSLA,,,,,,,,,,
2016-05-05,14.10200023651123,15.242667198181152,13.986000061035156,15.230667114257812,168822000.0,TSLA,,,,,,,,,,
2016-05-06,14.328666687011719,14.424667358398438,13.87399959564209,14.057999610900879,85278000.0,TSLA,,,,,,,,,,
2016-05-09,13.928000450134277,14.40999984741211,13.786666870117188,14.381333351135254,71646000.0,TSLA,,,,,,,,,,
2016-05-10,13.912667274475098,13.964667320251465,13.666666984558105,13.83666706085205,61059000.0,TSLA,,,,,,,,,,
2016-05-11,13.93066692352295,14.36533260345459,13.736666679382324,13.839332580566406,77428500.0,TSLA,,,,,,,,,,
2016-05-12,13.8186674118042,14.111332893371582,13.577333450317383,14.095999717712402,54757500.0,TSLA,,,,,,,,,,
2016-05-13,13.840666770935059,14.079999923706055,13.779999732971191,13.85200023651123,42342000.0,TSLA,,,,,,,,,,
2016-05-16,13.88599967956543,14.210000038146973,13.861332893371582,13.876667022705078,44241000.0,TSLA,,,,,,,,,,
2016-05-17,13.644000053405762,13.98799991607666,13.601332664489746,13.936667442321777,42654000.0,TSLA,,,,,,,,,,
2016-05-18,14.07800006866455,14.354000091552734,13.850000381469727,13.94333267211914,84262500.0,TSLA,,,,,,,,,,
2016-05-19,14.347332954406738,14.452667236328125,13.819999694824219,14.2413330078125,102994500.0,TSLA,,,,,,,,,,
2016-05-20,14.685333251953125,14.703332901000977,14.423333168029785,14.465999603271484,135106500.0,TSLA,,,,,,,,,,
2016-05-23,14.414667129516602,14.84000015258789,14.390666961669922,14.657999992370605,76537500.0,TSLA,,,,,,,,,,
2016-05-24,14.52733325958252,14.582667350769043,14.345333099365234,14.4399995803833,45207000.0,TSLA,,,,,,,,,,
2016-05-25,14.638667106628418,14.757332801818848,14.434000015258789,14.52733325958252,46902000.0,TSLA,,,,,,,,,,
2016-05-26,15.008000373840332,15.017333030700684,14.603333473205566,14.699999809265137,61086000.0,TSLA,,,,,,,,,,
2016-05-27,14.869333267211914,15.062000274658203,14.716667175292969,14.999333381652832,54754500.0,TSLA,,,,,,,,,,
2016-05-31,14.881999969482422,14.983332633972168,14.766667366027832,14.869333267211914,41835000.0,TSLA,,,,,,,,,,
2016-06-01,14.637332916259766,14.826666831970215,14.459333419799805,14.76533317565918,44740500.0,TSLA,,,,,,,,,,
2016-06-02,14.597332954406738,14.660667419433594,14.473999977111816,14.63933277130127,30492000.0,TSLA,,,,,,,,,,
2016-06-03,14.599332809448242,14.795999526977539,14.534000396728516,14.666666984558105,33435000.0,TSLA,,,,,,,,,,
2016-06-06,14.711999893188477,14.726667404174805,14.363332748413086,14.533332824707031,33742500.0,TSLA,,,,,,,,,,
2016-06-07,15.489333152770996,15.629332542419434,14.767999649047852,14.815999984741211,93204000.0,TSLA,,,,,,,,,,
2016-06-08,15.701333045959473,16.05666732788086,15.507332801818848,15.58666706085205,89580000.0,TSLA,,,,,,,,,,
2016-06-09,15.290666580200195,15.688667297363281,15.137332916259766,15.665332794189453,67381500.0,TSLA,,,,,,,,,,
2016-06-10,14.586000442504883,15.197999954223633,14.561332702636719,15.159333229064941,90399000.0,TSLA,,,,,,,,,,
2016-06-13,14.524666786193848,15.0513334274292,14.510666847229004,14.633333206176758,62895000.0,TSLA,,,,,,,,,,
2016-06-14,14.330666542053223,14.813332557678223,14.16866683959961,14.592000007629395,53703000.0,TSLA,,,,,,,,,,
2016-06-15,14.513333320617676,14.793333053588867,14.342000007629395,14.463333129882812,43627500.0,TSLA,,,,,,,,,,
2016-06-16,14.528667449951172,14.53600025177002,14.233332633972168,14.494667053222656,36604500.0,TSLA,,,,,,,,,,
2016-06-17,14.364666938781738,14.666000366210938,14.300000190734863,14.52066707611084,46689000.0,TSLA,,,,,,,,,,
2016-06-20,14.646666526794434,14.916666984558105,14.548666954040527,14.633333206176758,53332500.0,TSLA,,,,,,,,,,
2016-06-21,14.640666961669922,14.838000297546387,14.587332725524902,14.711999893188477,67935000.0,TSLA,,,,,,,,,,
2016-06-22,13.11066722869873,13.729999542236328,13.050000190734863,13.29800033569336,356136000.0,TSLA,,,,,,,,,,
2016-06-23,13.09333324432373,13.170000076293945,12.808667182922363,13.045999526977539,151960500.0,TSLA,,,,,,,,,,
2016-06-24,12.876667022705078,13.008000373840332,12.648667335510254,12.670000076293945,105397500.0,TSLA,,,,,,,,,,
2016-06-27,13.236666679382324,13.253999710083008,12.524666786193848,12.723999977111816,108081000.0,TSLA,,,,,,,,,,
2016-06-28,13.452667236328125,13.603333473205566,13.293999671936035,13.459333419799805,93186000.0,TSLA,,,,,,,,,,
2016-06-29,14.012666702270508,14.118666648864746,13.533332824707031,13.675333023071289,89923500.0,TSLA,,,,,,,,,,
2016-06-30,14.152000427246094,14.233332633972168,13.934666633605957,14.197999954223633,72646500.0,TSLA,,,,,,,,,,
2016-07-01,14.433333396911621,14.549332618713379,13.733332633972168,13.742667198181152,81000000.0,TSLA,,,,,,,,,,
2016-07-05,14.26533317565918,14.302666664123535,13.866666793823242,13.982000350952148,77629500.0,TSLA,,,,,,,,,,
2016-07-06,14.295999526977539,14.34866714477539,13.933333396911621,14.0,73798500.0,TSLA,,,,,,,,,,
2016-07-07,14.395999908447266,14.541333198547363,14.200667381286621,14.206666946411133,54180000.0,TSLA,,,,,,,,,,
2016-07-08,14.45199966430664,14.654000282287598,14.300000190734863,14.520000457763672,61122000.0,TSLA,,,,,,,,,,
2016-07-11,14.985333442687988,15.118666648864746,14.633999824523926,14.663999557495117,81447000.0,TSLA,,,,,,,,,,
2016-07-12,14.976667404174805,15.166666984558105,14.881333351135254,14.9399995803833,68569500.0,TSLA,,,,,,,,,,
2016-07-13,14.835332870483398,15.03933334350586,14.685999870300293,15.033332824707031,53506500.0,TSLA,,,,,,,,,,
2016-07-14,14.768667221069336,14.996000289916992,14.736666679382324,14.874667167663574,40137000.0,TSLA,,,,,,,,,,
2016-07-15,14.69333267211914,14.850000381469727,14.642666816711426,14.834667205810547,33513000.0,TSLA,,,,,,,,,,
2016-07-18,15.083333015441895,15.13933277130127,14.553333282470703,14.642666816711426,51181500.0,TSLA,,,,,,,,,,
2016-07-19,15.017333030700684,15.273332595825195,14.983332633972168,15.0,46726500.0,TSLA,,,,,,,,,,
2016-07-20,15.223999977111816,15.319999694824219,15.0,15.097999572753906,38527500.0,TSLA,,,,,,,,,,
2016-07-21,14.699999809265137,15.1899995803833,14.606666564941406,15.066666603088379,66430500.0,TSLA,,,,,,,,,,
2016-07-22,14.817999839782715,14.966667175292969,14.592000007629395,14.799332618713379,38695500.0,TSLA,,,,,,,,,,
2016-07-25,15.333999633789062,15.425999641418457,14.758000373840332,14.817999839782715,67360500.0,TSLA,,,,,,,,,,
2016-07-26,15.300666809082031,15.333333015441895,15.020000457763672,15.179332733154297,51450000.0,TSLA,,,,,,,,,,
2016-07-27,15.232666969299316,15.557332992553711,15.128000259399414,15.28933334350586,43335000.0,TSLA,,,,,,,,,,
2016-07-28,15.37399959564209,15.383999824523926,15.106666564941406,15.196666717529297,36286500.0,TSLA,,,,,,,,,,
2016-07-29,15.652667045593262,15.685333251953125,15.349332809448242,15.380000114440918,46062000.0,TSLA,,,,,,,,,,
2016-08-01,15.333999633789062,15.775333404541016,15.291999816894531,15.699999809265137,60244500.0,TSLA,,,,,,,,,,
2016-08-02,15.146666526794434,15.324666976928711,14.760000228881836,15.291333198547363,59016000.0,TSLA,,,,,,,,,,
2016-08-03,15.052666664123535,15.313332557678223,14.947333335876465,15.157999992370605,58317000.0,TSLA,,,,,,,,,,
2016-08-04,15.37399959564209,15.390666961669922,14.803333282470703,15.045999526977539,62205000.0,TSLA,,,,,,,,,,
2016-08-05,15.335332870483398,15.466667175292969,15.15999984741211,15.333333015441895,48078000.0,TSLA,,,,,,,,,,
2016-08-08,15.077333450317383,15.30666732788086,15.072667121887207,15.199999809265137,33954000.0,TSLA,,,,,,,,,,
2016-08-09,15.272000312805176,15.435999870300293,15.109999656677246,15.121333122253418,33117000.0,TSLA,,,,,,,,,,
2016-08-10,15.043333053588867,15.324666976928711,14.974666595458984,15.215999603271484,35074500.0,TSLA,,,,,,,,,,
2016-08-11,14.994000434875488,15.171333312988281,14.894000053405762,15.07800006866455,28213500.0,TSLA,,,,,,,,,,
2016-08-12,15.040666580200195,15.109999656677246,14.935999870300293,15.02733325958252,27202500.0,TSLA,,,,,,,,,,
2016-08-15,15.03933334350586,15.300000190734863,14.995332717895508,15.067999839782715,30514500.0,TSLA,,,,,,,,,,
2016-08-16,14.907333374023438,15.145999908447266,14.894000053405762,15.03266716003418,34006500.0,TSLA,,,,,,,,,,
2016-08-17,14.88266658782959,14.988666534423828,14.853333473205566,14.95533275604248,26806500.0,TSLA,,,,,,,,,,
2016-08-18,14.900667190551758,15.043999671936035,14.81933307647705,14.921333312988281,25717500.0,TSLA,,,,,,,,,,
2016-08-19,15.0,15.011333465576172,14.835332870483398,14.902667045593262,24892500.0,TSLA,,,,,,,,,,
2016-08-22,14.862000465393066,15.007332801818848,14.845333099365234,14.944666862487793,30982500.0,TSLA,,,,,,,,,,
2016-08-23,14.989333152770996,15.232666969299316,14.853333473205566,14.954667091369629,71766000.0,TSLA,,,,,,,,,,
2016-08-24,14.841333389282227,15.143333435058594,14.814666748046875,15.136667251586914,38560500.0,TSLA,,,,,,,,,,
2016-08-25,14.730667114257812,14.920000076293945,14.718000411987305,14.87399959564209,26437500.0,TSLA,,,,,,,,,,
2016-08-26,14.666000366210938,14.857333183288574,14.588000297546387,14.809332847595215,33585000.0,TSLA,,,,,,,,,,
2016-08-29,14.346667289733887,14.69333267211914,14.333333015441895,14.676667213439941,48994500.0,TSLA,,,,,,,,,,
2016-08-30,14.089332580566406,14.407333374023438,14.034667015075684,14.407333374023438,47533500.0,TSLA,,,,,,,,,,
2016-08-31,14.133999824523926,14.173333168029785,13.90999984741211,14.028667449951172,49147500.0,TSLA,,,,,,,,,,
2016-09-01,13.38466739654541,14.073332786560059,13.366666793823242,13.934000015258789,119146500.0,TSLA,,,,,,,,,,
2016-09-02,13.185333251953125,13.546667098999023,13.079999923706055,13.488666534423828,89661000.0,TSLA,,,,,,,,,,
2016-09-06,13.522000312805176,13.550000190734863,13.266667366027832,13.267999649047852,65859000.0,TSLA,,,,,,,,,,
2016-09-07,13.447333335876465,13.766667366027832,13.380666732788086,13.699999809265137,54613500.0,TSLA,,,,,,,,,,
2016-09-08,13.157333374023438,13.326000213623047,13.090666770935059,13.303333282470703,50668500.0,TSLA,,,,,,,,,,
2016-09-09,12.964667320251465,13.32800006866455,12.91333293914795,13.272666931152344,56355000.0,TSLA,,,,,,,,,,
2016-09-12,13.220000267028809,13.424667358398438,12.9399995803833,13.0,55728000.0,TSLA,,,,,,,,,,
2016-09-13,13.069999694824219,13.232666969299316,12.896666526794434,13.137332916259766,53841000.0,TSLA,,,,,,,,,,
2016-09-14,13.093999862670898,13.194666862487793,12.990667343139648,13.050000190734863,33817500.0,TSLA,,,,,,,,,,
2016-09-15,13.361332893371582,13.501333236694336,13.09333324432373,13.099332809448242,46158000.0,TSLA,,,,,,,,,,
2016-09-16,13.69333267211914,13.713333129882812,13.266667366027832,13.361332893371582,46617000.0,TSLA,,,,,,,,,,
2016-09-19,13.755999565124512,13.961999893188477,13.666666984558105,13.800000190734863,34492500.0,TSLA,,,,,,,,,,
2016-09-20,13.642666816711426,13.850000381469727,13.593999862670898,13.789999961853027,36157500.0,TSLA,,,,,,,,,,
2016-09-21,13.6813325881958,13.800000190734863,13.437333106994629,13.758000373840332,39502500.0,TSLA,,,,,,,,,,
2016-09-22,13.76200008392334,13.8186674118042,13.533332824707031,13.760000228881836,35743500.0,TSLA,,,,,,,,,,
2016-09-23,13.829999923706055,14.01200008392334,13.711333274841309,13.732666969299316,43578000.0,TSLA,,,,,,,,,,
2016-09-26,13.932666778564453,14.066666603088379,13.766667366027832,13.766667366027832,35916000.0,TSLA,,,,,,,,,,
2016-09-27,13.720666885375977,13.998666763305664,13.640666961669922,13.976667404174805,50598000.0,TSLA,,,,,,,,,,
2016-09-28,13.751333236694336,13.883333206176758,13.684000015258789,13.833999633789062,31326000.0,TSLA,,,,,,,,,,
2016-09-29,13.380000114440918,13.821999549865723,13.371999740600586,13.706666946411133,40905000.0,TSLA,,,,,,,,,,
2016-09-30,13.60200023651123,13.665332794189453,13.303333282470703,13.480667114257812,38794500.0,TSLA,,,,,,,,,,
2016-10-03,14.24666690826416,14.378000259399414,13.883333206176758,14.153332710266113,89998500.0,TSLA,,,,,,,,,,
2016-10-04,14.093999862670898,14.221332550048828,13.921333312988281,14.206666946411133,53122500.0,TSLA,,,,,,,,,,
2016-10-05,13.897333145141602,14.210000038146973,13.874667167663574,14.149333000183105,28162500.0,TSLA,,,,,,,,,,
2016-10-06,13.399999618530273,13.61400032043457,13.347332954406738,13.497332572937012,70551000.0,TSLA,,,,,,,,,,
2016-10-07,13.107333183288574,13.421333312988281,13.053333282470703,13.399999618530273,52395000.0,TSLA,,,,,,,,,,
2016-10-10,13.396666526794434,13.609333038330078,13.310667037963867,13.423333168029785,49744500.0,TSLA,,,,,,,,,,
2016-10-11,13.34000015258789,13.479999542236328,13.220666885375977,13.456666946411133,34926000.0,TSLA,,,,,,,,,,
2016-10-12,13.434000015258789,13.592000007629395,13.361332893371582,13.396666526794434,29560500.0,TSLA,,,,,,,,,,
2016-10-13,13.349332809448242,13.393333435058594,13.136667251586914,13.366666793823242,37419000.0,TSLA,,,,,,,,,,
2016-10-14,13.100666999816895,13.428667068481445,13.08666706085205,13.37733268737793,64048500.0,TSLA,,,,,,,,,,
2016-10-17,12.93066692352295,13.22599983215332,12.800000190734863,13.136667251586914,68311500.0,TSLA,,,,,,,,,,
2016-10-18,13.273332595825195,13.29800033569336,12.883999824523926,13.065999984741211,85207500.0,TSLA,,,,,,,,,,
2016-10-19,13.570667266845703,13.77733325958252,13.204000473022461,13.315999984741211,104868000.0,TSLA,,,,,,,,,,
2016-10-20,13.273332595825195,13.533332824707031,13.136667251586914,13.474666595458984,76093500.0,TSLA,,,,,,,,,,
2016-10-21,13.339332580566406,13.437999725341797,13.160667419433594,13.239999771118164,44151000.0,TSLA,,,,,,,,,,
2016-10-24,13.517333030700684,13.596667289733887,13.350000381469727,13.399999618530273,41274000.0,TSLA,,,,,,,,,,
2016-10-25,13.489333152770996,13.645999908447266,13.41333293914795,13.526666641235352,36675000.0,TSLA,,,,,,,,,,
2016-10-26,13.482666969299316,13.545999526977539,13.34000015258789,13.399999618530273,84492000.0,TSLA,,,,,,,,,,
2016-10-27,13.600666999816895,14.24666690826416,13.44333267211914,14.089332580566406,196405500.0,TSLA,,,,,,,,,,
2016-10-28,13.33133316040039,13.687999725341797,13.321999549865723,13.600000381469727,64201500.0,TSLA,,,,,,,,,,
2016-10-31,13.182000160217285,13.499333381652832,13.053999900817871,13.499333381652832,70384500.0,TSLA,,,,,,,,,,
2016-11-01,12.719332695007324,13.233332633972168,12.540666580200195,13.202667236328125,105900000.0,TSLA,,,,,,,,,,
2016-11-02,12.534667015075684,12.846667289733887,12.500666618347168,12.670000076293945,63801000.0,TSLA,,,,,,,,,,
2016-11-03,12.494667053222656,12.764666557312012,12.469332695007324,12.600000381469727,39795000.0,TSLA,,,,,,,,,,
2016-11-04,12.704000473022461,12.897333145141602,12.397333145141602,12.600000381469727,77190000.0,TSLA,,,,,,,,,,
2016-11-07,12.880666732788086,12.952667236328125,12.670000076293945,12.906000137329102,58051500.0,TSLA,,,,,,,,,,
2016-11-08,12.996000289916992,13.166000366210938,12.750666618347168,12.919333457946777,49014000.0,TSLA,,,,,,,,,,
2016-11-09,12.670666694641113,12.800000190734863,12.263333320617676,12.458666801452637,122596500.0,TSLA,,,,,,,,,,
2016-11-10,12.356666564941406,12.77400016784668,12.027999877929688,12.736666679382324,101254500.0,TSLA,,,,,,,,,,
2016-11-11,12.570667266845703,12.592000007629395,12.199999809265137,12.28266716003418,59827500.0,TSLA,,,,,,,,,,
2016-11-14,12.096667289733887,12.550000190734863,11.879332542419434,12.533332824707031,98283000.0,TSLA,,,,,,,,,,
2016-11-15,12.251333236694336,12.428667068481445,12.136667251586914,12.185333251953125,58530000.0,TSLA,,,,,,,,,,
2016-11-16,12.26200008392334,12.315333366394043,12.080666542053223,12.176667213439941,51516000.0,TSLA,,,,,,,,,,
2016-11-17,12.577333450317383,12.63266658782959,12.140666961669922,12.232666969299316,73306500.0,TSLA,,,,,,,,,,
2016-11-18,12.334667205810547,12.866666793823242,12.333333015441895,12.710000038146973,78154500.0,TSLA,,,,,,,,,,
2016-11-21,12.3013334274292,12.592666625976562,12.293999671936035,12.336000442504883,65415000.0,TSLA,,,,,,,,,,
2016-11-22,12.744667053222656,12.764666557312012,12.247332572937012,12.38933277130127,84051000.0,TSLA,,,,,,,,,,
2016-11-23,12.87600040435791,13.042667388916016,12.600000381469727,12.707332611083984,73378500.0,TSLA,,,,,,,,,,
2016-11-25,13.109999656677246,13.149333000183105,12.909333229064941,12.909333229064941,35491500.0,TSLA,,,,,,,,,,
2016-11-28,13.074666976928711,13.289999961853027,12.970000267028809,13.031999588012695,67938000.0,TSLA,,,,,,,,,,
2016-11-29,12.637999534606934,13.11533260345459,12.633333206176758,13.037332534790039,66589500.0,TSLA,,,,,,,,,,
2016-11-30,12.626667022705078,12.792667388916016,12.5,12.733332633972168,53206500.0,TSLA,,,,,,,,,,
2016-12-01,12.125332832336426,12.5686674118042,12.066666603088379,12.550000190734863,76896000.0,TSLA,,,,,,,,,,
2016-12-02,12.097999572753906,12.325332641601562,12.0,12.192000389099121,60634500.0,TSLA,,,,,,,,,,
2016-12-05,12.453332901000977,12.592666625976562,12.167332649230957,12.167332649230957,61083000.0,TSLA,,,,,,,,,,
2016-12-06,12.390000343322754,12.438667297363281,12.178667068481445,12.368000030517578,50874000.0,TSLA,,,,,,,,,,
2016-12-07,12.876667022705078,12.893333435058594,12.333333015441895,12.40999984741211,81928500.0,TSLA,,,,,,,,,,
2016-12-08,12.81933307647705,12.833333015441895,12.63599967956543,12.803333282470703,47911500.0,TSLA,,,,,,,,,,
2016-12-09,12.812000274658203,12.922666549682617,12.720666885375977,12.724666595458984,40837500.0,TSLA,,,,,,,,,,
2016-12-12,12.828666687011719,12.961333274841309,12.745332717895508,12.853333473205566,36583500.0,TSLA,,,,,,,,,,
2016-12-13,13.210000038146973,13.41866683959961,12.866666793823242,12.878666877746582,102358500.0,TSLA,,,,,,,,,,
2016-12-14,13.246000289916992,13.533332824707031,13.11733341217041,13.249333381652832,62263500.0,TSLA,,,,,,,,,,
2016-12-15,13.17199993133545,13.38266658782959,13.159333229064941,13.227333068847656,48294000.0,TSLA,,,,,,,,,,
2016-12-16,13.499333381652832,13.505999565124512,13.173333168029785,13.20533275604248,56953500.0,TSLA,,,,,,,,,,
2016-12-19,13.51533317565918,13.630000114440918,13.322667121887207,13.499333381652832,52321500.0,TSLA,,,,,,,,,,
2016-12-20,13.919333457946777,13.933333396911621,13.5,13.536666870117188,70336500.0,TSLA,,,,,,,,,,
2016-12-21,13.846667289733887,14.148667335510254,13.827333450317383,13.896666526794434,78114000.0,TSLA,,,,,,,,,,
2016-12-22,13.896666526794434,13.999333381652832,13.766667366027832,13.881333351135254,46666500.0,TSLA,,,,,,,,,,
2016-12-23,14.22266674041748,14.229999542236328,13.847332954406738,13.866666793823242,70057500.0,TSLA,,,,,,,,,,
2016-12-27,14.635333061218262,14.816666603088379,14.29466724395752,14.325332641601562,88735500.0,TSLA,,,,,,,,,,
2016-12-28,14.649333000183105,14.920000076293945,14.479999542236328,14.768667221069336,56737500.0,TSLA,,,,,,,,,,
2016-12-29,14.312000274658203,14.613332748413086,14.274666786193848,14.570667266845703,60675000.0,TSLA,,,,,,,,,,
2016-12-30,14.246000289916992,14.5,14.112000465393066,14.420000076293945,69639000.0,TSLA,,,,,,,,,,
2017-01-03,14.465999603271484,14.688667297363281,14.064000129699707,14.324000358581543,88849500.0,TSLA,,,,,,,,,,
2017-01-04,15.13266658782959,15.199999809265137,14.287332534790039,14.316666603088379,168202500.0,TSLA,,,,,,,,,,
2017-01-05,15.116666793823242,15.165332794189453,14.796667098999023,15.094667434692383,88675500.0,TSLA,,,,,,,,,,
2017-01-06,15.267333030700684,15.354000091552734,15.029999732971191,15.128666877746582,82918500.0,TSLA,,,,,,,,,,
2017-01-09,15.41866683959961,15.461333274841309,15.199999809265137,15.264666557312012,59692500.0,TSLA,,,,,,,,,,
2017-01-10,15.324666976928711,15.466667175292969,15.12600040435791,15.466667175292969,54900000.0,TSLA,,,,,,,,,,
2017-01-11,15.315333366394043,15.331999778747559,15.112000465393066,15.271332740783691,54762000.0,TSLA,,,,,,,,,,
2017-01-12,15.305999755859375,15.380000114440918,15.038666725158691,15.27066707611084,56853000.0,TSLA,,,,,,,,,,
2017-01-13,15.850000381469727,15.856666564941406,15.305999755859375,15.333333015441895,91395000.0,TSLA,,,,,,,,,,
2017-01-17,15.70533275604248,15.997332572937012,15.624667167663574,15.779999732971191,69262500.0,TSLA,,,,,,,,,,
2017-01-18,15.890666961669922,15.980667114257812,15.70533275604248,15.776666641235352,56535000.0,TSLA,,,,,,,,,,
2017-01-19,16.250667572021484,16.57866668701172,16.049999237060547,16.483333587646484,115984500.0,TSLA,,,,,,,,,,
2017-01-20,16.315332412719727,16.399999618530273,16.200666427612305,16.36400032043457,63064500.0,TSLA,,,,,,,,,,
2017-01-23,16.594667434692383,16.72599983215332,16.366666793823242,16.389999389648438,93943500.0,TSLA,,,,,,,,,,
2017-01-24,16.974000930786133,16.98666763305664,16.643333435058594,16.666667938232422,74482500.0,TSLA,,,,,,,,,,
2017-01-25,16.96466636657715,17.230667114257812,16.786666870117188,17.15399932861328,77139000.0,TSLA,,,,,,,,,,
2017-01-26,16.833999633789062,17.049333572387695,16.71666717529297,16.952667236328125,47281500.0,TSLA,,,,,,,,,,
2017-01-27,16.863332748413086,16.866666793823242,16.56800079345703,16.7586669921875,47494500.0,TSLA,,,,,,,,,,
2017-01-30,16.708667755126953,17.019332885742188,16.47333335876465,16.8353328704834,57016500.0,TSLA,,,,,,,,,,
2017-01-31,16.795333862304688,17.05933380126953,16.51333236694336,16.615999221801758,61741500.0,TSLA,,,,,,,,,,
2017-02-01,16.615999221801758,16.8799991607666,16.60333251953125,16.8700008392334,59382000.0,TSLA,,,,,,,,,,
2017-02-02,16.770000457763672,16.827999114990234,16.513999938964844,16.555999755859375,37497000.0,TSLA,,,,,,,,,,
2017-02-03,16.755332946777344,16.812000274658203,16.64533233642578,16.79400062561035,32800500.0,TSLA,,,,,,,,,,
2017-02-06,17.184667587280273,17.187999725341797,16.708667755126953,16.733333587646484,53437500.0,TSLA,,,,,,,,,,
2017-02-07,17.165332794189453,17.333332061767578,17.094667434692383,17.21266746520996,63672000.0,TSLA,,,,,,,,,,
2017-02-08,17.472000122070312,17.55733299255371,17.079999923706055,17.156667709350586,58995000.0,TSLA,,,,,,,,,,
2017-02-09,17.946666717529297,18.07866668701172,17.74333381652832,17.75,117303000.0,TSLA,,,,,,,,,,
2017-02-10,17.948667526245117,18.06333351135254,17.74066734313965,17.986000061035156,54295500.0,TSLA,,,,,,,,,,
2017-02-13,18.706666946411133,18.71933364868164,18.034000396728516,18.049333572387695,105444000.0,TSLA,,,,,,,,,,
2017-02-14,18.73200035095215,19.159332275390625,18.573999404907227,18.601999282836914,110178000.0,TSLA,,,,,,,,,,
2017-02-15,18.650667190551758,18.81599998474121,18.429332733154297,18.666667938232422,74218500.0,TSLA,,,,,,,,,,
2017-02-16,17.93000030517578,18.666667938232422,17.899999618530273,18.50666618347168,106159500.0,TSLA,,,,,,,,,,
2017-02-17,18.148666381835938,18.19266700744629,17.610000610351562,17.719999313354492,93856500.0,TSLA,,,,,,,,,,
2017-02-21,18.492666244506836,18.760000228881836,18.267332077026367,18.363332748413086,85150500.0,TSLA,,,,,,,,,,
2017-02-22,18.233999252319336,18.89666748046875,18.17333221435547,18.687332153320312,131325000.0,TSLA,,,,,,,,,,
2017-02-23,17.06599998474121,17.643999099731445,17.03733253479004,17.600000381469727,223728000.0,TSLA,,,,,,,,,,
2017-02-24,17.133333206176758,17.21666717529297,16.68000030517578,16.8439998626709,122574000.0,TSLA,,,,,,,,,,
2017-02-27,16.415332794189453,16.55733299255371,16.134000778198242,16.544666290283203,171912000.0,TSLA,,,,,,,,,,
2017-02-28,16.666000366210938,16.733333587646484,16.260000228881836,16.279333114624023,91171500.0,TSLA,,,,,,,,,,
2017-03-01,16.667999267578125,16.989999771118164,16.607332229614258,16.94533348083496,72142500.0,TSLA,,,,,,,,,,
2017-03-02,16.698667526245117,16.885332107543945,16.551332473754883,16.6473331451416,50277000.0,TSLA,,,,,,,,,,
2017-03-03,16.771333694458008,16.793333053588867,16.600000381469727,16.715999603271484,43791000.0,TSLA,,,,,,,,,,
2017-03-06,16.747333526611328,16.780000686645508,16.500667572021484,16.527332305908203,50332500.0,TSLA,,,,,,,,,,
2017-03-07,16.57266616821289,16.926000595092773,16.55466651916504,16.794666290283203,51892500.0,TSLA,,,,,,,,,,
2017-03-08,16.45800018310547,16.67133331298828,16.35466766357422,16.46666717529297,55878000.0,TSLA,,,,,,,,,,
2017-03-09,16.32666778564453,16.577333450317383,16.200000762939453,16.5086669921875,58189500.0,TSLA,,,,,,,,,,
2017-03-10,16.246000289916992,16.433332443237305,16.200000762939453,16.413999557495117,45994500.0,TSLA,,,,,,,,,,
2017-03-13,16.411333084106445,16.456666946411133,16.185333251953125,16.321332931518555,45339000.0,TSLA,,,,,,,,,,
2017-03-14,17.200000762939453,17.20800018310547,16.40133285522461,16.407333374023438,113976000.0,TSLA,,,,,,,,,,
2017-03-15,17.048667907714844,17.399999618530273,16.951332092285156,17.133333206176758,79962000.0,TSLA,,,,,,,,,,
2017-03-16,17.469999313354492,17.71666717529297,17.270666122436523,17.49333381652832,106983000.0,TSLA,,,,,,,,,,
2017-03-17,17.433332443237305,17.68866729736328,17.413333892822266,17.600000381469727,97462500.0,TSLA,,,,,,,,,,
2017-03-20,17.461332321166992,17.636667251586914,17.254667282104492,17.373332977294922,54214500.0,TSLA,,,,,,,,,,
2017-03-21,16.711999893188477,17.65333366394043,16.682666778564453,17.52199935913086,103629000.0,TSLA,,,,,,,,,,
2017-03-22,17.000667572021484,17.004667282104492,16.700666427612305,16.770666122436523,60889500.0,TSLA,,,,,,,,,,
2017-03-23,16.985332489013672,17.17799949645996,16.886667251586914,17.025999069213867,49803000.0,TSLA,,,,,,,,,,
2017-03-24,17.54400062561035,17.592666625976562,17.000667572021484,17.046667098999023,84709500.0,TSLA,,,,,,,,,,
2017-03-27,18.014667510986328,18.038000106811523,17.316667556762695,17.373332977294922,93462000.0,TSLA,,,,,,,,,,
2017-03-28,18.496667861938477,18.711999893188477,18.333332061767578,18.468000411987305,119814000.0,TSLA,,,,,,,,,,
2017-03-29,18.492000579833984,18.639999389648438,18.369333267211914,18.555999755859375,55143000.0,TSLA,,,,,,,,,,
2017-03-30,18.527999877929688,18.799999237060547,18.480667114257812,18.535999298095703,62226000.0,TSLA,,,,,,,,,,
2017-03-31,18.553333282470703,18.64533233642578,18.42133331298828,18.582000732421875,49419000.0,TSLA,,,,,,,,,,
2017-04-03,19.90133285522461,19.933332443237305,18.972000122070312,19.126667022705078,208329000.0,TSLA,,,,,,,,,,
2017-04-04,20.246667861938477,20.320667266845703,19.635332107543945,19.792667388916016,152019000.0,TSLA,,,,,,,,,,
2017-04-05,19.666667938232422,20.325332641601562,19.613332748413086,20.13599967956543,118213500.0,TSLA,,,,,,,,,,
2017-04-06,19.913333892822266,20.12933349609375,19.606666564941406,19.79199981689453,82809000.0,TSLA,,,,,,,,,,
2017-04-07,20.16933250427246,20.179332733154297,19.809999465942383,19.833332061767578,68694000.0,TSLA,,,,,,,,,,
2017-04-10,20.826000213623047,20.915332794189453,20.58066749572754,20.610000610351562,114967500.0,TSLA,,,,,,,,,,
2017-04-11,20.58066749572754,20.898000717163086,20.366666793823242,20.892000198364258,85869000.0,TSLA,,,,,,,,,,
2017-04-12,19.78933334350586,20.56333351135254,19.754667282104492,20.422666549682617,90760500.0,TSLA,,,,,,,,,,
2017-04-13,20.266666412353516,20.492666244506836,19.68666648864746,19.780000686645508,139269000.0,TSLA,,,,,,,,,,
2017-04-17,20.09600067138672,20.266666412353516,19.91200065612793,20.18000030517578,62080500.0,TSLA,,,,,,,,,,
2017-04-18,20.016666412353516,20.055999755859375,19.860000610351562,19.979999542236328,45535500.0,TSLA,,,,,,,,,,
2017-04-19,20.368000030517578,20.441333770751953,20.140666961669922,20.163999557495117,58470000.0,TSLA,,,,,,,,,,
2017-04-20,20.167333602905273,20.610000610351562,20.01533317565918,20.43400001525879,92241000.0,TSLA,,,,,,,,,,
2017-04-21,20.373332977294922,20.426666259765625,20.027999877929688,20.133333206176758,67647000.0,TSLA,,,,,,,,,,
2017-04-24,20.53533363342285,20.703332901000977,20.40133285522461,20.614667892456055,76252500.0,TSLA,,,,,,,,,,
2017-04-25,20.91933250427246,20.93199920654297,20.390666961669922,20.53333282470703,101065500.0,TSLA,,,,,,,,,,
2017-04-26,20.67799949645996,20.96666717529297,20.600000381469727,20.82466697692871,70425000.0,TSLA,,,,,,,,,,
2017-04-27,20.575332641601562,20.87266731262207,20.5,20.779333114624023,52029000.0,TSLA,,,,,,,,,,
2017-04-28,20.937999725341797,20.98666763305664,20.53333282470703,20.655332565307617,67582500.0,TSLA,,,,,,,,,,
2017-05-01,21.52199935913086,21.816667556762695,20.987333297729492,20.992000579833984,132444000.0,TSLA,,,,,,,,,,
2017-05-02,21.25933265686035,21.8439998626709,21.104000091552734,21.600000381469727,80742000.0,TSLA,,,,,,,,,,
2017-05-03,20.73466682434082,21.435333251953125,20.696666717529297,21.17799949645996,107001000.0,TSLA,,,,,,,,,,
2017-05-04,19.69733238220215,20.51799964904785,19.384000778198242,20.496000289916992,212280000.0,TSLA,,,,,,,,,,
2017-05-05,20.55666732788086,20.56999969482422,19.786666870117188,19.866666793823242,122659500.0,TSLA,,,,,,,,,,
2017-05-08,20.479333877563477,20.91933250427246,20.38800048828125,20.726667404174805,105097500.0,TSLA,,,,,,,,,,
2017-05-09,21.417333602905273,21.465999603271484,20.606666564941406,20.625333786010742,145147500.0,TSLA,,,,,,,,,,
2017-05-10,21.681333541870117,21.700000762939453,21.20800018310547,21.437332153320312,86124000.0,TSLA,,,,,,,,,,
2017-05-11,21.540000915527344,21.733333587646484,21.30666732788086,21.559999465942383,71307000.0,TSLA,,,,,,,,,,
2017-05-12,21.65399932861328,21.799999237060547,21.435333251953125,21.698667526245117,61824000.0,TSLA,,,,,,,,,,
2017-05-15,21.058666229248047,21.34666633605957,20.8353328704834,21.225332260131836,114330000.0,TSLA,,,,,,,,,,
2017-05-16,21.134000778198242,21.33733367919922,21.00933265686035,21.172666549682617,62287500.0,TSLA,,,,,,,,,,
2017-05-17,20.407333374023438,20.975332260131836,20.366666793823242,20.959333419799805,100678500.0,TSLA,,,,,,,,,,
2017-05-18,20.87066650390625,20.929332733154297,20.354000091552734,20.46666717529297,84807000.0,TSLA,,,,,,,,,,
2017-05-19,20.722000122070312,21.100000381469727,20.68000030517578,21.03333282470703,70314000.0,TSLA,,,,,,,,,,
2017-05-22,20.690000534057617,20.95800018310547,20.453332901000977,20.85333251953125,64938000.0,TSLA,,,,,,,,,,
2017-05-23,20.257333755493164,20.715333938598633,20.23200035095215,20.69733238220215,64776000.0,TSLA,,,,,,,,,,
2017-05-24,20.681333541870117,20.733333587646484,20.360000610351562,20.43400001525879,75499500.0,TSLA,,,,,,,,,,
2017-05-25,21.121999740600586,21.131332397460938,20.520666122436523,20.73466682434082,75210000.0,TSLA,,,,,,,,,,
2017-05-26,21.676000595092773,21.69933319091797,21.08733367919922,21.152000427246094,117033000.0,TSLA,,,,,,,,,,
2017-05-30,22.34000015258789,22.41866683959961,21.71733283996582,21.733333587646484,116743500.0,TSLA,,,,,,,,,,
2017-05-31,22.733999252319336,22.859333038330078,22.3439998626709,22.512666702270508,149451000.0,TSLA,,,,,,,,,,
2017-06-01,22.691333770751953,22.992000579833984,22.486000061035156,22.933332443237305,114120000.0,TSLA,,,,,,,,,,
2017-06-02,22.656667709350586,22.858667373657227,22.39533233642578,22.65133285522461,83853000.0,TSLA,,,,,,,,,,
2017-06-05,23.154666900634766,23.229333877563477,22.28066635131836,22.566667556762695,101766000.0,TSLA,,,,,,,,,,
2017-06-06,23.523332595825195,23.965999603271484,22.6646671295166,22.979999542236328,166302000.0,TSLA,,,,,,,,,,
2017-06-07,23.976667404174805,24.03333282470703,23.676000595092773,23.756000518798828,140970000.0,TSLA,,,,,,,,,,
2017-06-08,24.666667938232422,24.793333053588867,24.014667510986328,24.25,135922500.0,TSLA,,,,,,,,,,
2017-06-09,23.821332931518555,25.124666213989258,23.65333366394043,24.961332321166992,258921000.0,TSLA,,,,,,,,,,
2017-06-12,23.93400001525879,24.299999237060547,23.374666213989258,23.865999221801758,157765500.0,TSLA,,,,,,,,,,
2017-06-13,25.06333351135254,25.066667556762695,24.44066619873047,24.507999420166016,177118500.0,TSLA,,,,,,,,,,
2017-06-14,25.37733268737793,25.616666793823242,25.08733367919922,25.4060001373291,192276000.0,TSLA,,,,,,,,,,
2017-06-15,25.022666931152344,25.03066635131836,24.432666778564453,24.833332061767578,156397500.0,TSLA,,,,,,,,,,
2017-06-16,24.760000228881836,25.200666427612305,24.67333221435547,25.198667526245117,100965000.0,TSLA,,,,,,,,,,
2017-06-19,24.65333366394043,25.113332748413086,24.520000457763672,25.0,98239500.0,TSLA,,,,,,,,,,
2017-06-20,24.81599998474121,25.2586669921875,24.648666381835938,25.1113338470459,111580500.0,TSLA,,,,,,,,,,
2017-06-21,25.093332290649414,25.132667541503906,24.534666061401367,24.956666946411133,73848000.0,TSLA,,,,,,,,,,
2017-06-22,25.507333755493164,25.666667938232422,24.904666900634766,25.19933319091797,112947000.0,TSLA,,,,,,,,,,
2017-06-23,25.56333351135254,25.799333572387695,25.290000915527344,25.496667861938477,96687000.0,TSLA,,,,,,,,,,
2017-06-26,25.166000366210938,25.796667098999023,24.873332977294922,25.779333114624023,99061500.0,TSLA,,,,,,,,,,
2017-06-27,24.158000946044922,25.093332290649414,24.134666442871094,25.093332290649414,104946000.0,TSLA,,,,,,,,,,
2017-06-28,24.749332427978516,24.78266716003418,24.167999267578125,24.44533348083496,94537500.0,TSLA,,,,,,,,,,
2017-06-29,24.049999237060547,24.733333587646484,23.606666564941406,24.707332611083984,123315000.0,TSLA,,,,,,,,,,
2017-06-30,24.107332229614258,24.451332092285156,23.974666595458984,24.247333526611328,87727500.0,TSLA,,,,,,,,,,
2017-07-03,23.507999420166016,24.75666618347168,23.433332443237305,24.682666778564453,94581000.0,TSLA,,,,,,,,,,
2017-07-05,21.805999755859375,23.14933204650879,21.755332946777344,23.14666748046875,255700500.0,TSLA,,,,,,,,,,
2017-07-06,20.588666915893555,21.38599967956543,20.420000076293945,21.150667190551758,289867500.0,TSLA,,,,,,,,,,
2017-07-07,20.881332397460938,21.133333206176758,20.492000579833984,20.899999618530273,212653500.0,TSLA,,,,,,,,,,
2017-07-10,21.06999969482422,21.195999145507812,20.208667755126953,20.860000610351562,207313500.0,TSLA,,,,,,,,,,
2017-07-11,21.814666748046875,21.818666458129883,20.953332901000977,21.066667556762695,173391000.0,TSLA,,,,,,,,,,
2017-07-12,21.968000411987305,22.206666946411133,21.633333206176758,22.02666664123535,155191500.0,TSLA,,,,,,,,,,
2017-07-13,21.560667037963867,22.106666564941406,21.33133316040039,22.007333755493164,128917500.0,TSLA,,,,,,,,,,
2017-07-14,21.851999282836914,21.89466667175293,21.4146671295166,21.54599952697754,84378000.0,TSLA,,,,,,,,,,
2017-07-17,21.30466651916504,21.80666732788086,20.89666748046875,21.702667236328125,148153500.0,TSLA,,,,,,,,,,
2017-07-18,21.882667541503906,21.941999435424805,21.04400062561035,21.166667938232422,95605500.0,TSLA,,,,,,,,,,
2017-07-19,21.68400001525879,22.110000610351562,21.54800033569336,21.881999969482422,95355000.0,TSLA,,,,,,,,,,
2017-07-20,21.994667053222656,22.014667510986328,21.613332748413086,21.793333053588867,77493000.0,TSLA,,,,,,,,,,
2017-07-21,21.893333435058594,22.083999633789062,21.719999313354492,21.964000701904297,73524000.0,TSLA,,,,,,,,,,
2017-07-24,22.834667205810547,22.893333435058594,22.000667572021484,22.016000747680664,129556500.0,TSLA,,,,,,,,,,
2017-07-25,22.639999389648438,23.040000915527344,22.27666664123535,23.0,104838000.0,TSLA,,,,,,,,,,
2017-07-26,22.92333221435547,23.03333282470703,22.541332244873047,22.69066619873047,72312000.0,TSLA,,,,,,,,,,
2017-07-27,22.297332763671875,23.166667938232422,21.752666473388672,23.066667556762695,124536000.0,TSLA,,,,,,,,,,
2017-07-28,22.33799934387207,22.639999389648438,22.167333602905273,22.459333419799805,73206000.0,TSLA,,,,,,,,,,
2017-07-31,21.564666748046875,22.766000747680664,21.402666091918945,22.366666793823242,128026500.0,TSLA,,,,,,,,,,
2017-08-01,21.30466651916504,21.6299991607666,21.075332641601562,21.53333282470703,124546500.0,TSLA,,,,,,,,,,
2017-08-02,21.72599983215332,21.808000564575195,20.74799919128418,21.262666702270508,196372500.0,TSLA,,,,,,,,,,
2017-08-03,23.139333724975586,23.333332061767578,22.876667022705078,23.02199935913086,203025000.0,TSLA,,,,,,,,,,
2017-08-04,23.79400062561035,23.81800079345703,22.886667251586914,23.133333206176758,139033500.0,TSLA,,,,,,,,,,
2017-08-07,23.67799949645996,23.965333938598633,23.516666412353516,23.823333740234375,94867500.0,TSLA,,,,,,,,,,
2017-08-08,24.347999572753906,24.57200050354004,23.82666778564453,23.8353328704834,111747000.0,TSLA,,,,,,,,,,
2017-08-09,24.235332489013672,24.666667938232422,23.93000030517578,24.066667556762695,103381500.0,TSLA,,,,,,,,,,
2017-08-10,23.69333267211914,24.44333267211914,23.643999099731445,24.106666564941406,106393500.0,TSLA,,,,,,,,,,
2017-08-11,23.857999801635742,24.083999633789062,23.57466697692871,23.79800033569336,65487000.0,TSLA,,,,,,,,,,
2017-08-14,24.253332138061523,24.51066780090332,24.17333221435547,24.308666229248047,67788000.0,TSLA,,,,,,,,,,
2017-08-15,24.155332565307617,24.365999221801758,23.95800018310547,24.34666633605957,46276500.0,TSLA,,,,,,,,,,
2017-08-16,24.194000244140625,24.433332443237305,24.167999267578125,24.200000762939453,51207000.0,TSLA,,,,,,,,,,
2017-08-17,23.461332321166992,24.219999313354492,23.439332962036133,24.08066749572754,75415500.0,TSLA,,,,,,,,,,
2017-08-18,23.163999557495117,23.600000381469727,23.053333282470703,23.527332305908203,81123000.0,TSLA,,,,,,,,,,
2017-08-21,22.52400016784668,23.05466651916504,22.123332977294922,23.05466651916504,97431000.0,TSLA,,,,,,,,,,
2017-08-22,22.75666618347168,22.81599998474121,22.4913330078125,22.742000579833984,64830000.0,TSLA,,,,,,,,,,
2017-08-23,23.51799964904785,23.56599998474121,22.553333282470703,22.599332809448242,74317500.0,TSLA,,,,,,,,,,
2017-08-24,23.528667449951172,23.777332305908203,23.31599998474121,23.501333236694336,68770500.0,TSLA,,,,,,,,,,
2017-08-25,23.203332901000977,23.71266746520996,23.15333366394043,23.615999221801758,52260000.0,TSLA,,,,,,,,,,
2017-08-28,23.04400062561035,23.156667709350586,22.648000717163086,23.152000427246094,56460000.0,TSLA,,,,,,,,,,
2017-08-29,23.157333374023438,23.270000457763672,22.583332061767578,22.631999969482422,61105500.0,TSLA,,,,,,,,,,
2017-08-30,23.545333862304688,23.564666748046875,23.133333206176758,23.31133270263672,51193500.0,TSLA,,,,,,,,,,
2017-08-31,23.726667404174805,23.895999908447266,23.521333694458008,23.56999969482422,61092000.0,TSLA,,,,,,,,,,
2017-09-01,23.69333267211914,23.839332580566406,23.57933235168457,23.7413330078125,45742500.0,TSLA,,,,,,,,,,
2017-09-05,23.305999755859375,23.69933319091797,23.05933380126953,23.586666107177734,57526500.0,TSLA,,,,,,,,,,
2017-09-06,22.968666076660156,23.398666381835938,22.770666122436523,23.299999237060547,61371000.0,TSLA,,,,,,,,,,
2017-09-07,23.374000549316406,23.498666763305664,22.89666748046875,23.065332412719727,63588000.0,TSLA,,,,,,,,,,
2017-09-08,22.893333435058594,23.318666458129883,22.81999969482422,23.266000747680664,48952500.0,TSLA,,,,,,,,,,
2017-09-11,24.246000289916992,24.247333526611328,23.333332061767578,23.42333221435547,115006500.0,TSLA,,,,,,,,,,
2017-09-12,24.183332443237305,24.583999633789062,24.02666664123535,24.299333572387695,89593500.0,TSLA,,,,,,,,,,
2017-09-13,24.415332794189453,24.538000106811523,23.972667694091797,24.254667282104492,62778000.0,TSLA,,,,,,,,,,
2017-09-14,25.176000595092773,25.19733238220215,24.17533302307129,24.288667678833008,108037500.0,TSLA,,,,,,,,,,
2017-09-15,25.320667266845703,25.333332061767578,24.84666633605957,24.96733283996582,81307500.0,TSLA,,,,,,,,,,
2017-09-18,25.666667938232422,25.974000930786133,25.178667068481445,25.350000381469727,107820000.0,TSLA,,,,,,,,,,
2017-09-19,25.00666618347168,25.492666244506836,24.904666900634766,25.333332061767578,96778500.0,TSLA,,,,,,,,,,
2017-09-20,24.92733383178711,25.21666717529297,24.738000869750977,24.866666793823242,73786500.0,TSLA,,,,,,,,,,
2017-09-21,24.43199920654297,25.121999740600586,24.30066680908203,24.99333381652832,69273000.0,TSLA,,,,,,,,,,
2017-09-22,23.4060001373291,24.65999984741211,23.392000198364258,24.432666778564453,122391000.0,TSLA,,,,,,,,,,
2017-09-25,22.999332427978516,23.83133316040039,22.858667373657227,23.543333053588867,114088500.0,TSLA,,,,,,,,,,
2017-09-26,23.016666412353516,23.416000366210938,22.726667404174805,23.39533233642578,107344500.0,TSLA,,,,,,,,,,
2017-09-27,22.731332778930664,23.432666778564453,22.700000762939453,23.32666778564453,90904500.0,TSLA,,,,,,,,,,
2017-09-28,22.639999389648438,22.850000381469727,22.360000610351562,22.658666610717773,79794000.0,TSLA,,,,,,,,,,
2017-09-29,22.739999771118164,22.978666305541992,22.573333740234375,22.790666580200195,76606500.0,TSLA,,,,,,,,,,
2017-10-02,22.768667221069336,22.913333892822266,22.367332458496094,22.834667205810547,79302000.0,TSLA,,,,,,,,,,
2017-10-03,23.209333419799805,23.23666763305664,22.0853328704834,22.393333435058594,152304000.0,TSLA,,,,,,,,,,
2017-10-04,23.667333602905273,23.908000946044922,23.30666732788086,23.416667938232422,122452500.0,TSLA,,,,,,,,,,
2017-10-05,23.68866729736328,23.82933235168457,23.42333221435547,23.733333587646484,62575500.0,TSLA,,,,,,,,,,
2017-10-06,23.79199981689453,24.00666618347168,23.483333587646484,23.540000915527344,64462500.0,TSLA,,,,,,,,,,
2017-10-09,22.862667083740234,23.450000762939453,22.844667434692383,23.309999465942383,112405500.0,TSLA,,,,,,,,,,
2017-10-10,23.70599937438965,23.708667755126953,23.03533363342285,23.1200008392334,104677500.0,TSLA,,,,,,,,,,
2017-10-11,23.639999389648438,23.84000015258789,23.40999984741211,23.592666625976562,67512000.0,TSLA,,,,,,,,,,
2017-10-12,23.711999893188477,23.985332489013672,23.50933265686035,23.530000686645508,61305000.0,TSLA,,,,,,,,,,
2017-10-13,23.704666137695312,23.89933204650879,23.57866668701172,23.798667907714844,53107500.0,TSLA,,,,,,,,,,
2017-10-16,23.373332977294922,23.631999969482422,23.143999099731445,23.583999633789062,80632500.0,TSLA,,,,,,,,,,
2017-10-17,23.71666717529297,23.74799919128418,23.33799934387207,23.393999099731445,49399500.0,TSLA,,,,,,,,,,
2017-10-18,23.976667404174805,24.200000762939453,23.608667373657227,23.731332778930664,74086500.0,TSLA,,,,,,,,,,
2017-10-19,23.45400047302246,23.809999465942383,23.213333129882812,23.70400047302246,75927000.0,TSLA,,,,,,,,,,
2017-10-20,23.00666618347168,23.636667251586914,22.95599937438965,23.512666702270508,73956000.0,TSLA,,,,,,,,,,
2017-10-23,22.468000411987305,23.329999923706055,22.416667938232422,23.325332641601562,86209500.0,TSLA,,,,,,,,,,
2017-10-24,22.48933219909668,22.85333251953125,22.410667419433594,22.586666107177734,67375500.0,TSLA,,,,,,,,,,
2017-10-25,21.722667694091797,22.5,21.570667266845703,22.446666717529297,128911500.0,TSLA,,,,,,,,,,
2017-10-26,21.744667053222656,22.01533317565918,21.546667098999023,21.851999282836914,75352500.0,TSLA,,,,,,,,,,
2017-10-27,21.391332626342773,21.639333724975586,21.110666275024414,21.316667556762695,104695500.0,TSLA,,,,,,,,,,
2017-10-30,21.338666915893555,21.5853328704834,21.149999618530273,21.278667449951172,63816000.0,TSLA,,,,,,,,,,
2017-10-31,22.101999282836914,22.1299991607666,21.345333099365234,21.34866714477539,85084500.0,TSLA,,,,,,,,,,
2017-11-01,21.405332565307617,22.173999786376953,21.35066795349121,22.149999618530273,126859500.0,TSLA,,,,,,,,,,
2017-11-02,19.950666427612305,20.57933235168457,19.5086669921875,20.0086669921875,296871000.0,TSLA,,,,,,,,,,
2017-11-03,20.4060001373291,20.416667938232422,19.67533302307129,19.96666717529297,133410000.0,TSLA,,,,,,,,,,
2017-11-06,20.185333251953125,20.5,19.93400001525879,20.46666717529297,97290000.0,TSLA,,,,,,,,,,
2017-11-07,20.40333366394043,20.433332443237305,20.00200080871582,20.06800079345703,79414500.0,TSLA,,,,,,,,,,
2017-11-08,20.292667388916016,20.459333419799805,20.086666107177734,20.366666793823242,70879500.0,TSLA,,,,,,,,,,
2017-11-09,20.19933319091797,20.297332763671875,19.753332138061523,20.166667938232422,81706500.0,TSLA,,,,,,,,,,
2017-11-10,20.19933319091797,20.55733299255371,20.123332977294922,20.166667938232422,69381000.0,TSLA,,,,,,,,,,
2017-11-13,21.02666664123535,21.1200008392334,19.94066619873047,20.0086669921875,113773500.0,TSLA,,,,,,,,,,
2017-11-14,20.579999923706055,21.09000015258789,20.459999084472656,21.0,85141500.0,TSLA,,,,,,,,,,
2017-11-15,20.753332138061523,20.832666397094727,20.100000381469727,20.400667190551758,89680500.0,TSLA,,,,,,,,,,
2017-11-16,20.833332061767578,21.209333419799805,20.753332138061523,20.932666778564453,87331500.0,TSLA,,,,,,,,,,
2017-11-17,21.003332138061523,21.777999877929688,20.876667022705078,21.711332321166992,206026500.0,TSLA,,,,,,,,,,
2017-11-20,20.582666397094727,21.03333282470703,20.316667556762695,20.91933250427246,123715500.0,TSLA,,,,,,,,,,
2017-11-21,21.187332153320312,21.215333938598633,20.58066749572754,20.724000930786133,108919500.0,TSLA,,,,,,,,,,
2017-11-22,20.84000015258789,21.161333084106445,20.78933334350586,21.118000030517578,73764000.0,TSLA,,,,,,,,,,
2017-11-24,21.036666870117188,21.0939998626709,20.733333587646484,20.91933250427246,48661500.0,TSLA,,,,,,,,,,
2017-11-27,21.12066650390625,21.1560001373291,20.634000778198242,20.883333206176758,68338500.0,TSLA,,,,,,,,,,
2017-11-28,21.170000076293945,21.333332061767578,20.92799949645996,21.090667724609375,74242500.0,TSLA,,,,,,,,,,
2017-11-29,20.502666473388672,21.200000762939453,20.082000732421875,21.15333366394043,131511000.0,TSLA,,,,,,,,,,
2017-11-30,20.59000015258789,20.713333129882812,20.30266761779785,20.570667266845703,65274000.0,TSLA,,,,,,,,,,
2017-12-01,20.435333251953125,20.687999725341797,20.336666107177734,20.362667083740234,64393500.0,TSLA,,,,,,,,,,
2017-12-04,20.34666633605957,20.551332473754883,20.040666580200195,20.433332443237305,87526500.0,TSLA,,,,,,,,,,
2017-12-05,20.246667861938477,20.53333282470703,20.066667556762695,20.133333206176758,69697500.0,TSLA,,,,,,,,,,
2017-12-06,20.884000778198242,20.892667770385742,20.0,20.00666618347168,107929500.0,TSLA,,,,,,,,,,
2017-12-07,20.749332427978516,21.242000579833984,20.73666763305664,20.799999237060547,71709000.0,TSLA,,,,,,,,,,
2017-12-08,21.0086669921875,21.131999969482422,20.750667572021484,20.97333335876465,52027500.0,TSLA,,,,,,,,,,
2017-12-11,21.92733383178711,21.93400001525879,20.916667938232422,20.975332260131836,119070000.0,TSLA,,,,,,,,,,
2017-12-12,22.735332489013672,22.762666702270508,22.00200080871582,22.030000686645508,130998000.0,TSLA,,,,,,,,,,
2017-12-13,22.601999282836914,22.947999954223633,22.433332443237305,22.728666305541992,93322500.0,TSLA,,,,,,,,,,
2017-12-14,22.525999069213867,23.16266632080078,22.459999084472656,22.733999252319336,86998500.0,TSLA,,,,,,,,,,
2017-12-15,22.89666748046875,22.926666259765625,22.384000778198242,22.80266761779785,103998000.0,TSLA,,,,,,,,,,
2017-12-18,22.591333389282227,23.115333557128906,22.505332946777344,22.99333381652832,82143000.0,TSLA,,,,,,,,,,
2017-12-19,22.073333740234375,22.766000747680664,22.020000457763672,22.68400001525879,102375000.0,TSLA,,,,,,,,,,
2017-12-20,21.93199920654297,22.206666946411133,21.66933250427246,22.179332733154297,89307000.0,TSLA,,,,,,,,,,
2017-12-21,22.110666275024414,22.249332427978516,21.81399917602539,21.972667694091797,65778000.0,TSLA,,,,,,,,,,
2017-12-22,21.68000030517578,22.06133270263672,21.654666900634766,21.96733283996582,63237000.0,TSLA,,,,,,,,,,
2017-12-26,21.152666091918945,21.59600067138672,21.10533332824707,21.588666915893555,65676000.0,TSLA,,,,,,,,,,
2017-12-27,20.775999069213867,21.178667068481445,20.71666717529297,21.066667556762695,70681500.0,TSLA,,,,,,,,,,
2017-12-28,21.02400016784668,21.05466651916504,20.63599967956543,20.78333282470703,64744500.0,TSLA,,,,,,,,,,
2017-12-29,20.75666618347168,21.0939998626709,20.666667938232422,21.07866668701172,56658000.0,TSLA,,,,,,,,,,
2018-01-02,21.368667602539062,21.474000930786133,20.733333587646484,20.799999237060547,65283000.0,TSLA,,,,,,,,,,
2018-01-03,21.149999618530273,21.683332443237305,21.036666870117188,21.399999618530273,67822500.0,TSLA,,,,,,,,,,
2018-01-04,20.974666595458984,21.23666763305664,20.3786678314209,20.857999801635742,149194500.0,TSLA,,,,,,,,,,
2018-01-05,21.10533332824707,21.14933204650879,20.799999237060547,21.107999801635742,68868000.0,TSLA,,,,,,,,,,
2018-01-08,22.42733383178711,22.468000411987305,21.03333282470703,21.066667556762695,147891000.0,TSLA,,,,,,,,,,
2018-01-09,22.246000289916992,22.586666107177734,21.82666778564453,22.3439998626709,107199000.0,TSLA,,,,,,,,,,
2018-01-10,22.31999969482422,22.46666717529297,22.0,22.14666748046875,64648500.0,TSLA,,,,,,,,,,
2018-01-11,22.530000686645508,22.987333297729492,22.21733283996582,22.349332809448242,99682500.0,TSLA,,,,,,,,,,
2018-01-12,22.4146671295166,22.694000244140625,22.244667053222656,22.575332641601562,72376500.0,TSLA,,,,,,,,,,
2018-01-16,22.67066764831543,23.0,22.31999969482422,22.502666473388672,97114500.0,TSLA,,,,,,,,,,
2018-01-17,23.143999099731445,23.266666412353516,22.649999618530273,22.697999954223633,106552500.0,TSLA,,,,,,,,,,
2018-01-18,22.971332550048828,23.48666763305664,22.916000366210938,23.044666290283203,85287000.0,TSLA,,,,,,,,,,
2018-01-19,23.334667205810547,23.37266731262207,22.84000015258789,23.0,73324500.0,TSLA,,,,,,,,,,
2018-01-22,23.437332153320312,23.85533332824707,23.280000686645508,23.293333053588867,93156000.0,TSLA,,,,,,,,,,
2018-01-23,23.519332885742188,24.03333282470703,23.399999618530273,24.0,81981000.0,TSLA,,,,,,,,,,
2018-01-24,23.05933380126953,23.649999618530273,22.90133285522461,23.6386661529541,79312500.0,TSLA,,,,,,,,,,
2018-01-25,22.50933265686035,23.280000686645508,22.426666259765625,23.218000411987305,101104500.0,TSLA,,,,,,,,,,
2018-01-26,22.856666564941406,22.933332443237305,22.380666732788086,22.766666412353516,68091000.0,TSLA,,,,,,,,,,
2018-01-29,23.302000045776367,23.389999389648438,22.552000045776367,22.656667709350586,71206500.0,TSLA,,,,,,,,,,
2018-01-30,23.05466651916504,23.218000411987305,22.81133270263672,23.00933265686035,70765500.0,TSLA,,,,,,,,,,
2018-01-31,23.62066650390625,23.746000289916992,23.012666702270508,23.167333602905273,93211500.0,TSLA,,,,,,,,,,
2018-02-01,23.28333282470703,23.977333068847656,23.242000579833984,23.399999618530273,62965500.0,TSLA,,,,,,,,,,
2018-02-02,22.916667938232422,23.463333129882812,22.700666427612305,23.229333877563477,55572000.0,TSLA,,,,,,,,,,
2018-02-05,22.208667755126953,22.96466636657715,22.200000762939453,22.531333923339844,66961500.0,TSLA,,,,,,,,,,
2018-02-06,22.264667510986328,22.4146671295166,21.566667556762695,21.680667877197266,76326000.0,TSLA,,,,,,,,,,
2018-02-07,23.0,23.066667556762695,22.37733268737793,22.599332809448242,104538000.0,TSLA,,,,,,,,,,
2018-02-08,21.01533317565918,23.2413330078125,20.97333335876465,22.887332916259766,154719000.0,TSLA,,,,,,,,,,
2018-02-09,20.69466781616211,21.398666381835938,19.650667190551758,21.32866668701172,194005500.0,TSLA,,,,,,,,,,
2018-02-12,21.048667907714844,21.205333709716797,20.416667938232422,21.075332641601562,93417000.0,TSLA,,,,,,,,,,
2018-02-13,21.577333450317383,21.612667083740234,20.833999633789062,21.001333236694336,68403000.0,TSLA,,,,,,,,,,
2018-02-14,21.487333297729492,21.744667053222656,21.23466682434082,21.389333724975586,59260500.0,TSLA,,,,,,,,,,
2018-02-15,22.271333694458008,22.274667739868164,21.49333381652832,21.633333206176758,88693500.0,TSLA,,,,,,,,,,
2018-02-16,22.365999221801758,22.874666213989258,22.109333038330078,22.166667938232422,84639000.0,TSLA,,,,,,,,,,
2018-02-20,22.31800079345703,22.722667694091797,22.100000381469727,22.29800033569336,60141000.0,TSLA,,,,,,,,,,
2018-02-21,22.219999313354492,22.645999908447266,22.211332321166992,22.402000427246094,48294000.0,TSLA,,,,,,,,,,
2018-02-22,23.077999114990234,23.16266632080078,22.316667556762695,22.368667602539062,104547000.0,TSLA,,,,,,,,,,
2018-02-23,23.469999313354492,23.666000366210938,23.139999389648438,23.18866729736328,87261000.0,TSLA,,,,,,,,,,
2018-02-26,23.827999114990234,23.933332443237305,23.49066734313965,23.566667556762695,65100000.0,TSLA,,,,,,,,,,
2018-02-27,23.39933204650879,23.999332427978516,23.333999633789062,23.75,71961000.0,TSLA,,,,,,,,,,
2018-02-28,22.87066650390625,23.682666778564453,22.814666748046875,23.504667282104492,91045500.0,TSLA,,,,,,,,,,
2018-03-01,22.062000274658203,23.244667053222656,22.004667282104492,23.000667572021484,103284000.0,TSLA,,,,,,,,,,
2018-03-02,22.341333389282227,22.347999572753906,21.531333923339844,21.798667907714844,76392000.0,TSLA,,,,,,,,,,
2018-03-05,22.22333335876465,22.516666412353516,21.952667236328125,22.159332275390625,57357000.0,TSLA,,,,,,,,,,
2018-03-06,21.8799991607666,22.424667358398438,21.802000045776367,22.25,64285500.0,TSLA,,,,,,,,,,
2018-03-07,22.15333366394043,22.166667938232422,21.44933319091797,21.695999145507812,75109500.0,TSLA,,,,,,,,,,
2018-03-08,21.940000534057617,22.219999313354492,21.751333236694336,22.19066619873047,53493000.0,TSLA,,,,,,,,,,
2018-03-09,21.81133270263672,21.89933204650879,21.4913330078125,21.606666564941406,82602000.0,TSLA,,,,,,,,,,
2018-03-12,23.034000396728516,23.1473331451416,21.766666412353516,21.907333374023438,123960000.0,TSLA,,,,,,,,,,
2018-03-13,22.78933334350586,23.1473331451416,21.766666412353516,21.907333374023438,89487000.0,TSLA,,,,,,,,,,
2018-03-14,21.775333404541016,22.65399932861328,21.595333099365234,22.450666427612305,119511000.0,TSLA,,,,,,,,,,
2018-03-15,21.706666946411133,22.190000534057617,21.406667709350586,21.958667755126953,98472000.0,TSLA,,,,,,,,,,
2018-03-16,21.42333221435547,21.82666778564453,21.271333694458008,21.528667449951172,91759500.0,TSLA,,,,,,,,,,
2018-03-19,20.90399932861328,21.383333206176758,20.64466667175293,21.100000381469727,112264500.0,TSLA,,,,,,,,,,
2018-03-20,20.703332901000977,21.083332061767578,20.583999633789062,20.9913330078125,71464500.0,TSLA,,,,,,,,,,
2018-03-21,21.101999282836914,21.496000289916992,20.679332733154297,20.683332443237305,89376000.0,TSLA,,,,,,,,,,
2018-03-22,20.606666564941406,21.254667282104492,20.545333862304688,20.926000595092773,74097000.0,TSLA,,,,,,,,,,
2018-03-23,20.1026668548584,20.75,20.030000686645508,20.75,99823500.0,TSLA,,,,,,,,,,
2018-03-26,20.278667449951172,20.506000518798828,19.423999786376953,20.48933219909668,125628000.0,TSLA,,,,,,,,,,
2018-03-27,18.61199951171875,20.284666061401367,18.478666305541992,20.266666412353516,208080000.0,TSLA,,,,,,,,,,
2018-03-28,17.185333251953125,17.91200065612793,16.80666732788086,17.6386661529541,315021000.0,TSLA,,,,,,,,,,
2018-03-29,17.742000579833984,18.06399917602539,16.547332763671875,17.099332809448242,227560500.0,TSLA,,,,,,,,,,
2018-04-02,16.832000732421875,17.35533332824707,16.305999755859375,17.083999633789062,241710000.0,TSLA,,,,,,,,,,
2018-04-03,17.8353328704834,18.22333335876465,16.965999603271484,17.988000869750977,282666000.0,TSLA,,,,,,,,,,
2018-04-04,19.12933349609375,19.224666595458984,16.799999237060547,16.851999282836914,298450500.0,TSLA,,,,,,,,,,
2018-04-05,20.381332397460938,20.417333602905273,19.213333129882812,19.28933334350586,286816500.0,TSLA,,,,,,,,,,
2018-04-06,19.953332901000977,20.618667602539062,19.700000762939453,20.066667556762695,202804500.0,TSLA,,,,,,,,,,
2018-04-09,19.310667037963867,20.633333206176758,19.28066635131836,20.024667739868164,153747000.0,TSLA,,,,,,,,,,
2018-04-10,20.31333351135254,20.47333335876465,19.57866668701172,19.931333541870117,164847000.0,TSLA,,,,,,,,,,
2018-04-11,20.062000274658203,20.59866714477539,19.977333068847656,20.049333572387695,112243500.0,TSLA,,,,,,,,,,
2018-04-12,19.60533332824707,20.26333236694336,19.57866668701172,20.154666900634766,114132000.0,TSLA,,,,,,,,,,
2018-04-13,20.022666931152344,20.26333236694336,19.73200035095215,20.239999771118164,109908000.0,TSLA,,,,,,,,,,
2018-04-16,19.413999557495117,19.977333068847656,19.267332077026367,19.933332443237305,95077500.0,TSLA,,,,,,,,,,
2018-04-17,19.179332733154297,19.47800064086914,18.833999633789062,19.257999420166016,105000000.0,TSLA,,,,,,,,,,
2018-04-18,19.55666732788086,20.016000747680664,19.21066665649414,19.405332565307617,98365500.0,TSLA,,,,,,,,,,
2018-04-19,20.005332946777344,20.067333221435547,19.23666763305664,19.405332565307617,91359000.0,TSLA,,,,,,,,,,
2018-04-20,19.349332809448242,19.998666763305664,19.316667556762695,19.67799949645996,84418500.0,TSLA,,,,,,,,,,
2018-04-23,18.891332626342773,19.441333770751953,18.82200050354004,19.41933250427246,73401000.0,TSLA,,,,,,,,,,
2018-04-24,18.8973331451416,19.139333724975586,18.56399917602539,19.0,85279500.0,TSLA,,,,,,,,,,
2018-04-25,18.71266746520996,19.01066780090332,18.483333587646484,18.899999618530273,60204000.0,TSLA,,,,,,,,,,
2018-04-26,19.031999588012695,19.05266761779785,18.433332443237305,18.583332061767578,65340000.0,TSLA,,,,,,,,,,
2018-04-27,19.60533332824707,19.631332397460938,18.922000885009766,19.024667739868164,65469000.0,TSLA,,,,,,,,,,
2018-04-30,19.593332290649414,19.915332794189453,19.5,19.573999404907227,63423000.0,TSLA,,,,,,,,,,
2018-05-01,19.994667053222656,20.05466651916504,19.54800033569336,19.567333221435547,69384000.0,TSLA,,,,,,,,,,
2018-05-02,20.07666778564453,20.456666946411133,19.851999282836914,19.904666900634766,134556000.0,TSLA,,,,,,,,,,
2018-05-03,18.963333129882812,19.202667236328125,18.34866714477539,18.586000442504883,260281500.0,TSLA,,,,,,,,,,
2018-05-04,19.606000900268555,19.790666580200195,18.634666442871094,18.866666793823242,128541000.0,TSLA,,,,,,,,,,
2018-05-07,20.184667587280273,20.3973331451416,19.67799949645996,19.833332061767578,130173000.0,TSLA,,,,,,,,,,
2018-05-08,20.131332397460938,20.516666412353516,19.933332443237305,20.053333282470703,88950000.0,TSLA,,,,,,,,,,
2018-05-09,20.456666946411133,20.46733283996582,20.003332138061523,20.027332305908203,85911000.0,TSLA,,,,,,,,,,
2018-05-10,20.334667205810547,20.865999221801758,20.27400016784668,20.5,84774000.0,TSLA,,,,,,,,,,
2018-05-11,20.070667266845703,20.591999053955078,19.93866729736328,20.51333236694336,70194000.0,TSLA,,,,,,,,,,
2018-05-14,19.46466636657715,20.32933235168457,19.441333770751953,20.221332550048828,109302000.0,TSLA,,,,,,,,,,
2018-05-15,18.94533348083496,19.130666732788086,18.700000762939453,19.000667572021484,142788000.0,TSLA,,,,,,,,,,
2018-05-16,19.09866714477539,19.253999710083008,18.770666122436523,18.922000885009766,85110000.0,TSLA,,,,,,,,,,
2018-05-17,18.96933364868164,19.279333114624023,18.931333541870117,19.059999465942383,66309000.0,TSLA,,,,,,,,,,
2018-05-18,18.454666137695312,18.976667404174805,18.266666412353516,18.976667404174805,108778500.0,TSLA,,,,,,,,,,
2018-05-21,18.965999603271484,19.432666778564453,18.753332138061523,18.755332946777344,137739000.0,TSLA,,,,,,,,,,
2018-05-22,18.333999633789062,19.200000762939453,18.22800064086914,19.18400001525879,134187000.0,TSLA,,,,,,,,,,
2018-05-23,18.60466766357422,18.660667419433594,18.266666412353516,18.517332077026367,89776500.0,TSLA,,,,,,,,,,
2018-05-24,18.523332595825195,18.74066734313965,18.326000213623047,18.559999465942383,62650500.0,TSLA,,,,,,,,,,
2018-05-25,18.59000015258789,18.642667770385742,18.374000549316406,18.5086669921875,58126500.0,TSLA,,,,,,,,,,
2018-05-29,18.917333602905273,19.100000381469727,18.40999984741211,18.567333221435547,84999000.0,TSLA,,,,,,,,,,
2018-05-30,19.447999954223633,19.667333602905273,18.773332595825195,18.88599967956543,112345500.0,TSLA,,,,,,,,,,
2018-05-31,18.98200035095215,19.357999801635742,18.86199951171875,19.1473331451416,88795500.0,TSLA,,,,,,,,,,
2018-06-01,19.454666137695312,19.463333129882812,18.922666549682617,19.05733299255371,81366000.0,TSLA,,,,,,,,,,
2018-06-04,19.78266716003418,19.933332443237305,19.56999969482422,19.62266731262207,71967000.0,TSLA,,,,,,,,,,
2018-06-05,19.408666610717773,19.85333251953125,19.115999221801758,19.84666633605957,89928000.0,TSLA,,,,,,,,,,
2018-06-06,21.299999237060547,21.47800064086914,19.832000732421875,20.03333282470703,281509500.0,TSLA,,,,,,,,,,
2018-06-07,21.07266616821289,22.0,20.905332565307617,21.07666778564453,215179500.0,TSLA,,,,,,,,,,
2018-06-08,21.17733383178711,21.631999969482422,21.143333435058594,21.266666412353516,123078000.0,TSLA,,,,,,,,,,
2018-06-11,22.139999389648438,22.310667037963867,21.5,21.500667572021484,197752500.0,TSLA,,,,,,,,,,
2018-06-12,22.851333618164062,23.6646671295166,22.53333282470703,22.979999542236328,335211000.0,TSLA,,,,,,,,,,
2018-06-13,22.985332489013672,23.14666748046875,22.65333366394043,23.11400032043457,142047000.0,TSLA,,,,,,,,,,
2018-06-14,23.847999572753906,23.916667938232422,23.106666564941406,23.17533302307129,164715000.0,TSLA,,,,,,,,,,
2018-06-15,23.878000259399414,24.31133270263672,23.416667938232422,23.589332580566406,162724500.0,TSLA,,,,,,,,,,
2018-06-18,24.722000122070312,24.915332794189453,23.633333206176758,23.69333267211914,181098000.0,TSLA,,,,,,,,,,
2018-06-19,23.503332138061523,24.666667938232422,23.083332061767578,24.3439998626709,191428500.0,TSLA,,,,,,,,,,
2018-06-20,24.148000717163086,24.29199981689453,23.46666717529297,23.869333267211914,125755500.0,TSLA,,,,,,,,,,
2018-06-21,23.167333602905273,24.413999557495117,23.084667205810547,24.133333206176758,119506500.0,TSLA,,,,,,,,,,
2018-06-22,22.242000579833984,23.483333587646484,22.133333206176758,23.43600082397461,153991500.0,TSLA,,,,,,,,,,
2018-06-25,22.200666427612305,22.564666748046875,21.833332061767578,22.007999420166016,103969500.0,TSLA,,,,,,,,,,
2018-06-26,22.799999237060547,22.90333366394043,21.719999313354492,22.40333366394043,111787500.0,TSLA,,,,,,,,,,
2018-06-27,22.96666717529297,23.38599967956543,22.633333206176758,23.0,125005500.0,TSLA,,,,,,,,,,
2018-06-28,23.32866668701172,23.801332473754883,23.073999404907227,23.243999481201172,125970000.0,TSLA,,,,,,,,,,
2018-06-29,22.863332748413086,23.590667724609375,22.827333450317383,23.55533218383789,97386000.0,TSLA,,,,,,,,,,
2018-07-02,22.33799934387207,24.318666458129883,21.989999771118164,24.004667282104492,281397000.0,TSLA,,,,,,,,,,
2018-07-03,20.724000930786133,22.166000366210938,20.645999908447266,22.116666793823242,184239000.0,TSLA,,,,,,,,,,
2018-07-05,20.610666275024414,20.959333419799805,19.74799919128418,20.917333602905273,262146000.0,TSLA,,,,,,,,,,
2018-07-06,20.593332290649414,20.80466651916504,20.133333206176758,20.329999923706055,132982500.0,TSLA,,,,,,,,,,
2018-07-09,21.233999252319336,21.23466682434082,20.53333282470703,20.799333572387695,113952000.0,TSLA,,,,,,,,,,
2018-07-10,21.49799919128418,21.845333099365234,21.280000686645508,21.637332916259766,142072500.0,TSLA,,,,,,,,,,
2018-07-11,21.263999938964844,21.46266746520996,21.004667282104492,21.053333282470703,73261500.0,TSLA,,,,,,,,,,
2018-07-12,21.11400032043457,21.548667907714844,20.851333618164062,21.428667068481445,85818000.0,TSLA,,,,,,,,,,
2018-07-13,21.257999420166016,21.30533218383789,20.616666793823242,21.038667678833008,88047000.0,TSLA,,,,,,,,,,
2018-07-16,20.67333221435547,21.01066780090332,20.416667938232422,20.78066635131836,117280500.0,TSLA,,,,,,,,,,
2018-07-17,21.512666702270508,21.64933204650879,20.566667556762695,20.58733367919922,104943000.0,TSLA,,,,,,,,,,
2018-07-18,21.59000015258789,21.700000762939453,21.083332061767578,21.666667938232422,84363000.0,TSLA,,,,,,,,,,
2018-07-19,21.34866714477539,21.569332122802734,20.93400001525879,21.088666915893555,88729500.0,TSLA,,,,,,,,,,
2018-07-20,20.905332565307617,21.549333572387695,20.78066635131836,21.415332794189453,77433000.0,TSLA,,,,,,,,,,
2018-07-23,20.213333129882812,20.366666793823242,19.52400016784668,20.12266731262207,164893500.0,TSLA,,,,,,,,,,
2018-07-24,19.82866668701172,20.514667510986328,19.503332138061523,20.294666290283203,143862000.0,TSLA,,,,,,,,,,
2018-07-25,20.582666397094727,20.641332626342773,19.633333206176758,19.78266716003418,106131000.0,TSLA,,,,,,,,,,
2018-07-26,20.44333267211914,20.713333129882812,20.242666244506836,20.323333740234375,69457500.0,TSLA,,,,,,,,,,
2018-07-27,19.812000274658203,20.512666702270508,19.689332962036133,20.483333587646484,85549500.0,TSLA,,,,,,,,,,
2018-07-30,19.344667434692383,19.739999771118164,19.075332641601562,19.726667404174805,102211500.0,TSLA,,,,,,,,,,
2018-07-31,19.875999450683594,19.88800048828125,19.271333694458008,19.483333587646484,76153500.0,TSLA,,,,,,,,,,
2018-08-01,20.055999755859375,20.200000762939453,19.53333282470703,19.865999221801758,151941000.0,TSLA,,,,,,,,,,
2018-08-02,23.30266761779785,23.332666397094727,21.54400062561035,21.895999908447266,348225000.0,TSLA,,,,,,,,,,
2018-08-03,23.211332321166992,23.666667938232422,22.8353328704834,23.187332153320312,204847500.0,TSLA,,,,,,,,,,
2018-08-06,22.799333572387695,23.665332794189453,22.788000106811523,23.03066635131836,128464500.0,TSLA,,,,,,,,,,
2018-08-07,25.30466651916504,25.83066749572754,22.610000610351562,22.922666549682617,463137000.0,TSLA,,,,,,,,,,
2018-08-08,24.689332962036133,25.50933265686035,24.474666595458984,24.606000900268555,368568000.0,TSLA,,,,,,,,,,
2018-08-09,23.496667861938477,24.46733283996582,23.048667907714844,24.3700008392334,257757000.0,TSLA,,,,,,,,,,
2018-08-10,23.69933319091797,24.0,23.066667556762695,23.600000381469727,173280000.0,TSLA,,,,,,,,,,
2018-08-13,23.76066780090332,24.21266746520996,23.26799964904785,24.075332641601562,156958500.0,TSLA,,,,,,,,,,
2018-08-14,23.176000595092773,23.946666717529297,23.139999389648438,23.89666748046875,104796000.0,TSLA,,,,,,,,,,
2018-08-15,22.57933235168457,22.965999603271484,22.142667770385742,22.79400062561035,136519500.0,TSLA,,,,,,,,,,
2018-08-16,22.363332748413086,22.818666458129883,22.254667282104492,22.660667419433594,90960000.0,TSLA,,,,,,,,,,
2018-08-17,20.366666793823242,21.784666061401367,20.235332489013672,21.566667556762695,284379000.0,TSLA,,,,,,,,,,
2018-08-20,20.562667846679688,20.566667556762695,19.213333129882812,19.446666717529297,261034500.0,TSLA,,,,,,,,,,
2018-08-21,21.459999084472656,21.652666091918945,20.600000381469727,20.707332611083984,197583000.0,TSLA,,,,,,,,,,
2018-08-22,21.44266700744629,21.591999053955078,20.97800064086914,21.391332626342773,89190000.0,TSLA,,,,,,,,,,
2018-08-23,21.34000015258789,21.821332931518555,21.206666946411133,21.275999069213867,77209500.0,TSLA,,,,,,,,,,
2018-08-24,21.521333694458008,21.59000015258789,21.293333053588867,21.3799991607666,54039000.0,TSLA,,,,,,,,,,
2018-08-27,21.284666061401367,21.496000289916992,20.58733367919922,21.200000762939453,196189500.0,TSLA,,,,,,,,,,
2018-08-28,20.790666580200195,21.2586669921875,20.746000289916992,21.227333068847656,114736500.0,TSLA,,,,,,,,,,
2018-08-29,20.333999633789062,20.790000915527344,20.246000289916992,20.684667587280273,111711000.0,TSLA,,,,,,,,,,
2018-08-30,20.209999084472656,20.30666732788086,19.847999572753906,20.150667190551758,108250500.0,TSLA,,,,,,,,,,
2018-08-31,20.110666275024414,20.354000091552734,19.906667709350586,20.133333206176758,80626500.0,TSLA,,,,,,,,,,
2018-09-04,19.26333236694336,19.87933349609375,19.200000762939453,19.79599952697754,125257500.0,TSLA,,,,,,,,,,
2018-09-05,18.715999603271484,19.118667602539062,18.478666305541992,19.003332138061523,115812000.0,TSLA,,,,,,,,,,
2018-09-06,18.729999542236328,19.411333084106445,18.591999053955078,18.98666763305664,112212000.0,TSLA,,,,,,,,,,
2018-09-07,17.549333572387695,17.889999389648438,16.816667556762695,17.34000015258789,337378500.0,TSLA,,,,,,,,,,
2018-09-10,19.03333282470703,19.068666458129883,18.066667556762695,18.21733283996582,214252500.0,TSLA,,,,,,,,,,
2018-09-11,18.62933349609375,18.799999237060547,18.23666763305664,18.631332397460938,137550000.0,TSLA,,,,,,,,,,
2018-09-12,19.369333267211914,19.5,18.57666778564453,18.762666702270508,150231000.0,TSLA,,,,,,,,,,
2018-09-13,19.297332763671875,19.666667938232422,19.011999130249023,19.201332092285156,95104500.0,TSLA,,,,,,,,,,
2018-09-14,19.68000030517578,19.82200050354004,19.101333618164062,19.250667572021484,101484000.0,TSLA,,,,,,,,,,
2018-09-17,19.6560001373291,20.058000564575195,19.208667755126953,19.336000442504883,103314000.0,TSLA,,,,,,,,,,
2018-09-18,18.997333526611328,20.176000595092773,18.366666793823242,19.779333114624023,248212500.0,TSLA,,,,,,,,,,
2018-09-19,19.934667587280273,20.0,18.700000762939453,18.700666427612305,124423500.0,TSLA,,,,,,,,,,
2018-09-20,19.8886661529541,20.398666381835938,19.55533218383789,20.237333297729492,110241000.0,TSLA,,,,,,,,,,
2018-09-21,19.940000534057617,20.038667678833008,19.691333770751953,19.84666633605957,75757500.0,TSLA,,,,,,,,,,
2018-09-24,19.978666305541992,20.200000762939453,19.57200050354004,19.898666381835938,72645000.0,TSLA,,,,,,,,,,
2018-09-25,20.06599998474121,20.30666732788086,19.766666412353516,20.0,67225500.0,TSLA,,,,,,,,,,
2018-09-26,20.6386661529541,20.926000595092773,20.073999404907227,20.12733268737793,117648000.0,TSLA,,,,,,,,,,
2018-09-27,20.501333236694336,20.997333526611328,20.46066665649414,20.860000610351562,127636500.0,TSLA,,,,,,,,,,
2018-09-28,17.65133285522461,18.53333282470703,17.37066650390625,18.017332077026367,504745500.0,TSLA,,,,,,,,,,
2018-10-01,20.713333129882812,20.762666702270508,20.06999969482422,20.384666442871094,326664000.0,TSLA,,,,,,,,,,
2018-10-02,20.06800079345703,21.12266731262207,19.94333267211914,20.93000030517578,176152500.0,TSLA,,,,,,,,,,
2018-10-03,19.65333366394043,20.30666732788086,19.437999725341797,20.222000122070312,119925000.0,TSLA,,,,,,,,,,
2018-10-04,18.788667678833008,19.600000381469727,18.511333465576172,19.59666633605957,147213000.0,TSLA,,,,,,,,,,
2018-10-05,17.463333129882812,18.325332641601562,17.333332061767578,18.309999465942383,269167500.0,TSLA,,,,,,,,,,
2018-10-08,16.70400047302246,17.85066795349121,16.600000381469727,17.634666442871094,202090500.0,TSLA,,,,,,,,,,
2018-10-09,17.520000457763672,17.784666061401367,16.886667251586914,17.016666412353516,180909000.0,TSLA,,,,,,,,,,
2018-10-10,17.125333786010742,17.700666427612305,16.51799964904785,17.640666961669922,192229500.0,TSLA,,,,,,,,,,
2018-10-11,16.815332412719727,17.483333587646484,16.601999282836914,17.16866683959961,122515500.0,TSLA,,,,,,,,,,
2018-10-12,17.25200080871582,17.465999603271484,16.80066680908203,17.399999618530273,108021000.0,TSLA,,,,,,,,,,
2018-10-15,17.305999755859375,17.552000045776367,16.96933364868164,17.270666122436523,93000000.0,TSLA,,,,,,,,,,
2018-10-16,18.439332962036133,18.492000579833984,17.482667922973633,17.713333129882812,142896000.0,TSLA,,,,,,,,,,
2018-10-17,18.118667602539062,18.84666633605957,17.719999313354492,18.82666778564453,129832500.0,TSLA,,,,,,,,,,
2018-10-18,17.5939998626709,18.066667556762695,17.53333282470703,17.952667236328125,81318000.0,TSLA,,,,,,,,,,
2018-10-19,17.333332061767578,17.977333068847656,16.899999618530273,17.826000213623047,140632500.0,TSLA,,,,,,,,,,
2018-10-22,17.39666748046875,17.457332611083984,16.839332580566406,17.3786678314209,84004500.0,TSLA,,,,,,,,,,
2018-10-23,19.609333038330078,19.86199951171875,17.47333335876465,17.591333389282227,285417000.0,TSLA,,,,,,,,,,
2018-10-24,19.233333587646484,20.29599952697754,19.048667907714844,20.06999969482422,300874500.0,TSLA,,,,,,,,,,
2018-10-25,20.99066734313965,21.399999618530273,20.067333221435547,21.148000717163086,312610500.0,TSLA,,,,,,,,,,
2018-10-26,22.059999465942383,22.65999984741211,20.44333267211914,20.549999237060547,411382500.0,TSLA,,,,,,,,,,
2018-10-29,22.323333740234375,23.143999099731445,21.766666412353516,22.49799919128418,217290000.0,TSLA,,,,,,,,,,
2018-10-30,21.99333381652832,22.52666664123535,21.483999252319336,21.892667770385742,136900500.0,TSLA,,,,,,,,,,
2018-10-31,22.488000869750977,22.799999237060547,21.940000534057617,22.16933250427246,114364500.0,TSLA,,,,,,,,,,
2018-11-01,22.95199966430664,23.189332962036133,22.315332412719727,22.55066680908203,120001500.0,TSLA,,,,,,,,,,
2018-11-02,23.0939998626709,23.280000686645508,22.727333068847656,22.916000366210938,117120000.0,TSLA,,,,,,,,,,
2018-11-05,22.760000228881836,22.930667877197266,22.00933265686035,22.700000762939453,117465000.0,TSLA,,,,,,,,,,
2018-11-06,22.737333297729492,23.253332138061523,22.4060001373291,22.60466766357422,101443500.0,TSLA,,,,,,,,,,
2018-11-07,23.21066665649414,23.41200065612793,22.719999313354492,22.889333724975586,110617500.0,TSLA,,,,,,,,,,
2018-11-08,23.426666259765625,23.838666915893555,23.229333877563477,23.233333587646484,106360500.0,TSLA,,,,,,,,,,
2018-11-09,23.367332458496094,23.600000381469727,23.01533317565918,23.266666412353516,76482000.0,TSLA,,,,,,,,,,
2018-11-12,22.0853328704834,23.318666458129883,22.022666931152344,23.224666595458984,104122500.0,TSLA,,,,,,,,,,
2018-11-13,22.582000732421875,22.979999542236328,22.14666748046875,22.21066665649414,81729000.0,TSLA,,,,,,,,,,
2018-11-14,22.933332443237305,23.140666961669922,22.476667404174805,22.84666633605957,75604500.0,TSLA,,,,,,,,,,
2018-11-15,23.229333877563477,23.238666534423828,22.6026668548584,22.82200050354004,69385500.0,TSLA,,,,,,,,,,
2018-11-16,23.62066650390625,23.713333129882812,23.007999420166016,23.012666702270508,108093000.0,TSLA,,,,,,,,,,
2018-11-19,23.564666748046875,24.450000762939453,23.525333404541016,23.756000518798828,145633500.0,TSLA,,,,,,,,,,
2018-11-20,23.166000366210938,23.31999969482422,22.23666763305664,22.78333282470703,120070500.0,TSLA,,,,,,,,,,
2018-11-21,22.54599952697754,23.540000915527344,22.49333381652832,23.46666717529297,70302000.0,TSLA,,,,,,,,,,
2018-11-23,21.722000122070312,22.5,21.703332901000977,22.290000915527344,63039000.0,TSLA,,,,,,,,,,
2018-11-26,23.066667556762695,23.08133316040039,21.666667938232422,21.666667938232422,119881500.0,TSLA,,,,,,,,,,
2018-11-27,22.92799949645996,23.130666732788086,22.366666793823242,22.670000076293945,95374500.0,TSLA,,,,,,,,,,
2018-11-28,23.191333770751953,23.218666076660156,22.81399917602539,23.06599998474121,61914000.0,TSLA,,,,,,,,,,
2018-11-29,22.744667053222656,23.166667938232422,22.636667251586914,23.133333206176758,46210500.0,TSLA,,,,,,,,,,
2018-11-30,23.365333557128906,23.440000534057617,22.55066680908203,22.788667678833008,84436500.0,TSLA,,,,,,,,,,
2018-12-03,23.89933204650879,24.399999618530273,23.46666717529297,24.0,124597500.0,TSLA,,,,,,,,,,
2018-12-04,23.979999542236328,24.57866668701172,23.46666717529297,23.73666763305664,126928500.0,TSLA,,,,,,,,,,
2018-12-06,24.20400047302246,24.492000579833984,23.384000778198242,23.733999252319336,117637500.0,TSLA,,,,,,,,,,
2018-12-07,23.864667892456055,25.299333572387695,23.843332290649414,24.600000381469727,172668000.0,TSLA,,,,,,,,,,
2018-12-10,24.343332290649414,24.398666381835938,23.541332244873047,24.0,99202500.0,TSLA,,,,,,,,,,
2018-12-11,24.450666427612305,24.81133270263672,24.01533317565918,24.660667419433594,94632000.0,TSLA,,,,,,,,,,
2018-12-12,24.440000534057617,24.79400062561035,24.3439998626709,24.628000259399414,75405000.0,TSLA,,,,,,,,,,
2018-12-13,25.119333267211914,25.16266632080078,24.450000762939453,24.676666259765625,110488500.0,TSLA,,,,,,,,,,
2018-12-14,24.380666732788086,25.191333770751953,24.288667678833008,25.0,95064000.0,TSLA,,,,,,,,,,
2018-12-17,23.22800064086914,24.3799991607666,22.92533302307129,24.133333206176758,115110000.0,TSLA,,,,,,,,,,
2018-12-18,22.468666076660156,23.43666648864746,22.246000289916992,23.369333267211914,106500000.0,TSLA,,,,,,,,,,
2018-12-19,22.197999954223633,23.134000778198242,21.982667922973633,22.50666618347168,124113000.0,TSLA,,,,,,,,,,
2018-12-20,21.025333404541016,22.019332885742188,20.791332244873047,21.803333282470703,136078500.0,TSLA,,,,,,,,,,
2018-12-21,21.31800079345703,21.564666748046875,20.82933235168457,21.15999984741211,120252000.0,TSLA,,,,,,,,,,
2018-12-24,19.69266700744629,20.96666717529297,19.68000030517578,20.899999618530273,83398500.0,TSLA,,,,,,,,,,
2018-12-26,21.73933219909668,21.79800033569336,19.606000900268555,20.0,122446500.0,TSLA,,,,,,,,,,
2018-12-27,21.075332641601562,21.47800064086914,20.100000381469727,21.32266616821289,128626500.0,TSLA,,,,,,,,,,
2018-12-28,22.257999420166016,22.416000366210938,21.227333068847656,21.540000915527344,149085000.0,TSLA,,,,,,,,,,
2018-12-31,22.18666648864746,22.61400032043457,21.68400001525879,22.519332885742188,94534500.0,TSLA,,,,,,,,,,
2019-01-02,20.674667358398438,21.0086669921875,19.920000076293945,20.406667709350586,174879000.0,TSLA,,,,,,,,,,
2019-01-03,20.02400016784668,20.626667022705078,19.825332641601562,20.46666717529297,104478000.0,TSLA,,,,,,,,,,
2019-01-04,21.179332733154297,21.200000762939453,20.18199920654297,20.399999618530273,110911500.0,TSLA,,,,,,,,,,
2019-01-07,22.33066749572754,22.44933319091797,21.183332443237305,21.447999954223633,113268000.0,TSLA,,,,,,,,,,
2019-01-08,22.356666564941406,22.93400001525879,21.801332473754883,22.797332763671875,105127500.0,TSLA,,,,,,,,,,
2019-01-09,22.568666458129883,22.899999618530273,22.097999572753906,22.366666793823242,81493500.0,TSLA,,,,,,,,,,
2019-01-10,22.99799919128418,23.025999069213867,22.119333267211914,22.293333053588867,90846000.0,TSLA,,,,,,,,,,
2019-01-11,23.150667190551758,23.227333068847656,22.584667205810547,22.805999755859375,75586500.0,TSLA,,,,,,,,,,
2019-01-14,22.293333053588867,22.833332061767578,22.266666412353516,22.825332641601562,78709500.0,TSLA,,,,,,,,,,
2019-01-15,22.961999893188477,23.253332138061523,22.299999237060547,22.333332061767578,90849000.0,TSLA,,,,,,,,,,
2019-01-16,23.06999969482422,23.46666717529297,22.899999618530273,22.985332489013672,70375500.0,TSLA,,,,,,,,,,
2019-01-17,23.15399932861328,23.433332443237305,22.94333267211914,23.08066749572754,55150500.0,TSLA,,,,,,,,,,
2019-01-18,20.150667190551758,21.808666229248047,19.98200035095215,21.53333282470703,362262000.0,TSLA,,,,,,,,,,
2019-01-22,19.92799949645996,20.53333282470703,19.700000762939453,20.321332931518555,181000500.0,TSLA,,,,,,,,,,
2019-01-23,19.172666549682617,19.633333206176758,18.779333114624023,19.5,187950000.0,TSLA,,,,,,,,,,
2019-01-24,19.43400001525879,19.57866668701172,18.618667602539062,18.868667602539062,120183000.0,TSLA,,,,,,,,,,
2019-01-25,19.80266761779785,19.90133285522461,19.303333282470703,19.625999450683594,108744000.0,TSLA,,,,,,,,,,
2019-01-28,19.7586669921875,19.83066749572754,19.183332443237305,19.527332305908203,96349500.0,TSLA,,,,,,,,,,
2019-01-29,19.83066749572754,19.90399932861328,19.453332901000977,19.684667587280273,69325500.0,TSLA,,,,,,,,,,
2019-01-30,20.584667205810547,20.600000381469727,19.89933204650879,20.030000686645508,168754500.0,TSLA,,,,,,,,,,
2019-01-31,20.468000411987305,20.770666122436523,19.600000381469727,20.066667556762695,188538000.0,TSLA,,,,,,,,,,
2019-02-01,20.81399917602539,21.073333740234375,20.233333587646484,20.3613338470459,109251000.0,TSLA,,,,,,,,,,
2019-02-04,20.859333038330078,21.020000457763672,20.125333786010742,20.865333557128906,110281500.0,TSLA,,,,,,,,,,
2019-02-05,21.42333221435547,21.496000289916992,20.816667556762695,20.832666397094727,101142000.0,TSLA,,,,,,,,,,
2019-02-06,21.148000717163086,21.615999221801758,21.041332244873047,21.305999755859375,75577500.0,TSLA,,,,,,,,,,
2019-02-07,20.500667572021484,20.979999542236328,20.200000762939453,20.886667251586914,97809000.0,TSLA,,,,,,,,,,
2019-02-08,20.386667251586914,20.496667861938477,19.899999618530273,20.455333709716797,87663000.0,TSLA,,,,,,,,,,
2019-02-11,20.856000900268555,21.239999771118164,20.700000762939453,20.773332595825195,106945500.0,TSLA,,,,,,,,,,
2019-02-12,20.78733253479004,21.21266746520996,20.641332626342773,21.079999923706055,82764000.0,TSLA,,,,,,,,,,
2019-02-13,20.544666290283203,20.850000381469727,20.3713321685791,20.823333740234375,77124000.0,TSLA,,,,,,,,,,
2019-02-14,20.251333236694336,20.451332092285156,20.066667556762695,20.225332260131836,78012000.0,TSLA,,,,,,,,,,
2019-02-15,20.525333404541016,20.53333282470703,20.260000228881836,20.299999237060547,58573500.0,TSLA,,,,,,,,,,
2019-02-19,20.375999450683594,20.769332885742188,20.364667892456055,20.437332153320312,62526000.0,TSLA,,,,,,,,,,
2019-02-20,20.17066764831543,20.420000076293945,19.933332443237305,20.29400062561035,107131500.0,TSLA,,,,,,,,,,
2019-02-21,19.415332794189453,20.215999603271484,19.366666793823242,20.12066650390625,133638000.0,TSLA,,,,,,,,,,
2019-02-22,19.6473331451416,19.766666412353516,19.47333335876465,19.632667541503906,86109000.0,TSLA,,,,,,,,,,
2019-02-25,19.917999267578125,20.19333267211914,19.799999237060547,19.860666275024414,99397500.0,TSLA,,,,,,,,,,
2019-02-26,19.857332229614258,20.134000778198242,19.251333236694336,19.481332778930664,128737500.0,TSLA,,,,,,,,,,
2019-02-27,20.982667922973633,21.086666107177734,20.036666870117188,20.118667602539062,167758500.0,TSLA,,,,,,,,,,
2019-02-28,21.325332641601562,21.333332061767578,20.720666885375977,21.261333465576172,157810500.0,TSLA,,,,,,,,,,
2019-03-01,19.652666091918945,20.475332260131836,19.459999084472656,20.46266746520996,343671000.0,TSLA,,,,,,,,,,
2019-03-04,19.02400016784668,19.933332443237305,18.851999282836914,19.874666213989258,256452000.0,TSLA,,,,,,,,,,
2019-03-05,18.43600082397461,18.933332443237305,18.00666618347168,18.799999237060547,281470500.0,TSLA,,,,,,,,,,
2019-03-06,18.416000366210938,18.767332077026367,18.292667388916016,18.43199920654297,155032500.0,TSLA,,,,,,,,,,
2019-03-07,18.439332962036133,18.979999542236328,18.28333282470703,18.589332580566406,141637500.0,TSLA,,,,,,,,,,
2019-03-08,18.94266700744629,19.03933334350586,18.392667770385742,18.46066665649414,132294000.0,TSLA,,,,,,,,,,
2019-03-11,19.39466667175293,19.41866683959961,18.700000762939453,18.90133285522461,110884500.0,TSLA,,,,,,,,,,
2019-03-12,18.890666961669922,19.204666137695312,18.737333297729492,19.099332809448242,112561500.0,TSLA,,,,,,,,,,
2019-03-13,19.263999938964844,19.465999603271484,18.84666633605957,18.926666259765625,102670500.0,TSLA,,,,,,,,,,
2019-03-14,19.33066749572754,19.69266700744629,19.21933364868164,19.496667861938477,106551000.0,TSLA,,,,,,,,,,
2019-03-15,18.36199951171875,18.9146671295166,18.293333053588867,18.900667190551758,221782500.0,TSLA,,,,,,,,,,
2019-03-18,17.965999603271484,18.536666870117188,17.81999969482422,18.399999618530273,154215000.0,TSLA,,,,,,,,,,
2019-03-19,17.83133316040039,18.219999313354492,17.56399917602539,17.833332061767578,177009000.0,TSLA,,,,,,,,,,
2019-03-20,18.239999771118164,18.33133316040039,17.753332138061523,17.979333877563477,103623000.0,TSLA,,,,,,,,,,
2019-03-21,18.26799964904785,18.43000030517578,17.89666748046875,18.17333221435547,89206500.0,TSLA,,,,,,,,,,
2019-03-22,17.635332107543945,18.18666648864746,17.600000381469727,18.172000885009766,131184000.0,TSLA,,,,,,,,,,
2019-03-25,17.3613338470459,17.545333862304688,16.964000701904297,17.31399917602539,153225000.0,TSLA,,,,,,,,,,
2019-03-26,17.851333618164062,18.017332077026367,17.6286678314209,17.62933349609375,110263500.0,TSLA,,,,,,,,,,
2019-03-27,18.32200050354004,18.357999801635742,17.8786678314209,17.916667938232422,131688000.0,TSLA,,,,,,,,,,
2019-03-28,18.57466697692871,18.68866729736328,18.34000015258789,18.477333068847656,101611500.0,TSLA,,,,,,,,,,
2019-03-29,18.657333374023438,18.67733383178711,18.299999237060547,18.579999923706055,89869500.0,TSLA,,,,,,,,,,
2019-04-01,19.278667449951172,19.280000686645508,18.75200080871582,18.841333389282227,121656000.0,TSLA,,,,,,,,,,
2019-04-02,19.058666229248047,19.29599952697754,18.92533302307129,19.219999313354492,82183500.0,TSLA,,,,,,,,,,
2019-04-03,19.45400047302246,19.744667053222656,19.14466667175293,19.154666900634766,118791000.0,TSLA,,,,,,,,,,
2019-04-04,17.851999282836914,18.079999923706055,17.37266731262207,17.459333419799805,355810500.0,TSLA,,,,,,,,,,
2019-04-05,18.33066749572754,18.406667709350586,17.74066734313965,17.99066734313965,195574500.0,TSLA,,,,,,,,,,
2019-04-08,18.213333129882812,18.743999481201172,18.029333114624023,18.512666702270508,156156000.0,TSLA,,,,,,,,,,
2019-04-09,18.15399932861328,18.333332061767578,17.974000930786133,18.110000610351562,88560000.0,TSLA,,,,,,,,,,
2019-04-10,18.40399932861328,18.558666229248047,18.19266700744629,18.44933319091797,105919500.0,TSLA,,,,,,,,,,
2019-04-11,17.89466667175293,18.03333282470703,17.706666946411133,17.886667251586914,147538500.0,TSLA,,,,,,,,,,
2019-04-12,17.84666633605957,18.1299991607666,17.788667678833008,18.014667510986328,101190000.0,TSLA,,,,,,,,,,
2019-04-15,17.7586669921875,17.92533302307129,17.242000579833984,17.908666610717773,150579000.0,TSLA,,,,,,,,,,
2019-04-16,18.224000930786133,18.333332061767578,17.648000717163086,17.71666717529297,109093500.0,TSLA,,,,,,,,,,
2019-04-17,18.082000732421875,18.319332122802734,17.902666091918945,18.316667556762695,76897500.0,TSLA,,,,,,,,,,
2019-04-18,18.21733283996582,18.32266616821289,17.983333587646484,18.082000732421875,88144500.0,TSLA,,,,,,,,,,
2019-04-22,17.516666412353516,17.978666305541992,17.498666763305664,17.933332443237305,182206500.0,TSLA,,,,,,,,,,
2019-04-23,17.593332290649414,17.706666946411133,17.049999237060547,17.343332290649414,164158500.0,TSLA,,,,,,,,,,
2019-04-24,17.243999481201172,17.687999725341797,17.200000762939453,17.59000015258789,160912500.0,TSLA,,,,,,,,,,
2019-04-25,16.5086669921875,17.266666412353516,16.404666900634766,17.0,327741000.0,TSLA,,,,,,,,,,
2019-04-26,15.675999641418457,16.44533348083496,15.408666610717773,16.433332443237305,335410500.0,TSLA,,,,,,,,,,
2019-04-29,16.097999572753906,16.26533317565918,15.477999687194824,15.723999977111816,250717500.0,TSLA,,,,,,,,,,
2019-04-30,15.912667274475098,16.28066635131836,15.800000190734863,16.137332916259766,141969000.0,TSLA,,,,,,,,,,
2019-05-01,15.600666999816895,16.0,15.433333396911621,15.923333168029785,160566000.0,TSLA,,,,,,,,,,
2019-05-02,16.273332595825195,16.475332260131836,15.847999572753906,16.368000030517578,272389500.0,TSLA,,,,,,,,,,
2019-05-03,17.00200080871582,17.107332229614258,16.232667922973633,16.257333755493164,355602000.0,TSLA,,,,,,,,,,
2019-05-06,17.022666931152344,17.22333335876465,16.566667556762695,16.667999267578125,162508500.0,TSLA,,,,,,,,,,
2019-05-07,16.470666885375977,17.1473331451416,16.34000015258789,17.1200008392334,151971000.0,TSLA,,,,,,,,,,
2019-05-08,16.32266616821289,16.706666946411133,16.280000686645508,16.46266746520996,92646000.0,TSLA,,,,,,,,,,
2019-05-09,16.131999969482422,16.245332717895508,15.795999526977539,16.133333206176758,100671000.0,TSLA,,,,,,,,,,
2019-05-10,15.968000411987305,16.132667541503906,15.73466682434082,15.983332633972168,105124500.0,TSLA,,,,,,,,,,
2019-05-13,15.133999824523926,15.498000144958496,14.966667175292969,15.46733283996582,162522000.0,TSLA,,,,,,,,,,
2019-05-14,15.487333297729492,15.633333206176758,15.199999809265137,15.286666870117188,108786000.0,TSLA,,,,,,,,,,
2019-05-15,15.463333129882812,15.496000289916992,15.016667366027832,15.288000106811523,109440000.0,TSLA,,,,,,,,,,
2019-05-16,15.222000122070312,15.399999618530273,15.100000381469727,15.299332618713379,112249500.0,TSLA,,,,,,,,,,
2019-05-17,14.0686674118042,14.815999984741211,13.928000450134277,14.797332763671875,266800500.0,TSLA,,,,,,,,,,
2019-05-20,13.690667152404785,13.733332633972168,13.016667366027832,13.520000457763672,307893000.0,TSLA,,,,,,,,,,
2019-05-21,13.67199993133545,13.826666831970215,13.06933307647705,13.184000015258789,270058500.0,TSLA,,,,,,,,,,
2019-05-22,12.84866714477539,13.595999717712402,12.785332679748535,13.273332595825195,280278000.0,TSLA,,,,,,,,,,
2019-05-23,13.03266716003418,13.29800033569336,12.414667129516602,12.956000328063965,398206500.0,TSLA,,,,,,,,,,
2019-05-24,12.708666801452637,13.331999778747559,12.583333015441895,13.321999549865723,212049000.0,TSLA,,,,,,,,,,
2019-05-28,12.579999923706055,13.0,12.523332595825195,12.74666690826416,154693500.0,TSLA,,,,,,,,,,
2019-05-29,12.657333374023438,12.826000213623047,12.336000442504883,12.473333358764648,179529000.0,TSLA,,,,,,,,,,
2019-05-30,12.54800033569336,12.817333221435547,12.468000411987305,12.583333015441895,118897500.0,TSLA,,,,,,,,,,
2019-05-31,12.343999862670898,12.661333084106445,12.273332595825195,12.34000015258789,156100500.0,TSLA,,,,,,,,,,
2019-06-03,11.9313325881958,12.445332527160645,11.799332618713379,12.36733341217041,195966000.0,TSLA,,,,,,,,,,
2019-06-04,12.90666675567627,12.932000160217285,11.973999977111816,12.073332786560059,207112500.0,TSLA,,,,,,,,,,
2019-06-05,13.105999946594238,13.41866683959961,12.789999961853027,13.245332717895508,202662000.0,TSLA,,,,,,,,,,
2019-06-06,13.729999542236328,14.066666603088379,13.453332901000977,13.629332542419434,303633000.0,TSLA,,,,,,,,,,
2019-06-07,13.633333206176758,14.055999755859375,13.566666603088379,13.666666984558105,240052500.0,TSLA,,,,,,,,,,
2019-06-10,14.192000389099121,14.462667465209961,13.934000015258789,14.016667366027832,158775000.0,TSLA,,,,,,,,,,
2019-06-11,14.473333358764648,14.726667404174805,14.233332633972168,14.609333038330078,174802500.0,TSLA,,,,,,,,,,
2019-06-12,13.950667381286621,14.892000198364258,13.933333396911621,14.863332748413086,227962500.0,TSLA,,,,,,,,,,
2019-06-13,14.260666847229004,14.326666831970215,13.833999633789062,14.025333404541016,122524500.0,TSLA,,,,,,,,,,
2019-06-14,14.32800006866455,14.44333267211914,14.026666641235352,14.083333015441895,111501000.0,TSLA,,,,,,,,,,
2019-06-17,15.001999855041504,15.133333206176758,14.284667015075684,14.36533260345459,184752000.0,TSLA,,,,,,,,,,
2019-06-18,14.982666969299316,15.649333000183105,14.837332725524902,15.248000144958496,190737000.0,TSLA,,,,,,,,,,
2019-06-19,15.095333099365234,15.184666633605957,14.737333297729492,15.007332801818848,98626500.0,TSLA,,,,,,,,,,
2019-06-20,14.641332626342773,15.126667022705078,14.423333168029785,14.866666793823242,177952500.0,TSLA,,,,,,,,,,
2019-06-21,14.790666580200195,14.812000274658203,14.366666793823242,14.414667129516602,123031500.0,TSLA,,,,,,,,,,
2019-06-24,14.909333229064941,15.057332992553711,14.73466682434082,14.88266658782959,86262000.0,TSLA,,,,,,,,,,
2019-06-25,14.650667190551758,15.022666931152344,14.63266658782959,14.959333419799805,92731500.0,TSLA,,,,,,,,,,
2019-06-26,14.618000030517578,15.148667335510254,14.539999961853027,14.687333106994629,127608000.0,TSLA,,,,,,,,,,
2019-06-27,14.855999946594238,14.859999656677246,14.489999771118164,14.630000114440918,95095500.0,TSLA,,,,,,,,,,
2019-06-28,14.897333145141602,15.011333465576172,14.720000267028809,14.732666969299316,102771000.0,TSLA,,,,,,,,,,
2019-07-01,15.14466667175293,15.539999961853027,15.085332870483398,15.347332954406738,123201000.0,TSLA,,,,,,,,,,
2019-07-02,14.970000267028809,15.276666641235352,14.814666748046875,15.259332656860352,138885000.0,TSLA,,,,,,,,,,
2019-07-03,15.65999984741211,16.10466766357422,15.633999824523926,15.959333419799805,213016500.0,TSLA,,,,,,,,,,
2019-07-05,15.539999961853027,15.696666717529297,15.386667251586914,15.637999534606934,105985500.0,TSLA,,,,,,,,,,
2019-07-08,15.355999946594238,15.483332633972168,15.244000434875488,15.416000366210938,88207500.0,TSLA,,,,,,,,,,
2019-07-09,15.337332725524902,15.399999618530273,15.152000427246094,15.264666557312012,92862000.0,TSLA,,,,,,,,,,
2019-07-10,15.928000450134277,15.929332733154297,15.542667388916016,15.609999656677246,137185500.0,TSLA,,,,,,,,,,
2019-07-11,15.90666675567627,16.100000381469727,15.720000267028809,15.87600040435791,112716000.0,TSLA,,,,,,,,,,
2019-07-12,16.338666915893555,16.358667373657227,15.980667114257812,15.983332633972168,138007500.0,TSLA,,,,,,,,,,
2019-07-15,16.899999618530273,16.961332321166992,16.323999404907227,16.53333282470703,165001500.0,TSLA,,,,,,,,,,
2019-07-16,16.825332641601562,16.902000427246094,16.528667449951172,16.6200008392334,122235000.0,TSLA,,,,,,,,,,
2019-07-17,16.99066734313965,17.220666885375977,16.889999389648438,17.044666290283203,146470500.0,TSLA,,,,,,,,,,
2019-07-18,16.902666091918945,17.049999237060547,16.792667388916016,17.003332138061523,71379000.0,TSLA,,,,,,,,,,
2019-07-19,17.211999893188477,17.33066749572754,16.974666595458984,17.04599952697754,105726000.0,TSLA,,,,,,,,,,
2019-07-22,17.045333862304688,17.476667404174805,16.945999145507812,17.25,102636000.0,TSLA,,,,,,,,,,
2019-07-23,17.344667434692383,17.365333557128906,16.96666717529297,17.11400032043457,75346500.0,TSLA,,,,,,,,,,
2019-07-24,17.658666610717773,17.738000869750977,17.21066665649414,17.277999877929688,166092000.0,TSLA,,,,,,,,,,
2019-07-25,15.254667282104492,15.633333206176758,15.036666870117188,15.566666603088379,336274500.0,TSLA,,,,,,,,,,
2019-07-26,15.202667236328125,15.350666999816895,14.816666603088379,15.128000259399414,150415500.0,TSLA,,,,,,,,,,
2019-07-29,15.718000411987305,15.72933292388916,15.0686674118042,15.13933277130127,139099500.0,TSLA,,,,,,,,,,
2019-07-30,16.150667190551758,16.224000930786133,15.478667259216309,15.526666641235352,121635000.0,TSLA,,,,,,,,,,
2019-07-31,16.107332229614258,16.44533348083496,15.776666641235352,16.200000762939453,137673000.0,TSLA,,,,,,,,,,
2019-08-01,15.59000015258789,16.30066680908203,15.451333045959473,16.176666259765625,123892500.0,TSLA,,,,,,,,,,
2019-08-02,15.62266731262207,15.751333236694336,15.281999588012695,15.423333168029785,92047500.0,TSLA,,,,,,,,,,
2019-08-05,15.221332550048828,15.424667358398438,15.052000045776367,15.30666732788086,105424500.0,TSLA,,,,,,,,,,
2019-08-06,15.383333206176758,15.5,15.050000190734863,15.458666801452637,83463000.0,TSLA,,,,,,,,,,
2019-08-07,15.561332702636719,15.571332931518555,15.053333282470703,15.100000381469727,71647500.0,TSLA,,,,,,,,,,
2019-08-08,15.886667251586914,15.986666679382324,15.510000228881836,15.630000114440918,79114500.0,TSLA,,,,,,,,,,
2019-08-09,15.667332649230957,15.93066692352295,15.587332725524902,15.736666679382324,58473000.0,TSLA,,,,,,,,,,
2019-08-12,15.267333030700684,15.718000411987305,15.25,15.53266716003418,69958500.0,TSLA,,,,,,,,,,
2019-08-13,15.666666984558105,15.733332633972168,15.170000076293945,15.253999710083008,72721500.0,TSLA,,,,,,,,,,
2019-08-14,14.641332626342773,15.433333396911621,14.446000099182129,15.413999557495117,143439000.0,TSLA,,,,,,,,,,
2019-08-15,14.37600040435791,14.77066707611084,14.103333473205566,14.723999977111816,122394000.0,TSLA,,,,,,,,,,
2019-08-16,14.662667274475098,14.815999984741211,14.40133285522461,14.444000244140625,76477500.0,TSLA,,,,,,,,,,
2019-08-19,15.121999740600586,15.188667297363281,14.779999732971191,14.947333335876465,79644000.0,TSLA,,,,,,,,,,
2019-08-20,15.057332992553711,15.272666931152344,14.969332695007324,15.174667358398438,61878000.0,TSLA,,,,,,,,,,
2019-08-21,14.722000122070312,14.881333351135254,14.506667137145996,14.800666809082031,116914500.0,TSLA,,,,,,,,,,
2019-08-22,14.8100004196167,15.026666641235352,14.54800033569336,14.853333473205566,98385000.0,TSLA,,,,,,,,,,
2019-08-23,14.09333324432373,14.744667053222656,14.066666603088379,14.664667129516602,128079000.0,TSLA,,,,,,,,,,
2019-08-26,14.333333015441895,14.334667205810547,14.102666854858398,14.239999771118164,75778500.0,TSLA,,,,,,,,,,
2019-08-27,14.272000312805176,14.58666706085205,14.135333061218262,14.38266658782959,81243000.0,TSLA,,,,,,,,,,
2019-08-28,14.37266731262207,14.483332633972168,14.154000282287598,14.246000289916992,48382500.0,TSLA,,,,,,,,,,
2019-08-29,14.780667304992676,14.893333435058594,14.533332824707031,14.600000381469727,77692500.0,TSLA,,,,,,,,,,
2019-08-30,15.040666580200195,15.496000289916992,14.947333335876465,15.276666641235352,139809000.0,TSLA,,,,,,,,,,
2019-09-03,15.000666618347168,15.263333320617676,14.87733268737793,14.938667297363281,80311500.0,TSLA,,,,,,,,,,
2019-09-04,14.711999893188477,15.230667114257812,14.61400032043457,15.12600040435791,86415000.0,TSLA,,,,,,,,,,
2019-09-05,15.305333137512207,15.319999694824219,14.723333358764648,14.833333015441895,110929500.0,TSLA,,,,,,,,,,
2019-09-06,15.16333293914795,15.309332847595215,15.011333465576172,15.146666526794434,62841000.0,TSLA,,,,,,,,,,
2019-09-09,15.452667236328125,15.583999633789062,15.281999588012695,15.333333015441895,72040500.0,TSLA,,,,,,,,,,
2019-09-10,15.702667236328125,15.702667236328125,15.262666702270508,15.386667251586914,73255500.0,TSLA,,,,,,,,,,
2019-09-11,16.47333335876465,16.544666290283203,15.733332633972168,15.825332641601562,150642000.0,TSLA,,,,,,,,,,
2019-09-12,16.391332626342773,16.899999618530273,16.293333053588867,16.51333236694336,128718000.0,TSLA,,,,,,,,,,
2019-09-13,16.34666633605957,16.56333351135254,16.32466697692871,16.464000701904297,79696500.0,TSLA,,,,,,,,,,
2019-09-16,16.187332153320312,16.495332717895508,16.077999114990234,16.399999618530273,70921500.0,TSLA,,,,,,,,,,
2019-09-17,16.319332122802734,16.373332977294922,16.024667739868164,16.1646671295166,57981000.0,TSLA,,,,,,,,,,
2019-09-18,16.232667922973633,16.544666290283203,16.158000946044922,16.333332061767578,62553000.0,TSLA,,,,,,,,,,
2019-09-19,16.440000534057617,16.529333114624023,16.32266616821289,16.399999618530273,71937000.0,TSLA,,,,,,,,,,
2019-09-20,16.041332244873047,16.463333129882812,15.87733268737793,16.432666778564453,95295000.0,TSLA,,,,,,,,,,
2019-09-23,16.082000732421875,16.345333099365234,15.947999954223633,16.0,65103000.0,TSLA,,,,,,,,,,
2019-09-24,14.880666732788086,16.132667541503906,14.840666770935059,16.101333618164062,193372500.0,TSLA,,,,,,,,,,
2019-09-25,15.24666690826416,15.26533317565918,14.557332992553711,14.970666885375977,141406500.0,TSLA,,,,,,,,,,
2019-09-26,16.17066764831543,16.220666885375977,15.15999984741211,15.37733268737793,178267500.0,TSLA,,,,,,,,,,
2019-09-27,16.142000198364258,16.58066749572754,15.915332794189453,16.14666748046875,166746000.0,TSLA,,,,,,,,,,
2019-09-30,16.058000564575195,16.26533317565918,15.740667343139648,16.200000762939453,88197000.0,TSLA,,,,,,,,,,
2019-10-01,16.312667846679688,16.39666748046875,15.942000389099121,16.100000381469727,92439000.0,TSLA,,,,,,,,,,
2019-10-02,16.208667755126953,16.309999465942383,15.961999893188477,16.21933364868164,84471000.0,TSLA,,,,,,,,,,
2019-10-03,15.535332679748535,15.631999969482422,14.95199966430664,15.457332611083984,226267500.0,TSLA,,,,,,,,,,
2019-10-04,15.428667068481445,15.652000427246094,15.204667091369629,15.440667152404785,119925000.0,TSLA,,,,,,,,,,
2019-10-07,15.847999572753906,15.904000282287598,15.236666679382324,15.319999694824219,120963000.0,TSLA,,,,,,,,,,
2019-10-08,16.003332138061523,16.262666702270508,15.633333206176758,15.724666595458984,130173000.0,TSLA,,,,,,,,,,
2019-10-09,16.302000045776367,16.48666763305664,16.043333053588867,16.08799934387207,103416000.0,TSLA,,,,,,,,,,
2019-10-10,16.31599998474121,16.618667602539062,16.10533332824707,16.351999282836914,94249500.0,TSLA,,,,,,,,,,
2019-10-11,16.525999069213867,16.738666534423828,16.45400047302246,16.476667404174805,127131000.0,TSLA,,,,,,,,,,
2019-10-14,17.130666732788086,17.23666763305664,16.475332260131836,16.52666664123535,153075000.0,TSLA,,,,,,,,,,
2019-10-15,17.19266700744629,17.333332061767578,16.941333770751953,17.18000030517578,96492000.0,TSLA,,,,,,,,,,
2019-10-16,17.316667556762695,17.47333335876465,17.128000259399414,17.159332275390625,100261500.0,TSLA,,,,,,,,,,
2019-10-17,17.46466636657715,17.652000427246094,17.344667434692383,17.5,71539500.0,TSLA,,,,,,,,,,
2019-10-18,17.1299991607666,17.520000457763672,17.00666618347168,17.3799991607666,86247000.0,TSLA,,,,,,,,,,
2019-10-21,16.899999618530273,17.299999237060547,16.678667068481445,17.222000122070312,75304500.0,TSLA,,,,,,,,,,
2019-10-22,17.038667678833008,17.222000122070312,16.72333335876465,16.954666137695312,69012000.0,TSLA,,,,,,,,,,
2019-10-23,16.978666305541992,17.076000213623047,16.75666618347168,16.96666717529297,78916500.0,TSLA,,,,,,,,,,
2019-10-24,19.978666305541992,20.32866668701172,19.280000686645508,19.891332626342773,445813500.0,TSLA,,,,,,,,,,
2019-10-25,21.875333786010742,22.0,19.74066734313965,19.847999572753906,450091500.0,TSLA,,,,,,,,,,
2019-10-28,21.847333908081055,22.722667694091797,21.50666618347168,21.836000442504883,283054500.0,TSLA,,,,,,,,,,
2019-10-29,21.08133316040039,21.6200008392334,20.983333587646484,21.332666397094727,190264500.0,TSLA,,,,,,,,,,
2019-10-30,21.000667572021484,21.252666473388672,20.6646671295166,20.866666793823242,144627000.0,TSLA,,,,,,,,,,
2019-10-31,20.994667053222656,21.266666412353516,20.866666793823242,20.873332977294922,76005000.0,TSLA,,,,,,,,,,
2019-11-01,20.887332916259766,21.09866714477539,20.65333366394043,21.08799934387207,95758500.0,TSLA,,,,,,,,,,
2019-11-04,21.1646671295166,21.46266746520996,20.617332458496094,20.98666763305664,131805000.0,TSLA,,,,,,,,,,
2019-11-05,21.148000717163086,21.567333221435547,21.07466697692871,21.308000564575195,104151000.0,TSLA,,,,,,,,,,
2019-11-06,21.77199935913086,21.781333923339844,20.96666717529297,21.200000762939453,119113500.0,TSLA,,,,,,,,,,
2019-11-07,22.369333267211914,22.766666412353516,21.868000030517578,21.94266700744629,217009500.0,TSLA,,,,,,,,,,
2019-11-08,22.47599983215332,22.497333526611328,22.166667938232422,22.299999237060547,91038000.0,TSLA,,,,,,,,,,
2019-11-11,23.006000518798828,23.279333114624023,22.799999237060547,22.93000030517578,149800500.0,TSLA,,,,,,,,,,
2019-11-12,23.32866668701172,23.357999801635742,22.93600082397461,23.126667022705078,110391000.0,TSLA,,,,,,,,,,
2019-11-13,23.073999404907227,23.755332946777344,23.011999130249023,23.666667938232422,126301500.0,TSLA,,,,,,,,,,
2019-11-14,23.290000915527344,23.589332580566406,22.860666275024414,23.073999404907227,96973500.0,TSLA,,,,,,,,,,
2019-11-15,23.47800064086914,23.520000457763672,23.224000930786133,23.375999450683594,72135000.0,TSLA,,,,,,,,,,
2019-11-18,23.332666397094727,23.543333053588867,23.073333740234375,23.527999877929688,66006000.0,TSLA,,,,,,,,,,
2019-11-19,23.968000411987305,23.999332427978516,23.18666648864746,23.450000762939453,115872000.0,TSLA,,,,,,,,,,
2019-11-20,23.481332778930664,24.079999923706055,23.30466651916504,24.0,100876500.0,TSLA,,,,,,,,,,
2019-11-21,23.655332565307617,24.055999755859375,23.600000381469727,23.634000778198242,91650000.0,TSLA,,,,,,,,,,
2019-11-22,22.202667236328125,22.733333587646484,22.0,22.67733383178711,253059000.0,TSLA,,,,,,,,,,
2019-11-25,22.422666549682617,22.971332550048828,22.297332763671875,22.954666137695312,185092500.0,TSLA,,,,,,,,,,
2019-11-26,21.92799949645996,22.366666793823242,21.80666732788086,22.351333618164062,119211000.0,TSLA,,,,,,,,,,
2019-11-27,22.086000442504883,22.261999130249023,21.904666900634766,22.07466697692871,83334000.0,TSLA,,,,,,,,,,
2019-11-29,21.996000289916992,22.083999633789062,21.833332061767578,22.073999404907227,36984000.0,TSLA,,,,,,,,,,
2019-12-02,22.32466697692871,22.42533302307129,21.91266632080078,21.959999084472656,91117500.0,TSLA,,,,,,,,,,
2019-12-03,22.413333892822266,22.527332305908203,22.145999908447266,22.174667358398438,98605500.0,TSLA,,,,,,,,,,
2019-12-04,22.20199966430664,22.52400016784668,22.190000534057617,22.516666412353516,82995000.0,TSLA,,,,,,,,,,
2019-12-05,22.024667739868164,22.294666290283203,21.816667556762695,22.18866729736328,55869000.0,TSLA,,,,,,,,,,
2019-12-06,22.392667770385742,22.590667724609375,22.31800079345703,22.333332061767578,114186000.0,TSLA,,,,,,,,,,
2019-12-09,22.635332107543945,22.963333129882812,22.338666915893555,22.439332962036133,135346500.0,TSLA,,,,,,,,,,
2019-12-10,23.256000518798828,23.381999969482422,22.62066650390625,22.663999557495117,132424500.0,TSLA,,,,,,,,,,
2019-12-11,23.51333236694336,23.812667846679688,23.4060001373291,23.458667755126953,103467000.0,TSLA,,,,,,,,,,
2019-12-12,23.978666305541992,24.182666778564453,23.548667907714844,23.661333084106445,116458500.0,TSLA,,,,,,,,,,
2019-12-13,23.892667770385742,24.347333908081055,23.642667770385742,24.06999969482422,98563500.0,TSLA,,,,,,,,,,
2019-12-16,25.433332443237305,25.573999404907227,24.166667938232422,24.170000076293945,272613000.0,TSLA,,,,,,,,,,
2019-12-17,25.266000747680664,25.700000762939453,25.059999465942383,25.266000747680664,127452000.0,TSLA,,,,,,,,,,
2019-12-18,26.209999084472656,26.347999572753906,25.371999740600586,25.375333786010742,211815000.0,TSLA,,,,,,,,,,
2019-12-19,26.93600082397461,27.123332977294922,26.433332443237305,26.488000869750977,271606500.0,TSLA,,,,,,,,,,
2019-12-20,27.03933334350586,27.53333282470703,26.679332733154297,27.3526668548584,221290500.0,TSLA,,,,,,,,,,
2019-12-23,27.947999954223633,28.134000778198242,27.333332061767578,27.45199966430664,199794000.0,TSLA,,,,,,,,,,
2019-12-24,28.350000381469727,28.364667892456055,27.512666702270508,27.890666961669922,120820500.0,TSLA,,,,,,,,,,
2019-12-26,28.729333877563477,28.898666381835938,28.42333221435547,28.527332305908203,159508500.0,TSLA,,,,,,,,,,
2019-12-27,28.691999435424805,29.020666122436523,28.407333374023438,29.0,149185500.0,TSLA,,,,,,,,,,
2019-12-30,27.64666748046875,28.600000381469727,27.284000396728516,28.586000442504883,188796000.0,TSLA,,,,,,,,,,
2019-12-31,27.8886661529541,28.086000442504883,26.80533218383789,27.0,154285500.0,TSLA,,,,,,,,,,
2020-01-02,28.68400001525879,28.713333129882812,28.11400032043457,28.299999237060547,142981500.0,TSLA,,,,,,,,,,
2020-01-03,29.534000396728516,30.266666412353516,29.128000259399414,29.366666793823242,266677500.0,TSLA,,,,,,,,,,
2020-01-06,30.1026668548584,30.104000091552734,29.333332061767578,29.364667892456055,151995000.0,TSLA,,,,,,,,,,
2020-01-07,31.270666122436523,31.441999435424805,30.224000930786133,30.760000228881836,268231500.0,TSLA,,,,,,,,,,
2020-01-08,32.80933380126953,33.232666015625,31.215333938598633,31.579999923706055,467164500.0,TSLA,,,,,,,,,,
2020-01-09,32.089332580566406,33.253334045410156,31.524667739868164,33.13999938964844,426606000.0,TSLA,,,,,,,,,,
2020-01-10,31.876667022705078,32.3293342590332,31.579999923706055,32.11933135986328,194392500.0,TSLA,,,,,,,,,,
2020-01-13,34.990665435791016,35.04199981689453,32.79999923706055,32.900001525878906,397764000.0,TSLA,,,,,,,,,,
2020-01-14,35.861331939697266,36.49399948120117,34.99333190917969,36.284000396728516,434943000.0,TSLA,,,,,,,,,,
2020-01-15,34.56666564941406,35.85599899291992,34.452667236328125,35.31733322143555,260532000.0,TSLA,,,,,,,,,,
2020-01-16,34.232666015625,34.297332763671875,32.81133270263672,32.91666793823242,326050500.0,TSLA,,,,,,,,,,
2020-01-17,34.03333282470703,34.37799835205078,33.54399871826172,33.840667724609375,204436500.0,TSLA,,,,,,,,,,
2020-01-21,36.47999954223633,36.571998596191406,35.227333068847656,35.349998474121094,267052500.0,TSLA,,,,,,,,,,
2020-01-22,37.97066879272461,39.633331298828125,37.27333450317383,38.125999450683594,470535000.0,TSLA,,,,,,,,,,
2020-01-23,38.14666748046875,38.79999923706055,37.040000915527344,37.616668701171875,294765000.0,TSLA,,,,,,,,,,
2020-01-24,37.654666900634766,38.25733184814453,36.95066833496094,38.04199981689453,215304000.0,TSLA,,,,,,,,,,
2020-01-27,37.201332092285156,37.62933349609375,35.95199966430664,36.132667541503906,204121500.0,TSLA,,,,,,,,,,
2020-01-28,37.793331146240234,38.45399856567383,37.2053337097168,37.89933395385742,176827500.0,TSLA,,,,,,,,,,
2020-01-29,38.732666015625,39.31999969482422,37.82866668701172,38.37933349609375,267022500.0,TSLA,,,,,,,,,,
2020-01-30,42.72066879272461,43.391998291015625,41.20000076293945,42.16133117675781,435085500.0,TSLA,,,,,,,,,,
2020-01-31,43.371334075927734,43.53333282470703,42.167999267578125,42.66666793823242,235789500.0,TSLA,,,,,,,,,,
2020-02-03,52.0,52.409332275390625,44.90133285522461,44.91266632080078,705975000.0,TSLA,,,,,,,,,,
2020-02-04,59.137332916259766,64.59933471679688,55.59199905395508,58.86399841308594,914082000.0,TSLA,,,,,,,,,,
2020-02-05,48.97999954223633,56.39866638183594,46.94066619873047,54.88399887084961,726357000.0,TSLA,,,,,,,,,,
2020-02-06,49.930667877197266,53.05533218383789,45.79999923706055,46.66133117675781,598212000.0,TSLA,,,,,,,,,,
2020-02-07,49.871334075927734,51.31666564941406,48.66666793823242,48.70333480834961,255952500.0,TSLA,,,,,,,,,,
2020-02-10,51.41866683959961,54.66600036621094,50.15999984741211,53.33333206176758,370338000.0,TSLA,,,,,,,,,,
2020-02-11,51.62533187866211,52.23400115966797,50.53333282470703,51.25266647338867,175462500.0,TSLA,,,,,,,,,,
2020-02-12,51.15266799926758,52.650001525878906,50.891334533691406,51.858001708984375,180337500.0,TSLA,,,,,,,,,,
2020-02-13,53.599998474121094,54.53333282470703,49.0,49.45600128173828,394339500.0,TSLA,,,,,,,,,,
2020-02-14,53.33533477783203,54.198001861572266,52.366668701171875,52.4813346862793,235405500.0,TSLA,,,,,,,,,,
2020-02-18,57.22666549682617,57.33333206176758,55.490665435791016,56.106666564941406,245725500.0,TSLA,,,,,,,,,,
2020-02-19,61.16133117675781,62.98533248901367,60.06800079345703,61.56666564941406,381345000.0,TSLA,,,,,,,,,,
2020-02-20,59.96066665649414,60.79999923706055,57.3293342590332,60.79666519165039,264523500.0,TSLA,,,,,,,,,,
2020-02-21,60.06666564941406,60.87066650390625,58.6966667175293,60.46533203125,214722000.0,TSLA,,,,,,,,,,
2020-02-24,55.58599853515625,57.56666564941406,54.813331604003906,55.93333435058594,227883000.0,TSLA,,,,,,,,,,
2020-02-25,53.32733154296875,57.106666564941406,52.46666717529297,56.599998474121094,259357500.0,TSLA,,,,,,,,,,
2020-02-26,51.91999816894531,54.22066879272461,51.740665435791016,52.16666793823242,211282500.0,TSLA,,,,,,,,,,
2020-02-27,45.266666412353516,49.31800079345703,44.599998474121094,48.66666793823242,364158000.0,TSLA,,,,,,,,,,
2020-02-28,44.53266525268555,46.03466796875,40.768001556396484,41.97999954223633,363343500.0,TSLA,,,,,,,,,,
2020-03-02,49.574668884277344,49.5793342590332,45.77799987792969,47.41733169555664,302925000.0,TSLA,,,,,,,,,,
2020-03-03,49.70066833496094,53.798667907714844,47.740665435791016,53.66666793823242,386760000.0,TSLA,,,,,,,,,,
2020-03-04,49.96666717529297,51.10133361816406,48.31533432006836,50.930667877197266,225735000.0,TSLA,,,,,,,,,,
2020-03-05,48.30266571044922,49.71666717529297,47.871334075927734,48.2513313293457,162790500.0,TSLA,,,,,,,,,,
2020-03-06,46.89866638183594,47.133331298828125,45.61800003051758,46.0,189943500.0,TSLA,,,,,,,,,,
2020-03-09,40.53333282470703,44.20000076293945,40.33333206176758,40.35933303833008,256105500.0,TSLA,,,,,,,,,,
2020-03-10,43.02199935913086,44.53333282470703,40.53333282470703,43.96200180053711,233916000.0,TSLA,,,,,,,,,,
2020-03-11,42.28200149536133,43.571998596191406,40.866668701171875,42.68000030517578,199837500.0,TSLA,,,,,,,,,,
2020-03-12,37.369998931884766,39.633331298828125,36.41666793823242,38.72600173950195,283636500.0,TSLA,,,,,,,,,,
2020-03-13,36.44133377075195,40.50466537475586,33.46666717529297,39.66666793823242,339604500.0,TSLA,,,,,,,,,,
2020-03-16,29.67133331298828,32.9913330078125,29.47800064086914,31.299999237060547,307342500.0,TSLA,,,,,,,,,,
2020-03-17,28.68000030517578,31.456666946411133,26.399999618530273,29.333999633789062,359919000.0,TSLA,,,,,,,,,,
2020-03-18,24.08133316040039,26.99066734313965,23.367332458496094,25.933332443237305,356793000.0,TSLA,,,,,,,,,,
2020-03-19,28.50933265686035,30.133333206176758,23.8973331451416,24.979999542236328,452932500.0,TSLA,,,,,,,,,,
2020-03-20,28.50200080871582,31.799999237060547,28.38599967956543,29.213333129882812,424282500.0,TSLA,,,,,,,,,,
2020-03-23,28.952667236328125,29.46666717529297,27.366666793823242,28.906667709350586,246817500.0,TSLA,,,,,,,,,,
2020-03-24,33.66666793823242,34.24599838256836,31.600000381469727,31.81999969482422,343428000.0,TSLA,,,,,,,,,,
2020-03-25,35.95000076293945,37.133331298828125,34.07400131225586,36.349998474121094,318340500.0,TSLA,,,,,,,,,,
2020-03-26,35.21066665649414,37.33333206176758,34.150001525878906,36.49266815185547,260710500.0,TSLA,,,,,,,,,,
2020-03-27,34.29066848754883,35.0533332824707,32.935333251953125,33.66666793823242,215661000.0,TSLA,,,,,,,,,,
2020-03-30,33.47533416748047,34.44333267211914,32.7486686706543,34.017333984375,179971500.0,TSLA,,,,,,,,,,
2020-03-31,34.93333435058594,36.19733428955078,33.133331298828125,33.41666793823242,266572500.0,TSLA,,,,,,,,,,
2020-04-01,32.104000091552734,34.26333236694336,31.67333221435547,33.599998474121094,200298000.0,TSLA,,,,,,,,,,
2020-04-02,30.29800033569336,32.95066833496094,29.760000228881836,32.068668365478516,297876000.0,TSLA,,,,,,,,,,
2020-04-03,32.000667572021484,34.36600112915039,31.22599983215332,33.96666717529297,338431500.0,TSLA,,,,,,,,,,
2020-04-06,34.41600036621094,34.733333587646484,33.19733428955078,34.08000183105469,223527000.0,TSLA,,,,,,,,,,
2020-04-07,36.36333465576172,37.66666793823242,35.48933410644531,36.33333206176758,268797000.0,TSLA,,,,,,,,,,
2020-04-08,36.589332580566406,37.14733123779297,35.55533218383789,36.9466667175293,189840000.0,TSLA,,,,,,,,,,
2020-04-09,38.20000076293945,38.345333099365234,37.14066696166992,37.4726676940918,204750000.0,TSLA,,,,,,,,,,
2020-04-13,43.39666748046875,43.46666717529297,38.70199966430664,39.34400177001953,337131000.0,TSLA,,,,,,,,,,
2020-04-14,47.32600021362305,49.45866775512695,46.1619987487793,46.597999572753906,458647500.0,TSLA,,,,,,,,,,
2020-04-15,48.65533447265625,50.20866775512695,47.33333206176758,49.46666717529297,353655000.0,TSLA,,,,,,,,,,
2020-04-16,49.680667877197266,50.630001068115234,47.11466598510742,47.79600143432617,309868500.0,TSLA,,,,,,,,,,
2020-04-17,50.259334564208984,51.663333892822266,49.84400177001953,51.48533248901367,196923000.0,TSLA,,,,,,,,,,
2020-04-20,49.75733184814453,51.03799819946289,47.48066711425781,48.8466682434082,221199000.0,TSLA,,,,,,,,,,
2020-04-21,45.781333923339844,50.22200012207031,44.919334411621094,48.67466735839844,303136500.0,TSLA,,,,,,,,,,
2020-04-22,48.807334899902344,48.93333435058594,45.91400146484375,46.93199920654297,212482500.0,TSLA,,,,,,,,,,
2020-04-23,47.04199981689453,48.93333435058594,46.87533187866211,48.50666809082031,198550500.0,TSLA,,,,,,,,,,
2020-04-24,48.34333419799805,48.71533203125,46.54533386230469,47.387332916259766,198180000.0,TSLA,,,,,,,,,,
2020-04-27,53.25,53.29933166503906,49.0,49.17399978637695,310221000.0,TSLA,,,,,,,,,,
2020-04-28,51.27466583251953,53.66666793823242,50.44599914550781,53.042667388916016,228330000.0,TSLA,,,,,,,,,,
2020-04-29,53.367332458496094,53.54666519165039,52.21066665649414,52.678001403808594,243240000.0,TSLA,,,,,,,,,,
2020-04-30,52.12533187866211,57.987998962402344,50.900001525878906,57.01266860961914,427078500.0,TSLA,,,,,,,,,,
2020-05-01,46.75466537475586,51.518001556396484,45.5359992980957,50.33333206176758,487977000.0,TSLA,,,,,,,,,,
2020-05-04,50.74599838256836,50.79999923706055,46.53333282470703,46.733333587646484,288556500.0,TSLA,,,,,,,,,,
2020-05-05,51.2140007019043,53.26133346557617,50.8120002746582,52.65266799926758,254875500.0,TSLA,,,,,,,,,,
2020-05-06,52.172000885009766,52.6533317565918,50.740665435791016,51.766666412353516,166848000.0,TSLA,,,,,,,,,,
2020-05-07,52.00266647338867,53.09333419799805,51.4900016784668,51.81399917602539,172915500.0,TSLA,,,,,,,,,,
2020-05-08,54.62799835205078,54.93333435058594,52.46733474731445,52.917999267578125,241297500.0,TSLA,,,,,,,,,,
2020-05-11,54.08599853515625,54.93333435058594,52.33333206176758,52.70066833496094,247794000.0,TSLA,,,,,,,,,,
2020-05-12,53.96066665649414,56.21933364868164,53.866668701171875,55.133331298828125,238603500.0,TSLA,,,,,,,,,,
2020-05-13,52.73066711425781,55.06666564941406,50.88666534423828,54.72200012207031,285982500.0,TSLA,,,,,,,,,,
2020-05-14,53.55533218383789,53.557334899902344,50.93333435058594,52.0,205233000.0,TSLA,,,,,,,,,,
2020-05-15,53.27799987792969,53.66999816894531,52.436668395996094,52.689998626708984,157776000.0,TSLA,,,,,,,,,,
2020-05-18,54.242000579833984,55.64799880981445,53.59199905395508,55.185333251953125,174987000.0,TSLA,,,,,,,,,,
2020-05-19,53.867332458496094,54.80466842651367,53.73866653442383,54.34466552734375,144547500.0,TSLA,,,,,,,,,,
2020-05-20,54.37066650390625,55.06666564941406,54.119998931884766,54.70000076293945,109639500.0,TSLA,,,,,,,,,,
2020-05-21,55.17333221435547,55.5,53.06666564941406,54.400001525878906,183819000.0,TSLA,,,,,,,,,,
2020-05-22,54.45866775512695,55.45199966430664,54.133331298828125,54.81133270263672,149812500.0,TSLA,,,,,,,,,,
2020-05-26,54.591331481933594,55.63999938964844,54.38066864013672,55.633331298828125,121345500.0,TSLA,,,,,,,,,,
2020-05-27,54.68199920654297,55.180667877197266,52.33333206176758,54.7239990234375,173242500.0,TSLA,,,,,,,,,,
2020-05-28,53.72066879272461,54.983333587646484,53.44599914550781,54.23400115966797,108834000.0,TSLA,,,,,,,,,,
2020-05-29,55.66666793823242,55.66666793823242,53.61399841308594,53.91666793823242,176467500.0,TSLA,,,,,,,,,,
2020-06-01,59.87333297729492,59.93333435058594,56.939998626708984,57.20000076293945,224092500.0,TSLA,,,,,,,,,,
2020-06-02,58.770668029785156,60.57733154296875,58.06666564941406,59.64666748046875,203484000.0,TSLA,,,,,,,,,,
2020-06-03,58.86399841308594,59.862667083740234,58.67333221435547,59.20800018310547,119242500.0,TSLA,,,,,,,,,,
2020-06-04,57.62533187866211,59.71666717529297,57.229331970214844,59.32533264160156,133315500.0,TSLA,,,,,,,,,,
2020-06-05,59.04399871826172,59.10133361816406,57.746665954589844,58.522666931152344,117178500.0,TSLA,,,,,,,,,,
2020-06-08,63.327999114990234,63.33333206176758,60.61066818237305,61.266666412353516,212620500.0,TSLA,,,,,,,,,,
2020-06-09,62.711334228515625,63.62933349609375,61.595333099365234,62.66733169555664,170823000.0,TSLA,,,,,,,,,,
2020-06-10,68.336669921875,68.49866485595703,65.5,66.12533569335938,278451000.0,TSLA,,,,,,,,,,
2020-06-11,64.85600280761719,67.9306640625,64.80000305175781,66.01333618164062,238747500.0,TSLA,,,,,,,,,,
2020-06-12,62.35200119018555,65.8653335571289,60.84000015258789,65.33333587646484,251451000.0,TSLA,,,,,,,,,,
2020-06-15,66.05999755859375,66.5893325805664,60.56666564941406,61.18600082397461,235458000.0,TSLA,,,,,,,,,,
2020-06-16,65.47533416748047,67.52532958984375,64.15933227539062,67.4566650390625,210766500.0,TSLA,,,,,,,,,,
2020-06-17,66.11933135986328,67.0,65.50466918945312,65.84733581542969,148362000.0,TSLA,,,,,,,,,,
2020-06-18,66.9306640625,67.94667053222656,66.2979965209961,66.86666870117188,146278500.0,TSLA,,,,,,,,,,
2020-06-19,66.72666931152344,67.73133087158203,66.0893325805664,67.51866912841797,130195500.0,TSLA,,,,,,,,,,
2020-06-22,66.28800201416016,67.2586669921875,66.00133514404297,66.663330078125,95436000.0,TSLA,,,,,,,,,,
2020-06-23,66.78533172607422,67.46666717529297,66.267333984375,66.59200286865234,95479500.0,TSLA,,,,,,,,,,
2020-06-24,64.0566635131836,66.72533416748047,63.542667388916016,66.27400207519531,164394000.0,TSLA,,,,,,,,,,
2020-06-25,65.73200225830078,65.73200225830078,62.47666549682617,63.61800003051758,138817500.0,TSLA,,,,,,,,,,
2020-06-26,63.982666015625,66.33333587646484,63.65800094604492,66.31866455078125,132823500.0,TSLA,,,,,,,,,,
2020-06-29,67.29000091552734,67.33333587646484,63.23466873168945,64.60066986083984,135396000.0,TSLA,,,,,,,,,,
2020-06-30,71.98733520507812,72.51266479492188,66.91533660888672,67.0999984741211,253777500.0,TSLA,,,,,,,,,,
2020-07-01,74.64199829101562,75.68866729736328,72.03333282470703,72.19999694824219,199903500.0,TSLA,,,,,,,,,,
2020-07-02,80.57733154296875,81.86666870117188,79.04000091552734,81.43199920654297,258751500.0,TSLA,,,,,,,,,,
2020-07-06,91.43866729736328,91.85266876220703,84.40266418457031,85.11266326904297,308548500.0,TSLA,,,,,,,,,,
2020-07-07,92.65733337402344,95.30000305175781,89.11399841308594,93.6673355102539,322345500.0,TSLA,,,,,,,,,,
2020-07-08,91.05867004394531,94.48400115966797,87.42266845703125,93.66666412353516,244669500.0,TSLA,,,,,,,,,,
2020-07-09,92.9520034790039,93.90399932861328,90.08533477783203,93.1326675415039,175764000.0,TSLA,,,,,,,,,,
2020-07-10,102.97666931152344,103.2613296508789,91.73400115966797,93.06666564941406,350064000.0,TSLA,,,,,,,,,,
2020-07-13,99.80400085449219,119.66600036621094,98.0739974975586,110.5999984741211,584781000.0,TSLA,,,,,,,,,,
2020-07-14,101.12000274658203,106.0,95.4000015258789,103.73332977294922,351271500.0,TSLA,,,,,,,,,,
2020-07-15,103.06732940673828,103.33333587646484,97.13333129882812,102.86666870117188,245517000.0,TSLA,,,,,,,,,,
2020-07-16,100.04266357421875,102.11399841308594,97.73332977294922,98.47733306884766,214512000.0,TSLA,,,,,,,,,,
2020-07-17,100.05599975585938,102.50066375732422,99.33333587646484,100.89666748046875,139950000.0,TSLA,,,,,,,,,,
2020-07-20,109.53333282470703,110.0,99.19999694824219,101.267333984375,256821000.0,TSLA,,,,,,,,,,
2020-07-21,104.55733489990234,111.66666412353516,103.86666870117188,109.32866668701172,241608000.0,TSLA,,,,,,,,,,
2020-07-22,106.15533447265625,108.4280014038086,104.13333129882812,106.5999984741211,212416500.0,TSLA,,,,,,,,,,
2020-07-23,100.87133026123047,112.5999984741211,98.71800231933594,111.93000030517578,364927500.0,TSLA,,,,,,,,,,
2020-07-24,94.46666717529297,97.66666412353516,91.10266876220703,94.40066528320312,290949000.0,TSLA,,,,,,,,,,
2020-07-27,102.63999938964844,103.19599914550781,94.19999694824219,95.66666412353516,240730500.0,TSLA,,,,,,,,,,
2020-07-28,98.43267059326172,104.3133316040039,98.29467010498047,100.26667022705078,237130500.0,TSLA,,,,,,,,,,
2020-07-29,99.94066619873047,102.32066345214844,99.13333129882812,100.06666564941406,141403500.0,TSLA,,,,,,,,,,
2020-07-30,99.16600036621094,100.8826675415039,98.06666564941406,99.19999694824219,114315000.0,TSLA,,,,,,,,,,
2020-07-31,95.38400268554688,101.13666534423828,94.73200225830078,101.0,183123000.0,TSLA,,,,,,,,,,
2020-08-03,99.0,100.65399932861328,96.29199981689453,96.61333465576172,132139500.0,TSLA,,,,,,,,,,
2020-08-04,99.13333129882812,101.82733154296875,97.46666717529297,99.6673355102539,126225000.0,TSLA,,,,,,,,,,
2020-08-05,99.00133514404297,99.98933410644531,97.88733673095703,99.53266906738281,74217000.0,TSLA,,,,,,,,,,
2020-08-06,99.30533599853516,101.15399932861328,98.48400115966797,99.38866424560547,89884500.0,TSLA,,,,,,,,,,
2020-08-07,96.84733581542969,99.98332977294922,94.33399963378906,99.96932983398438,133446000.0,TSLA,,,,,,,,,,
2020-08-10,94.57133483886719,97.16666412353516,92.38933563232422,96.53333282470703,112834500.0,TSLA,,,,,,,,,,
2020-08-11,91.6259994506836,94.66666412353516,91.0,93.06666564941406,129387000.0,TSLA,,,,,,,,,,
2020-08-12,103.65066528320312,105.66666412353516,95.66666412353516,98.0,327441000.0,TSLA,,,,,,,,,,
2020-08-13,108.06666564941406,110.07866668701172,104.48400115966797,107.4000015258789,306379500.0,TSLA,,,,,,,,,,
2020-08-14,110.04733276367188,111.25333404541016,108.44266510009766,110.99933624267578,188664000.0,TSLA,,,,,,,,,,
2020-08-17,122.3759994506836,123.05733489990234,111.52200317382812,111.80000305175781,303634500.0,TSLA,,,,,,,,,,
2020-08-18,125.80599975585938,128.25999450683594,123.00733184814453,126.59933471679688,247117500.0,TSLA,,,,,,,,,,
2020-08-19,125.23533630371094,127.4000015258789,122.74732971191406,124.33333587646484,183079500.0,TSLA,,,,,,,,,,
2020-08-20,133.45533752441406,134.79933166503906,123.80400085449219,124.04533386230469,309177000.0,TSLA,,,,,,,,,,
2020-08-21,136.6653289794922,139.69932556152344,135.00332641601562,136.3173370361328,322344000.0,TSLA,,,,,,,,,,
2020-08-24,134.27999877929688,141.93333435058594,128.50132751464844,141.7519989013672,300954000.0,TSLA,,,,,,,,,,
2020-08-25,134.8893280029297,135.19667053222656,131.1999969482422,131.65933227539062,159883500.0,TSLA,,,,,,,,,,
2020-08-26,143.54466247558594,144.39999389648438,136.90866088867188,137.3333282470703,213591000.0,TSLA,,,,,,,,,,
2020-08-27,149.25,153.0399932861328,142.8333282470703,145.36399841308594,355395000.0,TSLA,,,,,,,,,,
2020-08-28,147.55999755859375,154.5659942626953,145.76800537109375,153.00799560546875,301218000.0,TSLA,,,,,,,,,,
2020-08-31,166.10667419433594,166.7133331298828,146.70333862304688,148.20333862304688,355123200.0,TSLA,,,,,,,,,,
2020-09-01,158.35000610351562,167.49667358398438,156.836669921875,167.3800048828125,269523300.0,TSLA,,,,,,,,,,
2020-09-02,149.1233367919922,159.67999267578125,135.0399932861328,159.663330078125,288528300.0,TSLA,,,,,,,,,,
2020-09-03,135.6666717529297,143.93333435058594,134.0,135.7433319091797,262788300.0,TSLA,,,,,,,,,,
2020-09-04,139.44000244140625,142.6666717529297,124.00666809082031,134.27000427246094,330965700.0,TSLA,,,,,,,,,,
2020-09-08,110.06999969482422,122.913330078125,109.95999908447266,118.66666412353516,346397100.0,TSLA,,,,,,,,,,
2020-09-09,122.09333038330078,123.0,113.836669921875,118.86666870117188,238397400.0,TSLA,,,,,,,,,,
2020-09-10,123.77999877929688,132.99667358398438,120.1866683959961,128.73666381835938,254791800.0,TSLA,,,,,,,,,,
2020-09-11,124.23999786376953,127.5,120.16666412353516,127.3133316040039,182152500.0,TSLA,,,,,,,,,,
2020-09-14,139.8733367919922,140.0,124.43333435058594,126.98332977294922,249061800.0,TSLA,,,,,,,,,,
2020-09-15,149.9199981689453,153.97999572753906,143.56666564941406,145.52000427246094,291894600.0,TSLA,,,,,,,,,,
2020-09-16,147.25332641601562,152.59666442871094,145.10333251953125,146.6233367919922,216837900.0,TSLA,,,,,,,,,,
2020-09-17,141.14332580566406,145.92999267578125,136.0,138.53334045410156,230337600.0,TSLA,,,,,,,,,,
2020-09-18,147.38333129882812,150.3333282470703,142.93333435058594,149.31333923339844,259220400.0,TSLA,,,,,,,,,,
2020-09-21,149.79666137695312,151.89332580566406,135.69000244140625,151.0433349609375,328430400.0,TSLA,,,,,,,,,,
2020-09-22,141.41000366210938,145.9199981689453,139.1999969482422,143.1999969482422,238742400.0,TSLA,,,,,,,,,,
2020-09-23,126.78666687011719,137.38333129882812,125.2933349609375,135.05332946777344,285222600.0,TSLA,,,,,,,,,,
2020-09-24,129.26333618164062,133.1666717529297,117.0999984741211,121.26667022705078,289683300.0,TSLA,,,,,,,,,,
2020-09-25,135.77999877929688,136.2433319091797,130.43333435058594,131.1566619873047,201625500.0,TSLA,,,,,,,,,,
2020-09-28,140.39999389648438,142.69332885742188,138.51666259765625,141.5399932861328,149158800.0,TSLA,,,,,,,,,,
2020-09-29,139.69000244140625,142.8333282470703,137.1999969482422,138.6666717529297,150657900.0,TSLA,,,,,,,,,,
2020-09-30,143.00332641601562,144.64332580566406,140.1566619873047,140.44000244140625,144436800.0,TSLA,,,,,,,,,,
2020-10-01,149.3866729736328,149.6266632080078,144.80667114257812,146.9199981689453,152224500.0,TSLA,,,,,,,,,,
2020-10-02,138.3633270263672,146.3766632080078,138.3333282470703,140.4633331298828,214290000.0,TSLA,,,,,,,,,,
2020-10-05,141.89332580566406,144.54666137695312,139.77667236328125,141.11666870117188,134168400.0,TSLA,,,,,,,,,,
2020-10-06,137.9933319091797,142.92666625976562,135.35000610351562,141.26333618164062,147438900.0,TSLA,,,,,,,,,,
2020-10-07,141.76666259765625,143.3000030517578,137.9499969482422,139.9566650390625,129383100.0,TSLA,,,,,,,,,,
2020-10-08,141.97332763671875,146.3333282470703,141.76666259765625,146.14666748046875,121263300.0,TSLA,,,,,,,,,,
2020-10-09,144.6666717529297,144.8633270263672,142.15333557128906,143.3766632080078,86777100.0,TSLA,,,,,,,,,,
2020-10-12,147.43333435058594,149.5800018310547,146.19332885742188,147.3333282470703,116373300.0,TSLA,,,,,,,,,,
2020-10-13,148.88333129882812,149.6300048828125,145.53334045410156,147.78334045410156,103391100.0,TSLA,,,,,,,,,,
2020-10-14,153.76666259765625,155.3000030517578,149.11666870117188,149.92666625976562,143639100.0,TSLA,,,,,,,,,,
2020-10-15,149.6266632080078,152.19000244140625,147.5,150.10333251953125,107017200.0,TSLA,,,,,,,,,,
2020-10-16,146.55667114257812,151.98333740234375,146.28334045410156,151.47999572753906,98327700.0,TSLA,,,,,,,,,,
2020-10-19,143.61000061035156,149.0,142.9566650390625,148.74667358398438,108863400.0,TSLA,,,,,,,,,,
2020-10-20,140.64666748046875,143.9166717529297,139.68333435058594,143.9166717529297,94968900.0,TSLA,,,,,,,,,,
2020-10-21,140.8800048828125,144.31666564941406,140.4166717529297,140.89999389648438,97111500.0,TSLA,,,,,,,,,,
2020-10-22,141.92999267578125,148.41000366210938,141.50332641601562,147.30667114257812,119979600.0,TSLA,,,,,,,,,,
2020-10-23,140.2100067138672,140.9633331298828,135.7933349609375,140.6133270263672,101151000.0,TSLA,,,,,,,,,,
2020-10-26,140.0933380126953,141.9199981689453,136.6666717529297,137.2100067138672,84717600.0,TSLA,,,,,,,,,,
2020-10-27,141.55999755859375,143.5,140.03334045410156,141.25332641601562,68059500.0,TSLA,,,,,,,,,,
2020-10-28,135.33999633789062,139.53334045410156,135.3333282470703,138.82666015625,76354200.0,TSLA,,,,,,,,,,
2020-10-29,136.94332885742188,139.35333251953125,135.48666381835938,136.65333557128906,67965900.0,TSLA,,,,,,,,,,
2020-10-30,129.34666442871094,135.8633270263672,126.37000274658203,135.63333129882812,127533900.0,TSLA,,,,,,,,,,
2020-11-02,133.50332641601562,135.66000366210938,130.76666259765625,131.3333282470703,87063300.0,TSLA,,,,,,,,,,
2020-11-03,141.3000030517578,142.58999633789062,135.56333923339844,136.57666015625,103055100.0,TSLA,,,,,,,,,,
2020-11-04,140.32666015625,145.13333129882812,139.03334045410156,143.5399932861328,96429300.0,TSLA,,,,,,,,,,
2020-11-05,146.02999877929688,146.6666717529297,141.3333282470703,142.76666259765625,85243500.0,TSLA,,,,,,,,,,
2020-11-06,143.31666564941406,145.52333068847656,141.42666625976562,145.36666870117188,65118000.0,TSLA,,,,,,,,,,
2020-11-09,140.4199981689453,150.8333282470703,140.3333282470703,146.5,104499000.0,TSLA,,,,,,,,,,
2020-11-10,136.7866668701172,140.02999877929688,132.00999450683594,140.02999877929688,90852600.0,TSLA,,,,,,,,,,
2020-11-11,139.0433349609375,139.56666564941406,136.86000061035156,138.81666564941406,52073100.0,TSLA,,,,,,,,,,
2020-11-12,137.25332641601562,141.0,136.5066680908203,138.35000610351562,59565300.0,TSLA,,,,,,,,,,
2020-11-13,136.1666717529297,137.50999450683594,133.8866729736328,136.9499969482422,59313300.0,TSLA,,,,,,,,,,
2020-11-16,136.02999877929688,137.48333740234375,134.69667053222656,136.30999755859375,80515800.0,TSLA,,,,,,,,,,
2020-11-17,147.20333862304688,154.0,144.336669921875,153.38999938964844,183564900.0,TSLA,,,,,,,,,,
2020-11-18,162.2133331298828,165.3333282470703,147.8333282470703,149.4499969482422,234132000.0,TSLA,,,,,,,,,,
2020-11-19,166.42333984375,169.5366668701172,162.52333068847656,164.0,187425900.0,TSLA,,,,,,,,,,
2020-11-20,163.20333862304688,167.5,163.02000427246094,165.99667358398438,98735700.0,TSLA,,,,,,,,,,
2020-11-23,173.9499969482422,175.3333282470703,167.26333618164062,167.8333282470703,150780900.0,TSLA,,,,,,,,,,
2020-11-24,185.1266632080078,186.663330078125,175.39999389648438,180.13333129882812,160945500.0,TSLA,,,,,,,,,,
2020-11-25,191.3333282470703,191.3333282470703,181.7899932861328,183.35333251953125,146790600.0,TSLA,,,,,,,,,,
2020-11-27,195.25332641601562,199.5933380126953,192.81666564941406,193.72000122070312,112683300.0,TSLA,,,,,,,,,,
2020-11-30,189.1999969482422,202.60000610351562,184.836669921875,200.73666381835938,189009300.0,TSLA,,,,,,,,,,
2020-12-01,194.9199981689453,199.28334045410156,190.68333435058594,199.19667053222656,120310500.0,TSLA,,,,,,,,,,
2020-12-02,189.60667419433594,190.51333618164062,180.40333557128906,185.47999572753906,143327100.0,TSLA,,,,,,,,,,
2020-12-03,197.7933349609375,199.6566619873047,194.14332580566406,196.67333984375,127656000.0,TSLA,,,,,,,,,,
2020-12-04,199.67999267578125,199.67999267578125,195.1666717529297,197.00332641601562,88203900.0,TSLA,,,,,,,,,,
2020-12-07,213.9199981689453,216.26333618164062,201.01666259765625,201.63999938964844,168929100.0,TSLA,,,,,,,,,,
2020-12-08,216.6266632080078,217.0933380126953,206.1666717529297,208.50332641601562,192795000.0,TSLA,,,,,,,,,,
2020-12-09,201.4933319091797,218.10667419433594,196.0,217.89666748046875,213873600.0,TSLA,,,,,,,,,,
2020-12-10,209.02333068847656,209.25,188.77999877929688,191.4566650390625,201249600.0,TSLA,,,,,,,,,,
2020-12-11,203.3300018310547,208.0,198.93333435058594,205.00332641601562,139425000.0,TSLA,,,,,,,,,,
2020-12-14,213.27667236328125,214.25,203.39999389648438,206.3333282470703,156121800.0,TSLA,,,,,,,,,,
2020-12-15,211.0833282470703,215.63333129882812,207.93333435058594,214.42666625976562,135214500.0,TSLA,,,,,,,,,,
2020-12-16,207.58999633789062,210.8333282470703,201.6666717529297,209.41000366210938,126287400.0,TSLA,,,,,,,,,,
2020-12-17,218.63333129882812,219.60667419433594,206.5,209.39666748046875,168810300.0,TSLA,,,,,,,,,,
2020-12-18,231.6666717529297,231.6666717529297,209.51333618164062,222.96665954589844,666378600.0,TSLA,,,,,,,,,,
2020-12-21,216.6199951171875,222.8333282470703,215.35667419433594,222.0800018310547,174135900.0,TSLA,,,,,,,,,,
2020-12-22,213.44667053222656,216.6266632080078,204.7433319091797,216.0,155148000.0,TSLA,,,,,,,,,,
2020-12-23,215.32666015625,217.1666717529297,207.52333068847656,210.73333740234375,99519000.0,TSLA,,,,,,,,,,
2020-12-24,220.58999633789062,222.02999877929688,213.6666717529297,214.3300018310547,68596800.0,TSLA,,,,,,,,,,
2020-12-28,221.22999572753906,227.13333129882812,220.26666259765625,224.836669921875,96835800.0,TSLA,,,,,,,,,,
2020-12-29,221.99667358398438,223.3000030517578,218.3333282470703,220.3333282470703,68732400.0,TSLA,,,,,,,,,,
2020-12-30,231.5933380126953,232.1999969482422,222.7866668701172,224.0,128538000.0,TSLA,,,,,,,,,,
2020-12-31,235.22332763671875,239.57333374023438,230.3733367919922,233.3300018310547,148949700.0,TSLA,,,,,,,,,,
2021-01-04,243.2566680908203,248.163330078125,239.06333923339844,239.82000732421875,145914600.0,TSLA,,,,,,,,,,
2021-01-05,245.0366668701172,246.94667053222656,239.73333740234375,241.22000122070312,96735600.0,TSLA,,,,,,,,,,
2021-01-06,251.9933319091797,258.0,249.6999969482422,252.8300018310547,134100000.0,TSLA,,,,,,,,,,
2021-01-07,272.0133361816406,272.3299865722656,258.3999938964844,259.2099914550781,154496700.0,TSLA,,,,,,,,,,
2021-01-08,293.3399963378906,294.8299865722656,279.46331787109375,285.3333435058594,225166500.0,TSLA,,,,,,,,,,
2021-01-11,270.39666748046875,284.80999755859375,267.8733215332031,283.1333312988281,177904800.0,TSLA,,,,,,,,,,
2021-01-12,283.14666748046875,289.3333435058594,275.7799987792969,277.0,138812100.0,TSLA,,,,,,,,,,
2021-01-13,284.8033447265625,286.8233337402344,277.3333435058594,284.2533264160156,99937500.0,TSLA,,,,,,,,,,
2021-01-14,281.6666564941406,287.6666564941406,279.5833435058594,281.1300048828125,93798900.0,TSLA,,,,,,,,,,
2021-01-15,275.38665771484375,286.6333312988281,273.0333251953125,284.0,116332800.0,TSLA,,,,,,,,,,
2021-01-19,281.51666259765625,283.3333435058594,277.6666564941406,279.26666259765625,76101000.0,TSLA,,,,,,,,,,
2021-01-20,283.48333740234375,286.5,279.09332275390625,286.2466735839844,76997700.0,TSLA,,,,,,,,,,
2021-01-21,281.663330078125,285.239990234375,280.47332763671875,285.0,61563300.0,TSLA,,,,,,,,,,
2021-01-22,282.21331787109375,282.6666564941406,276.2066650390625,278.10333251953125,60199500.0,TSLA,,,,,,,,,,
2021-01-25,293.6000061035156,300.1333312988281,279.6066589355469,285.0,123520200.0,TSLA,,,,,,,,,,
2021-01-26,294.36334228515625,298.6333312988281,290.5333251953125,297.1266784667969,69394800.0,TSLA,,,,,,,,,,
2021-01-27,288.0533447265625,297.1666564941406,286.2200012207031,290.1166687011719,82002000.0,TSLA,,,,,,,,,,
2021-01-28,278.4766540527344,282.6666564941406,267.0,273.3333435058594,79134000.0,TSLA,,,,,,,,,,
2021-01-29,264.510009765625,280.8033447265625,260.0333251953125,276.6666564941406,104972400.0,TSLA,,,,,,,,,,
2021-02-01,279.9366760253906,280.6666564941406,265.1866760253906,271.42999267578125,76174200.0,TSLA,,,,,,,,,,
2021-02-02,290.92999267578125,293.5,280.73333740234375,281.55999755859375,73038600.0,TSLA,,,,,,,,,,
2021-02-03,284.89666748046875,292.6933288574219,284.35333251953125,292.3399963378906,55030500.0,TSLA,,,,,,,,,,
2021-02-04,283.3299865722656,285.5,277.8066711425781,285.0,47438100.0,TSLA,,,,,,,,,,
2021-02-05,284.07666015625,288.25665283203125,279.65667724609375,281.6666564941406,55699800.0,TSLA,,,,,,,,,,
2021-02-08,287.8066711425781,292.5899963378906,284.9166564941406,289.8900146484375,60485100.0,TSLA,,,,,,,,,,
2021-02-09,283.1533203125,286.6000061035156,280.5833435058594,285.0400085449219,45473100.0,TSLA,,,,,,,,,,
2021-02-10,268.2733459472656,281.6066589355469,266.67333984375,281.21331787109375,108648300.0,TSLA,,,,,,,,,,
2021-02-11,270.5533447265625,276.6266784667969,267.24334716796875,270.8133239746094,64868400.0,TSLA,,,,,,,,,,
2021-02-12,272.0400085449219,272.4433288574219,261.77667236328125,267.086669921875,71304900.0,TSLA,,,,,,,,,,
2021-02-16,265.40667724609375,273.6666564941406,264.14666748046875,272.6666564941406,59406900.0,TSLA,,,,,,,,,,
2021-02-17,266.04998779296875,266.61334228515625,254.00332641601562,259.6966552734375,77989500.0,TSLA,,,,,,,,,,
2021-02-18,262.4599914550781,264.89666748046875,258.75665283203125,260.29998779296875,53871300.0,TSLA,,,,,,,,,,
2021-02-19,260.4333190917969,265.5966796875,259.1233215332031,265.0,56874900.0,TSLA,,,,,,,,,,
2021-02-22,238.1666717529297,256.1666564941406,236.73333740234375,254.2133331298828,111809100.0,TSLA,,,,,,,,,,
2021-02-23,232.94667053222656,237.8699951171875,206.3333282470703,220.7100067138672,199820700.0,TSLA,,,,,,,,,,
2021-02-24,247.33999633789062,248.3333282470703,231.38999938964844,237.28334045410156,110301000.0,TSLA,,,,,,,,,,
2021-02-25,227.4066619873047,245.73666381835938,223.52667236328125,242.0500030517578,117071700.0,TSLA,,,,,,,,,,
2021-02-26,225.1666717529297,235.56666564941406,219.836669921875,233.3333282470703,123267600.0,TSLA,,,,,,,,,,
2021-03-01,239.47666931152344,239.6666717529297,228.35000610351562,230.0366668701172,81408600.0,TSLA,,,,,,,,,,
2021-03-02,228.81333923339844,240.3699951171875,228.3333282470703,239.42666625976562,71196600.0,TSLA,,,,,,,,,,
2021-03-03,217.73333740234375,233.56666564941406,217.23666381835938,229.3300018310547,90624000.0,TSLA,,,,,,,,,,
2021-03-04,207.14666748046875,222.81666564941406,200.0,218.60000610351562,197758500.0,TSLA,,,,,,,,,,
2021-03-05,199.31666564941406,209.27999877929688,179.8300018310547,208.68666076660156,268189500.0,TSLA,,,,,,,,,,
2021-03-08,187.6666717529297,206.7100067138672,186.26333618164062,200.18333435058594,155361000.0,TSLA,,,,,,,,,,
2021-03-09,224.52667236328125,226.02999877929688,198.40333557128906,202.72666931152344,202569900.0,TSLA,,,,,,,,,,
2021-03-10,222.68666076660156,239.28334045410156,218.35333251953125,233.43333435058594,181817100.0,TSLA,,,,,,,,,,
2021-03-11,233.1999969482422,234.1666717529297,225.72666931152344,233.13333129882812,108761700.0,TSLA,,,,,,,,,,
2021-03-12,231.2433319091797,231.6266632080078,222.04666137695312,223.3333282470703,100751400.0,TSLA,,,,,,,,,,
2021-03-15,235.97999572753906,237.72666931152344,228.01333618164062,231.3633270263672,88006800.0,TSLA,,,,,,,,,,
2021-03-16,225.6266632080078,235.97332763671875,223.6666717529297,234.4499969482422,96587100.0,TSLA,,,,,,,,,,
2021-03-17,233.93666076660156,234.57666015625,217.00332641601562,218.9566650390625,121117500.0,TSLA,,,,,,,,,,
2021-03-18,217.72000122070312,229.7433319091797,217.3333282470703,228.09666442871094,99674400.0,TSLA,,,,,,,,,,
2021-03-19,218.2899932861328,219.07666015625,208.2066650390625,215.53334045410156,128682000.0,TSLA,,,,,,,,,,
2021-03-22,223.3333282470703,233.2066650390625,222.9166717529297,228.19667053222656,118536600.0,TSLA,,,,,,,,,,
2021-03-23,220.72000122070312,225.93333435058594,219.1699981689453,225.2566680908203,91475700.0,TSLA,,,,,,,,,,
2021-03-24,210.08999633789062,222.67333984375,210.0366668701172,222.6366729736328,101385600.0,TSLA,,,,,,,,,,
2021-03-25,213.4633331298828,215.1666717529297,203.1666717529297,204.3333282470703,117674700.0,TSLA,,,,,,,,,,
2021-03-26,206.23666381835938,214.60667419433594,199.9633331298828,213.9566650390625,101558400.0,TSLA,,,,,,,,,,
2021-03-29,203.76333618164062,205.4933319091797,198.67333984375,205.2133331298828,85911000.0,TSLA,,,,,,,,,,
2021-03-30,211.8733367919922,212.55332946777344,197.00332641601562,200.5833282470703,118297200.0,TSLA,,,,,,,,,,
2021-03-31,222.64332580566406,224.0,213.70333862304688,215.5399932861328,100011900.0,TSLA,,,,,,,,,,
2021-04-01,220.5833282470703,230.80667114257812,219.80667114257812,229.4566650390625,105895200.0,TSLA,,,,,,,,,,
2021-04-05,230.35000610351562,236.05332946777344,228.23333740234375,235.90333557128906,125528400.0,TSLA,,,,,,,,,,
2021-04-06,230.5399932861328,232.18333435058594,227.1233367919922,230.10000610351562,84815400.0,TSLA,,,,,,,,,,
2021-04-07,223.6566619873047,230.4600067138672,222.6133270263672,229.0,78928200.0,TSLA,,,,,,,,,,
2021-04-08,227.93333435058594,229.85000610351562,223.88333129882812,225.7933349609375,71772900.0,TSLA,,,,,,,,,,
2021-04-09,225.67333984375,226.99000549316406,223.14332580566406,225.92333984375,64311300.0,TSLA,,,,,,,,,,
2021-04-12,233.9933319091797,234.93333435058594,227.3633270263672,228.56666564941406,87407100.0,TSLA,,,,,,,,,,
2021-04-13,254.10667419433594,254.3333282470703,236.8866729736328,237.56666564941406,133958400.0,TSLA,,,,,,,,,,
2021-04-14,244.07666015625,260.2633361816406,242.67666625976562,256.8999938964844,147052200.0,TSLA,,,,,,,,,,
2021-04-15,246.28334045410156,247.89666748046875,240.43666076660156,247.6999969482422,83546700.0,TSLA,,,,,,,,,,
2021-04-16,246.5933380126953,249.80332946777344,241.53334045410156,242.88333129882812,83938500.0,TSLA,,,,,,,,,,
2021-04-19,238.2100067138672,241.8000030517578,230.60000610351562,239.86666870117188,119058600.0,TSLA,,,,,,,,,,
2021-04-20,239.663330078125,245.75,236.89666748046875,239.13999938964844,106827000.0,TSLA,,,,,,,,,,
2021-04-21,248.0399932861328,248.27999877929688,232.6666717529297,234.92333984375,93646500.0,TSLA,,,,,,,,,,
2021-04-22,239.89666748046875,251.2566680908203,239.34666442871094,247.1666717529297,106770900.0,TSLA,,,,,,,,,,
2021-04-23,243.13333129882812,245.7866668701172,238.48666381835938,239.93333435058594,85110000.0,TSLA,,,,,,,,,,
2021-04-26,246.06666564941406,249.76666259765625,244.20333862304688,247.0,93115500.0,TSLA,,,,,,,,,,
2021-04-27,234.913330078125,241.3333282470703,234.4499969482422,239.32000732421875,88311000.0,TSLA,,,,,,,,,,
2021-04-28,231.46665954589844,236.1666717529297,231.1999969482422,232.1366729736328,66813000.0,TSLA,,,,,,,,,,
2021-04-29,225.6666717529297,234.0833282470703,222.8333282470703,233.1699981689453,86536200.0,TSLA,,,,,,,,,,
2021-04-30,236.47999572753906,238.49000549316406,222.04666137695312,222.52999877929688,122276100.0,TSLA,,,,,,,,,,
2021-05-03,228.3000030517578,235.3333282470703,226.8333282470703,234.60000610351562,81129300.0,TSLA,,,,,,,,,,
2021-05-04,224.53334045410156,227.81666564941406,219.23333740234375,226.31333923339844,89217900.0,TSLA,,,,,,,,,,
2021-05-05,223.64666748046875,228.43333435058594,222.44667053222656,227.02000427246094,65705700.0,TSLA,,,,,,,,,,
2021-05-06,221.17999267578125,227.0066680908203,216.6666717529297,226.9199981689453,83353800.0,TSLA,,,,,,,,,,
2021-05-07,224.1233367919922,230.0,220.07333374023438,221.93333435058594,70407600.0,TSLA,,,,,,,,,,
2021-05-10,209.67999267578125,221.68333435058594,209.20333862304688,221.63333129882812,94177200.0,TSLA,,,,,,,,,,
2021-05-11,205.73333740234375,209.03334045410156,198.53334045410156,199.74667358398438,139511700.0,TSLA,,,,,,,,,,
2021-05-12,196.6300048828125,206.80332946777344,195.58999633789062,200.8300018310547,101470800.0,TSLA,,,,,,,,,,
2021-05-13,190.56333923339844,202.15333557128906,186.5500030517578,200.51333618164062,132554700.0,TSLA,,,,,,,,,,
2021-05-14,196.5800018310547,197.6233367919922,190.15333557128906,194.47000122070312,100112700.0,TSLA,,,,,,,,,,
2021-05-17,192.27667236328125,196.57666015625,187.06666564941406,191.85000610351562,97171200.0,TSLA,,,,,,,,,,
2021-05-18,192.6233367919922,198.75,187.7933349609375,189.3333282470703,110491800.0,TSLA,,,,,,,,,,
2021-05-19,187.82000732421875,188.73666381835938,182.32666015625,184.18333435058594,118735200.0,TSLA,,,,,,,,,,
2021-05-20,195.5933380126953,196.28334045410156,190.35667419433594,191.6666717529297,92463300.0,TSLA,,,,,,,,,,
2021-05-21,193.6266632080078,198.89332580566406,193.3333282470703,198.70333862304688,78091800.0,TSLA,,,,,,,,,,
2021-05-24,202.14666748046875,204.82666015625,191.21665954589844,193.86666870117188,103674300.0,TSLA,,,,,,,,,,
2021-05-25,201.56333923339844,204.663330078125,198.57000732421875,202.43666076660156,84017700.0,TSLA,,,,,,,,,,
2021-05-26,206.3766632080078,208.72332763671875,200.5,202.52000427246094,85917900.0,TSLA,,,,,,,,,,
2021-05-27,210.28334045410156,210.3766632080078,205.40333557128906,206.74667358398438,79111800.0,TSLA,,,,,,,,,,
2021-05-28,208.4066619873047,211.8633270263672,207.4600067138672,209.5,68211000.0,TSLA,,,,,,,,,,
2021-06-01,207.96665954589844,211.26666259765625,206.85000610351562,209.26666259765625,54254700.0,TSLA,,,,,,,,,,
2021-06-02,201.7066650390625,207.7866668701172,199.7133331298828,206.7100067138672,69908400.0,TSLA,,,,,,,,,,
2021-06-03,190.94667053222656,201.51666259765625,190.4066619873047,200.60000610351562,90335700.0,TSLA,,,,,,,,,,
2021-06-04,199.68333435058594,200.20333862304688,192.39999389648438,193.23666381835938,72110700.0,TSLA,,,,,,,,,,
2021-06-07,201.7100067138672,203.3333282470703,194.2933349609375,197.27667236328125,67631100.0,TSLA,,,,,,,,,,
2021-06-08,201.19667053222656,207.69667053222656,198.5,207.6699981689453,78160200.0,TSLA,,,,,,,,,,
2021-06-09,199.5933380126953,203.92999267578125,199.2100067138672,200.72332763671875,49753800.0,TSLA,,,,,,,,,,
2021-06-10,203.3733367919922,205.52999877929688,200.1666717529297,201.2933349609375,71758800.0,TSLA,,,,,,,,,,
2021-06-11,203.29666137695312,204.18666076660156,200.5066680908203,203.41000366210938,48615900.0,TSLA,,,,,,,,,,
2021-06-14,205.89666748046875,208.49667358398438,203.05999755859375,204.07666015625,61272000.0,TSLA,,,,,,,,,,
2021-06-15,199.7866668701172,205.59666442871094,199.41000366210938,205.56333923339844,53292300.0,TSLA,,,,,,,,,,
2021-06-16,201.6233367919922,202.8333282470703,197.8333282470703,199.17999267578125,66432300.0,TSLA,,,,,,,,,,
2021-06-17,205.53334045410156,207.1566619873047,200.44667053222656,200.6300048828125,68104200.0,TSLA,,,,,,,,,,
2021-06-18,207.77000427246094,209.4499969482422,203.93333435058594,204.4566650390625,73682700.0,TSLA,,,,,,,,,,
2021-06-21,206.94332885742188,210.4633331298828,202.9600067138672,208.16000366210938,74438100.0,TSLA,,,,,,,,,,
2021-06-22,207.90333557128906,209.52333068847656,205.1666717529297,206.0833282470703,57476700.0,TSLA,,,,,,,,,,
2021-06-23,218.85667419433594,219.06666564941406,210.01333618164062,210.6666717529297,93297600.0,TSLA,,,,,,,,,,
2021-06-24,226.60667419433594,232.5399932861328,222.5366668701172,224.99667358398438,137947200.0,TSLA,,,,,,,,,,
2021-06-25,223.9566650390625,231.27000427246094,222.89999389648438,229.86000061035156,97490100.0,TSLA,,,,,,,,,,
2021-06-28,229.57333374023438,231.56666564941406,223.44000244140625,223.8800048828125,64884600.0,TSLA,,,,,,,,,,
2021-06-29,226.9199981689453,229.1699981689453,225.29666137695312,228.21665954589844,52143900.0,TSLA,,,,,,,,,,
2021-06-30,226.56666564941406,230.93666076660156,226.04666137695312,226.58999633789062,56774700.0,TSLA,,,,,,,,,,
2021-07-01,225.97332763671875,229.3300018310547,224.26666259765625,227.97332763671875,55903500.0,TSLA,,,,,,,,,,
2021-07-02,226.3000030517578,233.3333282470703,224.4199981689453,226.32666015625,81163500.0,TSLA,,,,,,,,,,
2021-07-06,219.86000061035156,228.0,217.13333129882812,227.23666381835938,69853500.0,TSLA,,,,,,,,,,
2021-07-07,214.88333129882812,221.89999389648438,212.77333068847656,221.42333984375,56376000.0,TSLA,,,,,,,,,,
2021-07-08,217.60333251953125,218.14332580566406,206.82000732421875,209.4566650390625,68319900.0,TSLA,,,,,,,,,,
2021-07-09,218.98333740234375,219.6366729736328,214.89666748046875,217.72666931152344,54421500.0,TSLA,,,,,,,,,,
2021-07-12,228.56666564941406,229.0800018310547,220.72000122070312,220.73333740234375,77781000.0,TSLA,,,,,,,,,,
2021-07-13,222.84666442871094,231.0933380126953,222.10000610351562,228.77333068847656,62898300.0,TSLA,,,,,,,,,,
2021-07-14,217.7933349609375,226.20333862304688,217.6133270263672,223.5833282470703,64923600.0,TSLA,,,,,,,,,,
2021-07-15,216.86666870117188,222.04666137695312,212.6266632080078,219.4633331298828,60628800.0,TSLA,,,,,,,,,,
2021-07-16,214.74000549316406,218.89999389648438,214.06666564941406,218.22666931152344,49113000.0,TSLA,,,,,,,,,,
2021-07-19,215.4066619873047,215.73333740234375,207.09666442871094,209.9633331298828,63891300.0,TSLA,,,,,,,,,,
2021-07-20,220.1666717529297,220.79666137695312,213.5,217.3300018310547,46461300.0,TSLA,,,,,,,,,,
2021-07-21,218.42999267578125,221.6199951171875,216.76333618164062,219.8699951171875,41859900.0,TSLA,,,,,,,,,,
2021-07-22,216.4199981689453,220.72332763671875,214.86666870117188,218.81333923339844,45317100.0,TSLA,,,,,,,,,,
2021-07-23,214.4600067138672,216.26666259765625,212.43333435058594,215.45333862304688,43814700.0,TSLA,,,,,,,,,,
2021-07-26,219.2066650390625,222.73333740234375,215.70333862304688,216.99000549316406,76009800.0,TSLA,,,,,,,,,,
2021-07-27,214.92666625976562,222.1666717529297,209.0800018310547,221.13333129882812,98439900.0,TSLA,,,,,,,,,,
2021-07-28,215.66000366210938,218.32333374023438,213.13333129882812,215.6666717529297,48019800.0,TSLA,,,,,,,,,,
2021-07-29,225.78334045410156,227.89666748046875,216.26666259765625,216.59666442871094,91183800.0,TSLA,,,,,,,,,,
2021-07-30,229.06666564941406,232.50999450683594,223.0,223.9199981689453,88969200.0,TSLA,,,,,,,,,,
2021-08-02,236.55667114257812,242.31333923339844,232.8000030517578,233.3333282470703,100847400.0,TSLA,,,,,,,,,,
2021-08-03,236.5800018310547,240.88333129882812,233.6699981689453,239.6666717529297,64860900.0,TSLA,,,,,,,,,,
2021-08-04,236.97332763671875,241.63333129882812,236.30999755859375,237.0,51007800.0,TSLA,,,,,,,,,,
2021-08-05,238.2100067138672,240.31666564941406,237.1366729736328,238.6666717529297,38758800.0,TSLA,,,,,,,,,,
2021-08-06,233.03334045410156,238.77667236328125,232.5433349609375,237.3000030517578,46869000.0,TSLA,,,,,,,,,,
2021-08-09,237.9199981689453,239.67666625976562,235.0433349609375,236.72332763671875,44145900.0,TSLA,,,,,,,,,,
2021-08-10,236.663330078125,238.8633270263672,233.9600067138672,237.99667358398438,40296900.0,TSLA,,,,,,,,,,
2021-08-11,235.94000244140625,238.39332580566406,234.73666381835938,237.57000732421875,29401800.0,TSLA,,,,,,,,,,
2021-08-12,240.75,240.93333435058594,233.13333129882812,235.44667053222656,52377300.0,TSLA,,,,,,,,,,
2021-08-13,239.05667114257812,243.3000030517578,238.1133270263672,241.23666381835938,50194500.0,TSLA,,,,,,,,,,
2021-08-16,228.72332763671875,236.5,225.46665954589844,235.02333068847656,68032200.0,TSLA,,,,,,,,,,
2021-08-17,221.90333557128906,224.86000061035156,216.27999877929688,224.22000122070312,71163900.0,TSLA,,,,,,,,,,
2021-08-18,229.663330078125,231.92333984375,223.11666870117188,223.25,61048200.0,TSLA,,,,,,,,,,
2021-08-19,224.49000549316406,228.85000610351562,222.52999877929688,226.07000732421875,42940500.0,TSLA,,,,,,,,,,
2021-08-20,226.75332641601562,230.7100067138672,224.56666564941406,227.61666870117188,44525700.0,TSLA,,,,,,,,,,
2021-08-23,235.43333435058594,237.3766632080078,226.9166717529297,228.47999572753906,60794700.0,TSLA,,,,,,,,,,
2021-08-24,236.163330078125,238.4066619873047,234.2133331298828,236.89332580566406,39249300.0,TSLA,,,,,,,,,,
2021-08-25,237.06666564941406,238.99000549316406,234.6666717529297,235.67666625976562,37936800.0,TSLA,,,,,,,,,,
2021-08-26,233.72000122070312,238.46665954589844,232.5399932861328,236.10333251953125,39642900.0,TSLA,,,,,,,,,,
2021-08-27,237.30667114257812,238.3333282470703,234.03334045410156,235.0,41501400.0,TSLA,,,,,,,,,,
2021-08-30,243.6366729736328,243.6666717529297,237.57666015625,238.24000549316406,55812600.0,TSLA,,,,,,,,,,
2021-08-31,245.24000549316406,246.79666137695312,242.14666748046875,244.3333282470703,62566200.0,TSLA,,,,,,,,,,
2021-09-01,244.69667053222656,247.3300018310547,243.7566680908203,244.69332885742188,39612900.0,TSLA,,,,,,,,,,
2021-09-02,244.1300048828125,246.99000549316406,243.51333618164062,244.8333282470703,38331900.0,TSLA,,,,,,,,,,
2021-09-03,244.52333068847656,244.6666717529297,241.39999389648438,244.0833282470703,45738300.0,TSLA,,,,,,,,,,
2021-09-07,250.97332763671875,253.39999389648438,246.4199981689453,246.6666717529297,60119400.0,TSLA,,,,,,,,,,
2021-09-08,251.2899932861328,254.81666564941406,246.92333984375,253.86000061035156,56379000.0,TSLA,,,,,,,,,,
2021-09-09,251.6199951171875,254.03334045410156,250.5433349609375,251.1366729736328,42233100.0,TSLA,,,,,,,,,,
2021-09-10,245.42333984375,254.20333862304688,244.83999633789062,253.1999969482422,45552600.0,TSLA,,,,,,,,,,
2021-09-13,247.6666717529297,248.25999450683594,236.28334045410156,246.73666381835938,68857500.0,TSLA,,,,,,,,,,
2021-09-14,248.163330078125,251.49000549316406,245.46665954589844,247.52333068847656,55574700.0,TSLA,,,,,,,,,,
2021-09-15,251.94332885742188,252.2866668701172,246.1199951171875,248.3333282470703,46073100.0,TSLA,,,,,,,,,,
2021-09-16,252.3300018310547,252.97000122070312,249.20333862304688,250.94332885742188,41770200.0,TSLA,,,,,,,,,,
2021-09-17,253.163330078125,253.67999267578125,250.0,252.38333129882812,84612600.0,TSLA,,,,,,,,,,
2021-09-20,243.38999938964844,247.3333282470703,239.5399932861328,244.85333251953125,74273100.0,TSLA,,,,,,,,,,
2021-09-21,246.4600067138672,248.24667358398438,243.47999572753906,244.92999267578125,48992100.0,TSLA,,,,,,,,,,
2021-09-22,250.64666748046875,251.22332763671875,246.3733367919922,247.8433380126953,45378900.0,TSLA,,,,,,,,,,
2021-09-23,251.2133331298828,252.73333740234375,249.30667114257812,251.6666717529297,35842500.0,TSLA,,,,,,,,,,
2021-09-24,258.1300048828125,258.26666259765625,248.18666076660156,248.6300048828125,64119000.0,TSLA,,,,,,,,,,
2021-09-27,263.78668212890625,266.3333435058594,256.4366760253906,257.7066650390625,84212100.0,TSLA,,,,,,,,,,
2021-09-28,259.1866760253906,265.21331787109375,255.39332580566406,262.3999938964844,76144200.0,TSLA,,,,,,,,,,
2021-09-29,260.4366760253906,264.5,256.8933410644531,259.9333190917969,62828700.0,TSLA,,,,,,,,,,
2021-09-30,258.49334716796875,263.0433349609375,258.3333435058594,260.3333435058594,53868000.0,TSLA,,,,,,,,,,
2021-10-01,258.40667724609375,260.260009765625,254.52999877929688,259.4666748046875,51094200.0,TSLA,,,,,,,,,,
2021-10-04,260.510009765625,268.989990234375,258.7066650390625,265.5,91449900.0,TSLA,,,,,,,,,,
2021-10-05,260.1966552734375,265.7699890136719,258.0666809082031,261.6000061035156,55297800.0,TSLA,,,,,,,,,,
2021-10-06,260.9166564941406,262.2200012207031,257.739990234375,258.73333740234375,43898400.0,TSLA,,,,,,,,,,
2021-10-07,264.53668212890625,268.3333435058594,261.1266784667969,261.82000732421875,57587400.0,TSLA,,,,,,,,,,
2021-10-08,261.8299865722656,265.4599914550781,260.3033447265625,265.4033203125,50215800.0,TSLA,,,,,,,,,,
2021-10-11,263.9800109863281,267.0799865722656,261.8333435058594,262.54998779296875,42600900.0,TSLA,,,,,,,,,,
2021-10-12,268.5733337402344,270.7733459472656,265.5233459472656,266.9766540527344,66060000.0,TSLA,,,,,,,,,,
2021-10-13,270.3599853515625,271.8033447265625,268.59332275390625,270.15667724609375,42360300.0,TSLA,,,,,,,,,,
2021-10-14,272.7733459472656,273.4166564941406,271.1166687011719,271.8299865722656,36741600.0,TSLA,,,,,,,,,,
2021-10-15,281.010009765625,281.07000732421875,274.1166687011719,274.5799865722656,56773800.0,TSLA,,,,,,,,,,
2021-10-18,290.03668212890625,291.7533264160156,283.8233337402344,283.92999267578125,72621600.0,TSLA,,,,,,,,,,
2021-10-19,288.0899963378906,292.6499938964844,287.5033264160156,292.510009765625,52143300.0,TSLA,,,,,,,,,,
2021-10-20,288.6000061035156,289.8299865722656,285.7933349609375,288.45001220703125,42096300.0,TSLA,,,,,,,,,,
2021-10-21,298.0,300.0,285.1666564941406,285.3333435058594,94444500.0,TSLA,,,,,,,,,,
2021-10-22,303.2266540527344,303.3333435058594,296.9866638183594,298.5,68642400.0,TSLA,,,,,,,,,,
2021-10-25,341.6199951171875,348.3399963378906,314.73333740234375,316.84332275390625,188556300.0,TSLA,,,,,,,,,,
2021-10-26,339.4766540527344,364.9800109863281,333.8133239746094,341.5633239746094,187245000.0,TSLA,,,,,,,,,,
2021-10-27,345.9533386230469,356.9599914550781,343.59332275390625,346.5533447265625,115579500.0,TSLA,,,,,,,,,,
2021-10-28,359.0133361816406,360.3333435058594,351.3999938964844,356.10333251953125,81639600.0,TSLA,,,,,,,,,,
2021-10-29,371.3333435058594,371.7366638183594,357.7366638183594,360.6199951171875,89755200.0,TSLA,,,,,,,,,,
2021-11-01,402.86334228515625,403.25,372.88665771484375,381.6666564941406,168146100.0,TSLA,,,,,,,,,,
2021-11-02,390.6666564941406,402.86334228515625,382.0,386.4533386230469,128213400.0,TSLA,,,,,,,,,,
2021-11-03,404.6199951171875,405.1300048828125,384.2066650390625,392.4433288574219,103885500.0,TSLA,,,,,,,,,,
2021-11-04,409.9700012207031,414.4966735839844,405.6666564941406,411.4700012207031,76192200.0,TSLA,,,,,,,,,,
2021-11-05,407.36334228515625,413.2900085449219,402.6666564941406,409.3333435058594,64886400.0,TSLA,,,,,,,,,,
2021-11-08,387.64666748046875,399.0,377.6666564941406,383.2633361816406,100337100.0,TSLA,,,,,,,,,,
2021-11-09,341.1666564941406,391.5,337.17333984375,391.20001220703125,177317400.0,TSLA,,,,,,,,,,
2021-11-10,355.98333740234375,359.3666687011719,329.10333251953125,336.8033447265625,128408100.0,TSLA,,,,,,,,,,
2021-11-11,354.5033264160156,368.3233337402344,351.55999755859375,367.5899963378906,67189800.0,TSLA,,,,,,,,,,
2021-11-12,344.47332763671875,351.5,339.73333740234375,349.1666564941406,76719300.0,TSLA,,,,,,,,,,
2021-11-15,337.7966613769531,343.99334716796875,326.20001220703125,339.2099914550781,104326800.0,TSLA,,,,,,,,,,
2021-11-16,351.57666015625,352.3999938964844,334.05999755859375,334.4366760253906,79627200.0,TSLA,,,,,,,,,,
2021-11-17,363.0033264160156,373.21331787109375,351.8333435058594,354.5033264160156,94336200.0,TSLA,,,,,,,,,,
2021-11-18,365.4599914550781,370.6666564941406,358.3399963378906,368.8500061035156,62696700.0,TSLA,,,,,,,,,,
2021-11-19,379.0199890136719,379.5733337402344,364.23333740234375,366.2900085449219,64926900.0,TSLA,,,,,,,,,,
2021-11-22,385.6233215332031,400.6499938964844,377.4766540527344,387.4433288574219,99217500.0,TSLA,,,,,,,,,,
2021-11-23,369.6766662597656,393.5,354.23333740234375,389.1700134277344,108515100.0,TSLA,,,,,,,,,,
2021-11-24,372.0,377.5899963378906,354.0,360.1300048828125,67680600.0,TSLA,,,,,,,,,,
2021-11-26,360.6400146484375,369.59332275390625,360.3333435058594,366.489990234375,35042700.0,TSLA,,,,,,,,,,
2021-11-29,378.9966735839844,380.8900146484375,366.7300109863281,366.9966735839844,58393500.0,TSLA,,,,,,,,,,
2021-11-30,381.586669921875,389.3333435058594,372.6666564941406,381.4566650390625,81276000.0,TSLA,,,,,,,,,,
2021-12-01,365.0,390.9466552734375,363.586669921875,386.8999938964844,68450400.0,TSLA,,,,,,,,,,
2021-12-02,361.5333251953125,371.0,352.2166748046875,366.35333251953125,73114800.0,TSLA,,,,,,,,,,
2021-12-03,338.3233337402344,363.52667236328125,333.4033203125,361.5966796875,92322000.0,TSLA,,,,,,,,,,
2021-12-06,336.336669921875,340.5466613769531,316.8333435058594,333.836669921875,81663000.0,TSLA,,,,,,,,,,
2021-12-07,350.5833435058594,352.5566711425781,342.2699890136719,348.0666809082031,56084700.0,TSLA,,,,,,,,,,
2021-12-08,356.32000732421875,357.4599914550781,344.3333435058594,350.9033203125,41906400.0,TSLA,,,,,,,,,,
2021-12-09,334.6000061035156,354.163330078125,334.1199951171875,353.5466613769531,59438400.0,TSLA,,,,,,,,,,
2021-12-10,339.010009765625,340.32666015625,327.510009765625,336.25,59664300.0,TSLA,,,,,,,,,,
2021-12-13,322.13665771484375,335.0,317.1400146484375,333.6966552734375,78595500.0,TSLA,,,,,,,,,,
2021-12-14,319.5033264160156,322.13665771484375,310.0,315.0,70806300.0,TSLA,,,,,,,,,,
2021-12-15,325.3299865722656,326.25,309.4166564941406,317.7366638183594,75169200.0,TSLA,,,,,,,,,,
2021-12-16,308.97332763671875,331.6600036621094,307.2833251953125,331.5,82771500.0,TSLA,,,,,,,,,,
2021-12-17,310.8566589355469,320.2200012207031,303.0133361816406,304.92333984375,100437300.0,TSLA,,,,,,,,,,
2021-12-20,299.9800109863281,307.2300109863281,297.7966613769531,303.5666809082031,56480100.0,TSLA,,,,,,,,,,
2021-12-21,312.84332275390625,313.1666564941406,295.3733215332031,305.6233215332031,71517900.0,TSLA,,,,,,,,,,
2021-12-22,336.2900085449219,338.5533447265625,319.01666259765625,321.88665771484375,93634200.0,TSLA,,,,,,,,,,
2021-12-23,355.6666564941406,357.6600036621094,332.5199890136719,335.6000061035156,92713200.0,TSLA,,,,,,,,,,
2021-12-27,364.64666748046875,372.3333435058594,356.90667724609375,357.8900146484375,71145900.0,TSLA,,,,,,,,,,
2021-12-28,362.8233337402344,373.0,359.47332763671875,369.8299865722656,60324000.0,TSLA,,,,,,,,,,
2021-12-29,362.0633239746094,368.0,354.71331787109375,366.21331787109375,56154000.0,TSLA,,,,,,,,,,
2021-12-30,356.7799987792969,365.1833190917969,351.04998779296875,353.77667236328125,47040900.0,TSLA,,,,,,,,,,
2021-12-31,352.260009765625,360.6666564941406,351.5299987792969,357.8133239746094,40733700.0,TSLA,,,,,,,,,,
2022-01-03,399.9266662597656,400.3566589355469,378.67999267578125,382.5833435058594,103931400.0,TSLA,,,,,,,,,,
2022-01-04,383.1966552734375,402.6666564941406,374.3500061035156,396.51666259765625,100248300.0,TSLA,,,,,,,,,,
2022-01-05,362.7066650390625,390.11334228515625,360.336669921875,382.2166748046875,80119800.0,TSLA,,,,,,,,,,
2022-01-06,354.8999938964844,362.6666564941406,340.1666564941406,359.0,90336600.0,TSLA,,,,,,,,,,
2022-01-07,342.32000732421875,360.30999755859375,336.6666564941406,360.1233215332031,84164700.0,TSLA,,,,,,,,,,
2022-01-10,352.7066650390625,353.0333251953125,326.6666564941406,333.3333435058594,91815000.0,TSLA,,,,,,,,,,
2022-01-11,354.79998779296875,358.6166687011719,346.2733459472656,351.22332763671875,66063300.0,TSLA,,,,,,,,,,
2022-01-12,368.739990234375,371.61334228515625,357.5299987792969,359.6166687011719,83739000.0,TSLA,,,,,,,,,,
2022-01-13,343.85333251953125,371.8666687011719,342.17999267578125,369.69000244140625,97209900.0,TSLA,,,,,,,,,,
2022-01-14,349.8699951171875,350.6666564941406,337.7933349609375,339.9599914550781,72924300.0,TSLA,,,,,,,,,,
2022-01-18,343.5033264160156,356.92999267578125,338.6866760253906,342.2033386230469,66743400.0,TSLA,,,,,,,,,,
2022-01-19,331.8833312988281,351.5566711425781,331.6666564941406,347.2366638183594,75442500.0,TSLA,,,,,,,,,,
2022-01-20,332.0899963378906,347.2200012207031,331.3333435058594,336.57666015625,70488600.0,TSLA,,,,,,,,,,
2022-01-21,314.6333312988281,334.8500061035156,313.5,332.11334228515625,103416000.0,TSLA,,,,,,,,,,
2022-01-24,310.0,311.1700134277344,283.8233337402344,301.586669921875,151565700.0,TSLA,,,,,,,,,,
2022-01-25,306.1333312988281,317.086669921875,301.07000732421875,304.73333740234375,86595900.0,TSLA,,,,,,,,,,
2022-01-26,312.4700012207031,329.2300109863281,302.0,317.4766540527344,104867400.0,TSLA,,,,,,,,,,
2022-01-27,276.3666687011719,311.7966613769531,276.3333435058594,311.1199951171875,147109500.0,TSLA,,,,,,,,,,
2022-01-28,282.1166687011719,285.8333435058594,264.0033264160156,277.1866760253906,134789100.0,TSLA,,,,,,,,,,
2022-01-31,312.239990234375,312.663330078125,287.3500061035156,290.9033203125,104436000.0,TSLA,,,,,,,,,,
2022-02-01,310.4166564941406,314.5666809082031,301.6666564941406,311.7366638183594,73138200.0,TSLA,,,,,,,,,,
2022-02-02,301.88665771484375,310.5,296.4700012207031,309.3933410644531,66792900.0,TSLA,,,,,,,,,,
2022-02-03,297.0466613769531,312.3333435058594,293.50665283203125,294.0,78855600.0,TSLA,,,,,,,,,,
2022-02-04,307.7733459472656,312.1666564941406,293.72332763671875,299.0733337402344,73625400.0,TSLA,,,,,,,,,,
2022-02-07,302.4466552734375,315.92333984375,300.9033203125,307.92999267578125,60994500.0,TSLA,,,,,,,,,,
2022-02-08,307.3333435058594,308.7633361816406,298.26666259765625,301.84332275390625,50729100.0,TSLA,,,,,,,,,,
2022-02-09,310.6666564941406,315.42333984375,306.6666564941406,311.6666564941406,52259400.0,TSLA,,,,,,,,,,
2022-02-10,301.51666259765625,314.60333251953125,298.8999938964844,302.7900085449219,66126900.0,TSLA,,,,,,,,,,
2022-02-11,286.6666564941406,305.32000732421875,283.5666809082031,303.2099914550781,79645800.0,TSLA,,,,,,,,,,
2022-02-14,291.9200134277344,299.6266784667969,284.3833312988281,287.19000244140625,67756500.0,TSLA,,,,,,,,,,
2022-02-15,307.4766540527344,307.6666564941406,297.7933349609375,300.0,57286200.0,TSLA,,,,,,,,,,
2022-02-16,307.7966613769531,308.80999755859375,300.4033203125,304.6833190917969,51294300.0,TSLA,,,,,,,,,,
2022-02-17,292.1166687011719,306.1666564941406,291.3666687011719,304.4200134277344,55178400.0,TSLA,,,,,,,,,,
2022-02-18,285.6600036621094,295.6233215332031,279.2033386230469,295.3333435058594,68501700.0,TSLA,,,,,,,,,,
2022-02-22,273.84332275390625,285.57666015625,267.0333251953125,278.0433349609375,83288100.0,TSLA,,,,,,,,,,
2022-02-23,254.67999267578125,278.4333190917969,253.52000427246094,276.80999755859375,95256900.0,TSLA,,,,,,,,,,
2022-02-24,266.92333984375,267.49334716796875,233.3333282470703,233.4633331298828,135322200.0,TSLA,,,,,,,,,,
2022-02-25,269.9566650390625,273.1666564941406,260.79998779296875,269.74334716796875,76067700.0,TSLA,,,,,,,,,,
2022-02-28,290.1433410644531,292.28668212890625,271.57000732421875,271.6700134277344,99006900.0,TSLA,,,,,,,,,,
2022-03-01,288.1233215332031,296.6266784667969,284.59332275390625,289.8933410644531,74766900.0,TSLA,,,,,,,,,,
2022-03-02,293.2966613769531,295.49334716796875,281.42333984375,290.7099914550781,74643300.0,TSLA,,,,,,,,,,
2022-03-03,279.7633361816406,295.4800109863281,277.5333251953125,292.92333984375,61623600.0,TSLA,,,,,,,,,,
2022-03-04,279.42999267578125,285.2166748046875,275.0533447265625,283.0333251953125,66999600.0,TSLA,,,,,,,,,,
2022-03-07,268.1933288574219,288.71331787109375,268.19000244140625,285.4333190917969,72494100.0,TSLA,,,,,,,,,,
2022-03-08,274.79998779296875,283.3299865722656,260.72332763671875,265.1766662597656,80399100.0,TSLA,,,,,,,,,,
2022-03-09,286.3233337402344,286.85333251953125,277.336669921875,279.82666015625,59184000.0,TSLA,,,,,,,,,,
2022-03-10,279.4333190917969,284.8166809082031,270.1199951171875,283.8166809082031,58648500.0,TSLA,,,,,,,,,,
2022-03-11,265.1166687011719,281.26666259765625,264.5899963378906,280.0666809082031,67037100.0,TSLA,,,,,,,,,,
2022-03-14,255.4566650390625,266.8999938964844,252.01333618164062,260.2033386230469,71152200.0,TSLA,,,,,,,,,,
2022-03-15,267.2966613769531,268.5233459472656,252.19000244140625,258.42333984375,66841200.0,TSLA,,,,,,,,,,
2022-03-16,280.07666015625,280.6666564941406,267.4200134277344,269.6666564941406,84028800.0,TSLA,,,,,,,,,,
2022-03-17,290.5333251953125,291.6666564941406,275.239990234375,276.9966735839844,66582900.0,TSLA,,,,,,,,,,
2022-03-18,301.7966613769531,302.6166687011719,289.1300048828125,291.4966735839844,100414200.0,TSLA,,,,,,,,,,
2022-03-21,307.0533447265625,314.2833251953125,302.36334228515625,304.99334716796875,81981600.0,TSLA,,,,,,,,,,
2022-03-22,331.32666015625,332.6199951171875,307.25,310.0,105868500.0,TSLA,,,,,,,,,,
2022-03-23,333.03668212890625,346.8999938964844,325.4666748046875,326.64666748046875,120676200.0,TSLA,,,,,,,,,,
2022-03-24,337.97332763671875,341.4966735839844,329.6000061035156,336.57666015625,68920800.0,TSLA,,,,,,,,,,
2022-03-25,336.8800048828125,340.6000061035156,332.44000244140625,336.0,62031600.0,TSLA,,,,,,,,,,
2022-03-28,363.9466552734375,365.9599914550781,351.20001220703125,355.0333251953125,102506100.0,TSLA,,,,,,,,,,
2022-03-29,366.5233459472656,371.5899963378906,357.7033386230469,369.3299865722656,73614900.0,TSLA,,,,,,,,,,
2022-03-30,364.663330078125,371.3166809082031,361.3333435058594,363.72332763671875,59865000.0,TSLA,,,,,,,,,,
2022-03-31,359.20001220703125,367.71331787109375,358.8800048828125,364.8566589355469,48992700.0,TSLA,,,,,,,,,,
2022-04-01,361.5299987792969,364.9166564941406,355.5466613769531,360.3833312988281,54263100.0,TSLA,,,,,,,,,,
2022-04-04,381.8166809082031,383.3033447265625,357.510009765625,363.1266784667969,82035900.0,TSLA,,,,,,,,,,
2022-04-05,363.7533264160156,384.2900085449219,362.4333190917969,378.76666259765625,80075100.0,TSLA,,,,,,,,,,
2022-04-06,348.586669921875,359.6666564941406,342.5666809082031,357.8233337402344,89348400.0,TSLA,,,,,,,,,,
2022-04-07,352.4200134277344,358.86334228515625,340.5133361816406,350.7966613769531,79447200.0,TSLA,,,,,,,,,,
2022-04-08,341.8299865722656,349.4800109863281,340.8133239746094,347.7366638183594,55013700.0,TSLA,,,,,,,,,,
2022-04-11,325.30999755859375,336.15667724609375,324.8800048828125,326.79998779296875,59357100.0,TSLA,,,,,,,,,,
2022-04-12,328.98333740234375,340.39666748046875,325.5333251953125,332.5466613769531,65976000.0,TSLA,,,,,,,,,,
2022-04-13,340.7900085449219,342.0799865722656,324.3666687011719,327.02667236328125,55121100.0,TSLA,,,,,,,,,,
2022-04-14,328.3333435058594,337.57000732421875,327.39666748046875,333.0966796875,58422300.0,TSLA,,,,,,,,,,
2022-04-18,334.7633361816406,338.3066711425781,324.4700012207031,329.6766662597656,51715200.0,TSLA,,,,,,,,,,
2022-04-19,342.7166748046875,344.9800109863281,331.77667236328125,335.0199890136719,49847700.0,TSLA,,,,,,,,,,
2022-04-20,325.73333740234375,344.6666564941406,325.0833435058594,343.3333435058594,70711200.0,TSLA,,,,,,,,,,
2022-04-21,336.260009765625,364.0733337402344,332.1400146484375,358.24334716796875,105416400.0,TSLA,,,,,,,,,,
2022-04-22,335.01666259765625,344.95001220703125,331.3333435058594,338.3033447265625,69696600.0,TSLA,,,,,,,,,,
2022-04-25,332.67333984375,336.2066650390625,325.1000061035156,326.3233337402344,68341200.0,TSLA,,,,,,,,,,
2022-04-26,292.1400146484375,333.3333435058594,291.6666564941406,331.80999755859375,136133700.0,TSLA,,,,,,,,,,
2022-04-27,293.836669921875,306.0,292.4533386230469,299.52667236328125,76956300.0,TSLA,,,,,,,,,,
2022-04-28,292.5033264160156,300.0,273.8999938964844,299.99334716796875,124948500.0,TSLA,,,,,,,,,,
2022-04-29,290.2533264160156,311.4666748046875,290.0,300.75,88133100.0,TSLA,,,,,,,,,,
2022-05-02,300.9800109863281,302.1199951171875,282.6766662597656,286.92333984375,75781500.0,TSLA,,,,,,,,,,
2022-05-03,303.0833435058594,308.02667236328125,296.1966552734375,301.05999755859375,63709500.0,TSLA,,,,,,,,,,
2022-05-04,317.5400085449219,318.5,295.09332275390625,301.3133239746094,81643800.0,TSLA,,,,,,,,,,
2022-05-05,291.09332275390625,315.20001220703125,285.8999938964844,313.00665283203125,92519100.0,TSLA,,,,,,,,,,
2022-05-06,288.54998779296875,296.0,281.03668212890625,295.6666564941406,72903000.0,TSLA,,,,,,,,,,
2022-05-09,262.3699951171875,281.8766784667969,260.3833312988281,278.8166809082031,90810300.0,TSLA,,,,,,,,,,
2022-05-10,266.67999267578125,275.1199951171875,258.0833435058594,273.10333251953125,84401700.0,TSLA,,,,,,,,,,
2022-05-11,244.6666717529297,269.92333984375,242.39999389648438,265.0,97224600.0,TSLA,,,,,,,,,,
2022-05-12,242.6666717529297,253.22000122070312,226.6666717529297,233.6666717529297,140313000.0,TSLA,,,,,,,,,,
2022-05-13,256.5299987792969,262.45001220703125,250.52333068847656,257.82666015625,92150700.0,TSLA,,,,,,,,,,
2022-05-16,241.4566650390625,256.586669921875,239.69667053222656,255.72000122070312,86098500.0,TSLA,,,,,,,,,,
2022-05-17,253.8699951171875,254.82666015625,242.9499969482422,249.1199951171875,80236200.0,TSLA,,,,,,,,,,
2022-05-18,236.60333251953125,253.5,233.60333251953125,248.17333984375,87811800.0,TSLA,,,,,,,,,,
2022-05-19,236.47332763671875,244.6666717529297,231.3699951171875,235.6666717529297,90296700.0,TSLA,,,,,,,,,,
2022-05-20,221.3000030517578,240.52667236328125,211.0,237.99667358398438,144973200.0,TSLA,,,,,,,,,,
2022-05-23,224.96665954589844,226.65333557128906,212.68666076660156,218.33999633789062,88903500.0,TSLA,,,,,,,,,,
2022-05-24,209.3866729736328,217.97332763671875,206.85667419433594,217.8433380126953,89092500.0,TSLA,,,,,,,,,,
2022-05-25,219.60000610351562,223.10667419433594,207.6699981689453,207.9499969482422,92139300.0,TSLA,,,,,,,,,,
2022-05-26,235.91000366210938,239.55667114257812,217.8866729736328,220.47332763671875,106003200.0,TSLA,,,,,,,,,,
2022-05-27,253.2100067138672,253.26666259765625,240.17666625976562,241.0833282470703,89295000.0,TSLA,,,,,,,,,,
2022-05-31,252.75332641601562,259.6000061035156,244.7433319091797,257.9466552734375,101914500.0,TSLA,,,,,,,,,,
2022-06-01,246.7899932861328,257.32666015625,243.63999938964844,251.72000122070312,77247900.0,TSLA,,,,,,,,,,
2022-06-02,258.3333435058594,264.2099914550781,242.06666564941406,244.1566619873047,93473100.0,TSLA,,,,,,,,,,
2022-06-03,234.51666259765625,247.79666137695312,233.4166717529297,243.22666931152344,112393800.0,TSLA,,,,,,,,,,
2022-06-06,238.27999877929688,244.86666870117188,234.35000610351562,244.35333251953125,84204600.0,TSLA,,,,,,,,,,
2022-06-07,238.8866729736328,239.99667358398438,230.0933380126953,234.0,72808500.0,TSLA,,,,,,,,,,
2022-06-08,241.86666870117188,249.9633331298828,239.17666625976562,240.086669921875,76210500.0,TSLA,,,,,,,,,,
2022-06-09,239.7066650390625,255.54666137695312,239.32666015625,249.33999633789062,96491400.0,TSLA,,,,,,,,,,
2022-06-10,232.22999572753906,239.5,227.913330078125,235.1566619873047,97536600.0,TSLA,,,,,,,,,,
2022-06-13,215.73666381835938,226.63333129882812,214.68333435058594,223.1666717529297,102767400.0,TSLA,,,,,,,,,,
2022-06-14,220.88999938964844,226.3300018310547,211.73666381835938,218.2866668701172,97988700.0,TSLA,,,,,,,,,,
2022-06-15,233.0,235.663330078125,218.14999389648438,220.9166717529297,119131800.0,TSLA,,,,,,,,,,
2022-06-16,213.10000610351562,225.1666717529297,208.69332885742188,222.73666381835938,107390700.0,TSLA,,,,,,,,,,
2022-06-17,216.75999450683594,220.97000122070312,213.19667053222656,213.43333435058594,92641800.0,TSLA,,,,,,,,,,
2022-06-21,237.0366668701172,243.57666015625,224.3333282470703,224.60333251953125,122793000.0,TSLA,,,,,,,,,,
2022-06-22,236.086669921875,246.8333282470703,233.82666015625,234.50332641601562,101107500.0,TSLA,,,,,,,,,,
2022-06-23,235.07000732421875,239.31666564941406,228.6366729736328,237.9066619873047,104202600.0,TSLA,,,,,,,,,,
2022-06-24,245.7066650390625,246.06666564941406,236.086669921875,237.47000122070312,95770800.0,TSLA,,,,,,,,,,
2022-06-27,244.9199981689453,252.07000732421875,242.56666564941406,249.36666870117188,89178300.0,TSLA,,,,,,,,,,
2022-06-28,232.663330078125,249.97000122070312,232.3433380126953,244.48333740234375,90391200.0,TSLA,,,,,,,,,,
2022-06-29,228.49000549316406,231.17333984375,222.27333068847656,230.5,82897200.0,TSLA,,,,,,,,,,
2022-06-30,224.47332763671875,229.4566650390625,218.8633270263672,224.50999450683594,94600500.0,TSLA,,,,,,,,,,
2022-07-01,227.26333618164062,230.22999572753906,222.1199951171875,227.0,74460300.0,TSLA,,,,,,,,,,
2022-07-05,233.06666564941406,233.14666748046875,216.1666717529297,223.0,84581100.0,TSLA,,,,,,,,,,
2022-07-06,231.73333740234375,234.56333923339844,227.18666076660156,230.77999877929688,71853600.0,TSLA,,,,,,,,,,
2022-07-07,244.5433349609375,245.3633270263672,232.2100067138672,233.9199981689453,81930600.0,TSLA,,,,,,,,,,
2022-07-08,250.76333618164062,254.97999572753906,241.16000366210938,242.3333282470703,101854200.0,TSLA,,,,,,,,,,
2022-07-11,234.3433380126953,253.06333923339844,233.6266632080078,252.10333251953125,99241200.0,TSLA,,,,,,,,,,
2022-07-12,233.07000732421875,239.77333068847656,228.3699951171875,236.84666442871094,87930900.0,TSLA,,,,,,,,,,
2022-07-13,237.0399932861328,242.05999755859375,225.03334045410156,225.5,97954500.0,TSLA,,,,,,,,,,
2022-07-14,238.31333923339844,238.65333557128906,229.3333282470703,234.89666748046875,78557400.0,TSLA,,,,,,,,,,
2022-07-15,240.06666564941406,243.6233367919922,236.88999938964844,240.0,69683100.0,TSLA,,,,,,,,,,
2022-07-18,240.54666137695312,250.51666259765625,239.60333251953125,244.93666076660156,82537500.0,TSLA,,,,,,,,,,
2022-07-19,245.52999877929688,247.13999938964844,236.97666931152344,245.0,80890200.0,TSLA,,,,,,,,,,
2022-07-20,247.5,250.663330078125,243.48333740234375,246.78334045410156,88864200.0,TSLA,,,,,,,,,,
2022-07-21,271.7066650390625,273.26666259765625,254.86666870117188,255.10667419433594,142032300.0,TSLA,,,,,,,,,,
2022-07-22,272.24334716796875,280.78668212890625,270.71331787109375,276.2200012207031,103472700.0,TSLA,,,,,,,,,,
2022-07-25,268.4333190917969,274.14666748046875,267.3999938964844,272.2166748046875,64073400.0,TSLA,,,,,,,,,,
2022-07-26,258.8599853515625,267.30999755859375,256.2633361816406,266.5133361816406,66820800.0,TSLA,,,,,,,,,,
2022-07-27,274.82000732421875,275.9266662597656,261.7900085449219,263.80999755859375,88110000.0,TSLA,,,,,,,,,,
2022-07-28,280.8999938964844,283.29998779296875,272.79998779296875,280.0666809082031,84723000.0,TSLA,,,,,,,,,,
2022-07-29,297.1499938964844,298.32000732421875,279.1000061035156,280.70001220703125,95313000.0,TSLA,,,,,,,,,,
2022-08-01,297.27667236328125,311.8766784667969,295.0,301.27667236328125,117042900.0,TSLA,,,,,,,,,,
2022-08-02,300.586669921875,307.8333435058594,292.6666564941406,294.0033264160156,95577600.0,TSLA,,,,,,,,,,
2022-08-03,307.39666748046875,309.54998779296875,301.1499938964844,305.0,80091000.0,TSLA,,,,,,,,,,
2022-08-04,308.6333312988281,313.6066589355469,305.0,311.0,72256200.0,TSLA,,,,,,,,,,
2022-08-05,288.1700134277344,304.6066589355469,285.5433349609375,302.6700134277344,113172900.0,TSLA,,,,,,,,,,
2022-08-08,290.42333984375,305.20001220703125,289.086669921875,295.0,98994000.0,TSLA,,,,,,,,,,
2022-08-09,283.3333435058594,292.39666748046875,279.35333251953125,290.2933349609375,86244600.0,TSLA,,,,,,,,,,
2022-08-10,294.3566589355469,297.510009765625,283.3699951171875,297.0666809082031,94918800.0,TSLA,,,,,,,,,,
2022-08-11,286.6300048828125,298.2366638183594,285.8333435058594,296.5133361816406,70155000.0,TSLA,,,,,,,,,,
2022-08-12,300.0299987792969,300.1600036621094,285.0333251953125,289.4166564941406,79657200.0,TSLA,,,,,,,,,,
2022-08-15,309.32000732421875,313.1333312988281,301.2300109863281,301.78668212890625,89359200.0,TSLA,,,,,,,,,,
2022-08-16,306.5633239746094,314.6666564941406,302.8833312988281,311.6666564941406,88136400.0,TSLA,,,,,,,,,,
2022-08-17,303.9966735839844,309.65667724609375,300.0333251953125,303.39666748046875,68766000.0,TSLA,,,,,,,,,,
2022-08-18,302.8699951171875,306.5,301.85333251953125,306.0,47500500.0,TSLA,,,,,,,,,,
2022-08-19,296.6666564941406,300.3599853515625,292.5,299.0,61395300.0,TSLA,,,,,,,,,,
2022-08-22,289.913330078125,292.3999938964844,286.2966613769531,291.913330078125,55843200.0,TSLA,,,,,,,,,,
2022-08-23,296.4533386230469,298.82666015625,287.92333984375,291.4533386230469,63984900.0,TSLA,,,,,,,,,,
2022-08-24,297.0966796875,303.64666748046875,296.5,297.5633239746094,57259800.0,TSLA,,,,,,,,,,
2022-08-25,296.07000732421875,302.9599914550781,291.6000061035156,302.3599853515625,53230000.0,TSLA,,,,,,,,,,
2022-08-26,288.0899963378906,302.0,287.4700012207031,297.42999267578125,57163900.0,TSLA,,,,,,,,,,
2022-08-29,284.82000732421875,287.739990234375,280.70001220703125,282.8299865722656,41864700.0,TSLA,,,,,,,,,,
2022-08-30,277.70001220703125,288.4800109863281,272.6499938964844,287.8699951171875,50541800.0,TSLA,,,,,,,,,,
2022-08-31,275.6099853515625,281.25,271.80999755859375,280.6199951171875,52107300.0,TSLA,,,,,,,,,,
2022-09-01,277.1600036621094,277.5799865722656,266.1499938964844,272.5799865722656,54287000.0,TSLA,,,,,,,,,,
2022-09-02,270.2099914550781,282.3500061035156,269.0799865722656,281.07000732421875,50890100.0,TSLA,,,,,,,,,,
2022-09-06,274.4200134277344,275.989990234375,265.739990234375,272.67999267578125,55860000.0,TSLA,,,,,,,,,,
2022-09-07,283.70001220703125,283.8399963378906,272.2699890136719,273.1000061035156,50028900.0,TSLA,,,,,,,,,,
2022-09-08,289.260009765625,289.5,279.760009765625,281.29998779296875,53713100.0,TSLA,,,,,,,,,,
2022-09-09,299.67999267578125,299.8500061035156,291.25,291.6700134277344,54338100.0,TSLA,,,,,,,,,,
2022-09-12,304.4200134277344,305.489990234375,300.3999938964844,300.7200012207031,48674600.0,TSLA,,,,,,,,,,
2022-09-13,292.1300048828125,297.3999938964844,290.3999938964844,292.8999938964844,68229600.0,TSLA,,,,,,,,,,
2022-09-14,302.6099853515625,306.0,291.6400146484375,292.239990234375,72628700.0,TSLA,,,,,,,,,,
2022-09-15,303.75,309.1199951171875,300.7200012207031,301.8299865722656,64795500.0,TSLA,,,,,,,,,,
2022-09-16,303.3500061035156,303.7099914550781,295.6000061035156,299.6099853515625,87087800.0,TSLA,,,,,,,,,,
2022-09-19,309.07000732421875,309.8399963378906,297.79998779296875,300.0899963378906,60231200.0,TSLA,,,,,,,,,,
2022-09-20,308.7300109863281,313.3299865722656,305.5799865722656,306.9100036621094,61642800.0,TSLA,,,,,,,,,,
2022-09-21,300.79998779296875,313.79998779296875,300.6300048828125,308.2900085449219,62555700.0,TSLA,,,,,,,,,,
2022-09-22,288.5899963378906,301.2900085449219,285.82000732421875,299.8599853515625,70545400.0,TSLA,,,,,,,,,,
2022-09-23,275.3299865722656,284.5,272.82000732421875,283.0899963378906,63748400.0,TSLA,,,,,,,,,,
2022-09-26,276.010009765625,284.0899963378906,270.30999755859375,271.8299865722656,58076900.0,TSLA,,,,,,,,,,
2022-09-27,282.94000244140625,288.6700134277344,277.510009765625,283.8399963378906,61925200.0,TSLA,,,,,,,,,,
2022-09-28,287.80999755859375,289.0,277.57000732421875,283.0799865722656,54664800.0,TSLA,,,,,,,,,,
2022-09-29,268.2099914550781,283.6499938964844,265.7799987792969,282.760009765625,77620600.0,TSLA,,,,,,,,,,
2022-09-30,265.25,275.57000732421875,262.4700012207031,266.1499938964844,67726600.0,TSLA,,,,,,,,,,
2022-10-03,242.39999389648438,255.16000366210938,241.00999450683594,254.5,98363500.0,TSLA,,,,,,,,,,
2022-10-04,249.44000244140625,257.5,242.00999450683594,250.52000427246094,109578500.0,TSLA,,,,,,,,,,
2022-10-05,240.80999755859375,246.6699981689453,233.27000427246094,245.00999450683594,86982700.0,TSLA,,,,,,,,,,
2022-10-06,238.1300048828125,244.5800018310547,235.35000610351562,239.44000244140625,69298400.0,TSLA,,,,,,,,,,
2022-10-07,223.07000732421875,234.57000732421875,222.02000427246094,233.94000244140625,83916800.0,TSLA,,,,,,,,,,
2022-10-10,222.9600067138672,226.99000549316406,218.36000061035156,223.92999267578125,67925000.0,TSLA,,,,,,,,,,
2022-10-11,216.5,225.75,215.0,220.9499969482422,77013200.0,TSLA,,,,,,,,,,
2022-10-12,217.24000549316406,219.3000030517578,211.50999450683594,215.3300018310547,66860700.0,TSLA,,,,,,,,,,
2022-10-13,221.72000122070312,222.99000549316406,206.22000122070312,208.3000030517578,91483000.0,TSLA,,,,,,,,,,
2022-10-14,204.99000549316406,226.25999450683594,204.16000366210938,224.00999450683594,94124500.0,TSLA,,,,,,,,,,
2022-10-17,219.35000610351562,221.86000061035156,209.4499969482422,210.0399932861328,79428800.0,TSLA,,,,,,,,,,
2022-10-18,220.19000244140625,229.82000732421875,217.25,229.5,75891900.0,TSLA,,,,,,,,,,
2022-10-19,222.0399932861328,222.92999267578125,217.77999877929688,219.8000030517578,66571500.0,TSLA,,,,,,,,,,
2022-10-20,207.27999877929688,215.5500030517578,202.0,208.27999877929688,117798100.0,TSLA,,,,,,,,,,
2022-10-21,214.44000244140625,214.66000366210938,203.8000030517578,206.4199981689453,75713800.0,TSLA,,,,,,,,,,
2022-10-24,211.25,213.5,198.58999633789062,205.82000732421875,100446800.0,TSLA,,,,,,,,,,
2022-10-25,222.4199981689453,224.35000610351562,210.0,210.10000610351562,96507900.0,TSLA,,,,,,,,,,
2022-10-26,224.63999938964844,230.60000610351562,218.1999969482422,219.39999389648438,85012500.0,TSLA,,,,,,,,,,
2022-10-27,225.08999633789062,233.80999755859375,222.85000610351562,229.77000427246094,61638800.0,TSLA,,,,,,,,,,
2022-10-28,228.52000427246094,228.86000061035156,216.35000610351562,225.39999389648438,69152400.0,TSLA,,,,,,,,,,
2022-10-31,227.5399932861328,229.85000610351562,221.94000244140625,226.19000244140625,61554300.0,TSLA,,,,,,,,,,
2022-11-01,227.82000732421875,237.39999389648438,227.27999877929688,234.0500030517578,62688800.0,TSLA,,,,,,,,,,
2022-11-02,214.97999572753906,227.8699951171875,214.82000732421875,226.0399932861328,63070300.0,TSLA,,,,,,,,,,
2022-11-03,215.30999755859375,221.1999969482422,210.13999938964844,211.36000061035156,56538800.0,TSLA,,,,,,,,,,
2022-11-04,207.47000122070312,223.8000030517578,203.0800018310547,222.60000610351562,98622200.0,TSLA,,,,,,,,,,
2022-11-07,197.0800018310547,208.89999389648438,196.66000366210938,208.64999389648438,93916500.0,TSLA,,,,,,,,,,
2022-11-08,191.3000030517578,195.1999969482422,186.75,194.02000427246094,128803400.0,TSLA,,,,,,,,,,
2022-11-09,177.58999633789062,195.88999938964844,177.1199951171875,190.77999877929688,127062700.0,TSLA,,,,,,,,,,
2022-11-10,190.72000122070312,191.0,180.02999877929688,189.89999389648438,132703000.0,TSLA,,,,,,,,,,
2022-11-11,195.97000122070312,196.52000427246094,182.58999633789062,186.0,114403600.0,TSLA,,,,,,,,,,
2022-11-14,190.9499969482422,195.72999572753906,186.33999633789062,192.77000427246094,92226600.0,TSLA,,,,,,,,,,
2022-11-15,194.4199981689453,200.82000732421875,192.05999755859375,195.8800048828125,91293800.0,TSLA,,,,,,,,,,
2022-11-16,186.9199981689453,192.57000732421875,185.66000366210938,191.50999450683594,66567600.0,TSLA,,,,,,,,,,
2022-11-17,183.1699981689453,186.16000366210938,180.89999389648438,183.9600067138672,64336000.0,TSLA,,,,,,,,,,
2022-11-18,180.19000244140625,185.19000244140625,176.5500030517578,185.0500030517578,76048900.0,TSLA,,,,,,,,,,
2022-11-21,167.8699951171875,176.77000427246094,167.5399932861328,175.85000610351562,92882700.0,TSLA,,,,,,,,,,
2022-11-22,169.91000366210938,170.9199981689453,166.19000244140625,168.6300048828125,78452300.0,TSLA,,,,,,,,,,
2022-11-23,183.1999969482422,183.6199951171875,172.5,173.57000732421875,109536700.0,TSLA,,,,,,,,,,
2022-11-25,182.86000061035156,185.1999969482422,180.6300048828125,185.05999755859375,50672700.0,TSLA,,,,,,,,,,
2022-11-28,182.9199981689453,188.5,179.0,179.9600067138672,92905200.0,TSLA,,,,,,,,,,
2022-11-29,180.8300018310547,186.3800048828125,178.75,184.99000549316406,83357100.0,TSLA,,,,,,,,,,
2022-11-30,194.6999969482422,194.75999450683594,180.6300048828125,182.42999267578125,109186400.0,TSLA,,,,,,,,,,
2022-12-01,194.6999969482422,198.9199981689453,191.8000030517578,197.0800018310547,80046200.0,TSLA,,,,,,,,,,
2022-12-02,194.86000061035156,196.25,191.11000061035156,191.77999877929688,73645900.0,TSLA,,,,,,,,,,
2022-12-05,182.4499969482422,191.27000427246094,180.5500030517578,189.44000244140625,93122700.0,TSLA,,,,,,,,,,
2022-12-06,179.82000732421875,183.64999389648438,175.3300018310547,181.22000122070312,92150800.0,TSLA,,,,,,,,,,
2022-12-07,174.0399932861328,179.3800048828125,172.22000122070312,175.02999877929688,84213300.0,TSLA,,,,,,,,,,
2022-12-08,173.44000244140625,175.1999969482422,169.05999755859375,172.1999969482422,97624500.0,TSLA,,,,,,,,,,
2022-12-09,179.0500030517578,182.5,173.36000061035156,173.83999633789062,104872300.0,TSLA,,,,,,,,,,
2022-12-12,167.82000732421875,177.3699951171875,167.52000427246094,176.10000610351562,109794500.0,TSLA,,,,,,,,,,
2022-12-13,160.9499969482422,175.0500030517578,156.91000366210938,174.8699951171875,175862700.0,TSLA,,,,,,,,,,
2022-12-14,156.8000030517578,161.6199951171875,155.30999755859375,159.25,140682300.0,TSLA,,,,,,,,,,
2022-12-15,157.6699981689453,160.92999267578125,153.27999877929688,153.44000244140625,122334500.0,TSLA,,,,,,,,,,
2022-12-16,150.22999572753906,160.99000549316406,150.0399932861328,159.63999938964844,139032200.0,TSLA,,,,,,,,,,
2022-12-19,149.8699951171875,155.25,145.82000732421875,154.0,139390600.0,TSLA,,,,,,,,,,
2022-12-20,137.8000030517578,148.47000122070312,137.66000366210938,146.0500030517578,159563300.0,TSLA,,,,,,,,,,
2022-12-21,137.57000732421875,141.25999450683594,135.88999938964844,139.33999633789062,145417400.0,TSLA,,,,,,,,,,
2022-12-22,125.3499984741211,136.6300048828125,122.26000213623047,136.0,210090300.0,TSLA,,,,,,,,,,
2022-12-23,123.1500015258789,128.6199951171875,121.0199966430664,126.37000274658203,166989700.0,TSLA,,,,,,,,,,
2022-12-27,109.0999984741211,119.66999816894531,108.76000213623047,117.5,208643400.0,TSLA,,,,,,,,,,
2022-12-28,112.70999908447266,116.2699966430664,108.23999786376953,110.3499984741211,221070500.0,TSLA,,,,,,,,,,
2022-12-29,121.81999969482422,123.56999969482422,117.5,120.38999938964844,221923300.0,TSLA,,,,,,,,,,
2022-12-30,123.18000030517578,124.4800033569336,119.75,119.94999694824219,157777300.0,TSLA,,,,,,,,,,
2023-01-03,108.0999984741211,118.80000305175781,104.63999938964844,118.47000122070312,231402800.0,TSLA,,,,,,,,,,
2023-01-04,113.63999938964844,114.58999633789062,107.5199966430664,109.11000061035156,180389000.0,TSLA,,,,,,,,,,
2023-01-05,110.33999633789062,111.75,107.16000366210938,110.51000213623047,157986300.0,TSLA,,,,,,,,,,
2023-01-06,113.05999755859375,114.38999938964844,101.80999755859375,103.0,220911100.0,TSLA,,,,,,,,,,
2023-01-09,119.7699966430664,123.5199966430664,117.11000061035156,118.95999908447266,190284000.0,TSLA,,,,,,,,,,
2023-01-10,118.8499984741211,122.76000213623047,114.91999816894531,121.06999969482422,167642500.0,TSLA,,,,,,,,,,
2023-01-11,123.22000122070312,125.94999694824219,120.51000213623047,122.08999633789062,183810800.0,TSLA,,,,,,,,,,
2023-01-12,123.55999755859375,124.12999725341797,117.0,122.55999755859375,169400900.0,TSLA,,,,,,,,,,
2023-01-13,122.4000015258789,122.62999725341797,115.5999984741211,116.55000305175781,180714100.0,TSLA,,,,,,,,,,
2023-01-17,131.49000549316406,131.6999969482422,125.0199966430664,125.69999694824219,186477000.0,TSLA,,,,,,,,,,
2023-01-18,128.77999877929688,136.67999267578125,127.01000213623047,136.55999755859375,195680300.0,TSLA,,,,,,,,,,
2023-01-19,127.16999816894531,129.99000549316406,124.30999755859375,127.26000213623047,170291900.0,TSLA,,,,,,,,,,
2023-01-20,133.4199981689453,133.50999450683594,127.3499984741211,128.67999267578125,138858100.0,TSLA,,,,,,,,,,
2023-01-23,143.75,145.3800048828125,134.27000427246094,135.8699951171875,203119200.0,TSLA,,,,,,,,,,
2023-01-24,143.88999938964844,146.5,141.10000610351562,143.0,158699100.0,TSLA,,,,,,,,,,
2023-01-25,144.42999267578125,146.41000366210938,138.07000732421875,141.91000366210938,192734300.0,TSLA,,,,,,,,,,
2023-01-26,160.27000427246094,161.4199981689453,154.75999450683594,159.97000122070312,234815100.0,TSLA,,,,,,,,,,
2023-01-27,177.89999389648438,180.67999267578125,161.1699981689453,162.42999267578125,306590600.0,TSLA,,,,,,,,,,
2023-01-30,166.66000366210938,179.77000427246094,166.5,178.0500030517578,230878800.0,TSLA,,,,,,,,,,
2023-01-31,173.22000122070312,174.3000030517578,162.77999877929688,164.57000732421875,196813500.0,TSLA,,,,,,,,,,
2023-02-01,181.41000366210938,183.80999755859375,169.92999267578125,173.88999938964844,213806300.0,TSLA,,,,,,,,,,
2023-02-02,188.27000427246094,196.75,182.61000061035156,187.3300018310547,217448300.0,TSLA,,,,,,,,,,
2023-02-03,189.97999572753906,199.0,183.69000244140625,183.9499969482422,232662000.0,TSLA,,,,,,,,,,
2023-02-06,194.75999450683594,198.1699981689453,189.9199981689453,193.00999450683594,186188100.0,TSLA,,,,,,,,,,
2023-02-07,196.80999755859375,197.5,189.5500030517578,196.42999267578125,186010300.0,TSLA,,,,,,,,,,
2023-02-08,201.2899932861328,203.0,194.30999755859375,196.10000610351562,180673600.0,TSLA,,,,,,,,,,
2023-02-09,207.32000732421875,214.0,204.77000427246094,207.77999877929688,215431400.0,TSLA,,,,,,,,,,
2023-02-10,196.88999938964844,206.1999969482422,192.88999938964844,202.22999572753906,204754100.0,TSLA,,,,,,,,,,
2023-02-13,194.63999938964844,196.3000030517578,187.61000061035156,194.4199981689453,172475500.0,TSLA,,,,,,,,,,
2023-02-14,209.25,209.82000732421875,189.44000244140625,191.94000244140625,216455700.0,TSLA,,,,,,,,,,
2023-02-15,214.24000549316406,214.66000366210938,206.11000061035156,211.75999450683594,181006400.0,TSLA,,,,,,,,,,
2023-02-16,202.0399932861328,217.64999389648438,201.83999633789062,210.77999877929688,229586500.0,TSLA,,,,,,,,,,
2023-02-17,208.30999755859375,208.44000244140625,197.5,199.99000549316406,213738500.0,TSLA,,,,,,,,,,
2023-02-21,197.3699951171875,209.7100067138672,197.22000122070312,204.99000549316406,180018600.0,TSLA,,,,,,,,,,
2023-02-22,200.86000061035156,201.99000549316406,191.77999877929688,197.92999267578125,191828500.0,TSLA,,,,,,,,,,
2023-02-23,202.07000732421875,205.13999938964844,196.3300018310547,203.91000366210938,146360000.0,TSLA,,,,,,,,,,
2023-02-24,196.8800048828125,197.6699981689453,192.8000030517578,196.3300018310547,142228100.0,TSLA,,,,,,,,,,
2023-02-27,207.6300048828125,209.4199981689453,201.25999450683594,202.02999877929688,161028300.0,TSLA,,,,,,,,,,
2023-02-28,205.7100067138672,211.22999572753906,203.75,210.58999633789062,153144900.0,TSLA,,,,,,,,,,
2023-03-01,202.77000427246094,207.1999969482422,198.52000427246094,206.2100067138672,156852800.0,TSLA,,,,,,,,,,
2023-03-02,190.89999389648438,193.75,186.00999450683594,186.74000549316406,181500700.0,TSLA,,,,,,,,,,
2023-03-03,197.7899932861328,200.47999572753906,192.8800048828125,194.8000030517578,154193300.0,TSLA,,,,,,,,,,
2023-03-06,193.80999755859375,198.60000610351562,192.3000030517578,198.5399932861328,128100100.0,TSLA,,,,,,,,,,
2023-03-07,187.7100067138672,194.1999969482422,186.10000610351562,191.3800048828125,148125800.0,TSLA,,,,,,,,,,
2023-03-08,182.0,186.5,180.0,185.0399932861328,151897800.0,TSLA,,,,,,,,,,
2023-03-09,172.9199981689453,185.17999267578125,172.50999450683594,180.25,170023800.0,TSLA,,,,,,,,,,
2023-03-10,173.44000244140625,178.2899932861328,168.44000244140625,175.1300048828125,191488900.0,TSLA,,,,,,,,,,
2023-03-13,174.47999572753906,177.35000610351562,163.91000366210938,167.4600067138672,167790300.0,TSLA,,,,,,,,,,
2023-03-14,183.25999450683594,183.8000030517578,177.13999938964844,177.30999755859375,143717900.0,TSLA,,,,,,,,,,
2023-03-15,180.4499969482422,182.33999633789062,176.02999877929688,180.8000030517578,145995600.0,TSLA,,,,,,,,,,
2023-03-16,184.1300048828125,185.80999755859375,178.83999633789062,180.3699951171875,121136800.0,TSLA,,,,,,,,,,
2023-03-17,180.1300048828125,186.22000122070312,177.3300018310547,184.52000427246094,133197100.0,TSLA,,,,,,,,,,
2023-03-20,183.25,186.44000244140625,176.35000610351562,178.0800018310547,129684400.0,TSLA,,,,,,,,,,
2023-03-21,197.5800018310547,198.0,188.0399932861328,188.27999877929688,153391400.0,TSLA,,,,,,,,,,
2023-03-22,191.14999389648438,200.66000366210938,190.9499969482422,199.3000030517578,150376400.0,TSLA,,,,,,,,,,
2023-03-23,192.22000122070312,199.30999755859375,188.64999389648438,195.25999450683594,144193900.0,TSLA,,,,,,,,,,
2023-03-24,190.41000366210938,192.36000061035156,187.14999389648438,191.64999389648438,116312400.0,TSLA,,,,,,,,,,
2023-03-27,191.80999755859375,197.38999938964844,189.94000244140625,194.4199981689453,120851600.0,TSLA,,,,,,,,,,
2023-03-28,189.19000244140625,192.35000610351562,185.42999267578125,192.0,98654600.0,TSLA,,,,,,,,,,
2023-03-29,193.8800048828125,195.2899932861328,189.44000244140625,193.1300048828125,123660000.0,TSLA,,,,,,,,,,
2023-03-30,195.27999877929688,197.3300018310547,194.4199981689453,195.5800018310547,110252200.0,TSLA,,,,,,,,,,
2023-03-31,207.4600067138672,207.7899932861328,197.1999969482422,197.52999877929688,170222100.0,TSLA,,,,,,,,,,
2023-04-03,194.77000427246094,202.69000244140625,192.1999969482422,199.91000366210938,169545900.0,TSLA,,,,,,,,,,
2023-04-04,192.5800018310547,198.74000549316406,190.32000732421875,197.32000732421875,126463800.0,TSLA,,,,,,,,,,
2023-04-05,185.52000427246094,190.67999267578125,183.75999450683594,190.52000427246094,133882500.0,TSLA,,,,,,,,,,
2023-04-06,185.05999755859375,186.38999938964844,179.74000549316406,183.0800018310547,123857900.0,TSLA,,,,,,,,,,
2023-04-10,184.50999450683594,185.10000610351562,176.11000061035156,179.94000244140625,142154600.0,TSLA,,,,,,,,,,
2023-04-11,186.7899932861328,189.19000244140625,185.64999389648438,186.69000244140625,115770900.0,TSLA,,,,,,,,,,
2023-04-12,180.5399932861328,191.5800018310547,180.30999755859375,190.74000549316406,150256300.0,TSLA,,,,,,,,,,
2023-04-13,185.89999389648438,186.5,180.94000244140625,182.9600067138672,112933000.0,TSLA,,,,,,,,,,
2023-04-14,185.0,186.27999877929688,182.00999450683594,183.9499969482422,96438700.0,TSLA,,,,,,,,,,
2023-04-17,187.0399932861328,189.69000244140625,182.69000244140625,186.32000732421875,116662200.0,TSLA,,,,,,,,,,
2023-04-18,184.30999755859375,187.69000244140625,183.5800018310547,187.14999389648438,92067000.0,TSLA,,,,,,,,,,
2023-04-19,180.58999633789062,183.5,177.64999389648438,179.10000610351562,125732700.0,TSLA,,,,,,,,,,
2023-04-20,162.99000549316406,169.6999969482422,160.55999755859375,166.1699981689453,210970800.0,TSLA,,,,,,,,,,
2023-04-21,165.0800018310547,166.0,161.32000732421875,164.8000030517578,123539000.0,TSLA,,,,,,,,,,
2023-04-24,162.5500030517578,165.64999389648438,158.61000061035156,164.64999389648438,140006600.0,TSLA,,,,,,,,,,
2023-04-25,160.6699981689453,163.47000122070312,158.75,159.82000732421875,121999300.0,TSLA,,,,,,,,,,
2023-04-26,153.75,160.6699981689453,153.13999938964844,160.2899932861328,153364100.0,TSLA,,,,,,,,,,
2023-04-27,160.19000244140625,160.47999572753906,152.3699951171875,152.63999938964844,127015200.0,TSLA,,,,,,,,,,
2023-04-28,164.30999755859375,165.0,157.32000732421875,160.89999389648438,122515800.0,TSLA,,,,,,,,,,
2023-05-01,161.8300018310547,163.27999877929688,158.8300018310547,163.1699981689453,109015000.0,TSLA,,,,,,,,,,
2023-05-02,160.30999755859375,165.49000549316406,158.92999267578125,161.8800048828125,128259700.0,TSLA,,,,,,,,,,
2023-05-03,160.61000061035156,165.0,159.91000366210938,160.00999450683594,119728000.0,TSLA,,,,,,,,,,
2023-05-04,161.1999969482422,162.9499969482422,159.64999389648438,162.7100067138672,95108500.0,TSLA,,,,,,,,,,
2023-05-05,170.05999755859375,170.7899932861328,163.50999450683594,163.97000122070312,107607300.0,TSLA,,,,,,,,,,
2023-05-08,171.7899932861328,173.8000030517578,169.19000244140625,173.72000122070312,112249400.0,TSLA,,,,,,,,,,
2023-05-09,169.14999389648438,169.82000732421875,166.55999755859375,168.9499969482422,88965000.0,TSLA,,,,,,,,,,
2023-05-10,168.5399932861328,174.42999267578125,166.67999267578125,172.5500030517578,119840700.0,TSLA,,,,,,,,,,
2023-05-11,172.0800018310547,173.57000732421875,166.7899932861328,168.6999969482422,103889900.0,TSLA,,,,,,,,,,
2023-05-12,167.97999572753906,177.3800048828125,167.22999572753906,176.07000732421875,157849600.0,TSLA,,,,,,,,,,
2023-05-15,166.35000610351562,169.75999450683594,164.5500030517578,167.66000366210938,105592500.0,TSLA,,,,,,,,,,
2023-05-16,166.52000427246094,169.52000427246094,164.35000610351562,165.64999389648438,98288800.0,TSLA,,,,,,,,,,
2023-05-17,173.86000061035156,174.5,167.19000244140625,168.41000366210938,125473600.0,TSLA,,,,,,,,,,
2023-05-18,176.88999938964844,177.05999755859375,172.4499969482422,174.22000122070312,109520300.0,TSLA,,,,,,,,,,
2023-05-19,180.13999938964844,181.9499969482422,176.30999755859375,177.1699981689453,136196700.0,TSLA,,,,,,,,,,
2023-05-22,188.8699951171875,189.32000732421875,180.11000061035156,180.6999969482422,132001400.0,TSLA,,,,,,,,,,
2023-05-23,185.77000427246094,192.9600067138672,185.25999450683594,186.1999969482422,156952100.0,TSLA,,,,,,,,,,
2023-05-24,182.89999389648438,184.22000122070312,178.22000122070312,182.22999572753906,137605100.0,TSLA,,,,,,,,,,
2023-05-25,184.47000122070312,186.77999877929688,180.5800018310547,186.5399932861328,96870700.0,TSLA,,,,,,,,,,
2023-05-26,193.1699981689453,198.60000610351562,184.52999877929688,184.6199951171875,162061500.0,TSLA,,,,,,,,,,
2023-05-30,201.16000366210938,204.47999572753906,197.52999877929688,200.10000610351562,128818700.0,TSLA,,,,,,,,,,
2023-05-31,203.92999267578125,203.9499969482422,195.1199951171875,199.77999877929688,150711700.0,TSLA,,,,,,,,,,
2023-06-01,207.52000427246094,209.8000030517578,199.3699951171875,202.58999633789062,148029900.0,TSLA,,,,,,,,,,
2023-06-02,213.97000122070312,217.25,209.75,210.14999389648438,164398400.0,TSLA,,,,,,,,,,
2023-06-05,217.61000061035156,221.2899932861328,214.52000427246094,217.8000030517578,151143100.0,TSLA,,,,,,,,,,
2023-06-06,221.30999755859375,221.91000366210938,212.52999877929688,216.13999938964844,146911600.0,TSLA,,,,,,,,,,
2023-06-07,224.57000732421875,230.8300018310547,223.1999969482422,228.0,185710800.0,TSLA,,,,,,,,,,
2023-06-08,234.86000061035156,235.22999572753906,223.00999450683594,224.22000122070312,164489700.0,TSLA,,,,,,,,,,
2023-06-09,244.39999389648438,252.4199981689453,242.02000427246094,249.07000732421875,200242400.0,TSLA,,,,,,,,,,
2023-06-12,249.8300018310547,250.97000122070312,244.58999633789062,247.94000244140625,150337900.0,TSLA,,,,,,,,,,
2023-06-13,258.7099914550781,259.67999267578125,251.33999633789062,253.50999450683594,162384300.0,TSLA,,,,,,,,,,
2023-06-14,256.7900085449219,261.57000732421875,250.5,260.1700134277344,170575500.0,TSLA,,,,,,,,,,
2023-06-15,255.89999389648438,258.95001220703125,247.2899932861328,248.39999389648438,160171200.0,TSLA,,,,,,,,,,
2023-06-16,260.5400085449219,263.6000061035156,257.2099914550781,258.9200134277344,167915600.0,TSLA,,,,,,,,,,
2023-06-20,274.45001220703125,274.75,261.1199951171875,261.5,165611200.0,TSLA,,,,,,,,,,
2023-06-21,259.4599914550781,276.989990234375,257.7799987792969,275.1300048828125,211797100.0,TSLA,,,,,,,,,,
2023-06-22,264.6099853515625,265.0,248.25,250.77000427246094,166875900.0,TSLA,,,,,,,,,,
2023-06-23,256.6000061035156,262.45001220703125,252.8000030517578,259.2900085449219,177460800.0,TSLA,,,,,,,,,,
2023-06-26,241.0500030517578,258.3699951171875,240.6999969482422,250.07000732421875,179990600.0,TSLA,,,,,,,,,,
2023-06-27,250.2100067138672,250.38999938964844,240.85000610351562,243.24000549316406,164968200.0,TSLA,,,,,,,,,,
2023-06-28,256.239990234375,259.8800048828125,248.88999938964844,249.6999969482422,159770800.0,TSLA,,,,,,,,,,
2023-06-29,257.5,260.739990234375,253.61000061035156,258.0299987792969,131283400.0,TSLA,,,,,,,,,,
2023-06-30,261.7699890136719,264.45001220703125,259.8900146484375,260.6000061035156,112620800.0,TSLA,,,,,,,,,,
2023-07-03,279.82000732421875,284.25,275.1099853515625,276.489990234375,119685900.0,TSLA,,,,,,,,,,
2023-07-05,282.4800109863281,283.8500061035156,277.6000061035156,278.82000732421875,131530900.0,TSLA,,,,,,,,,,
2023-07-06,276.5400085449219,279.9700012207031,272.8800048828125,278.0899963378906,120332100.0,TSLA,,,,,,,,,,
2023-07-07,274.42999267578125,280.7799987792969,273.7699890136719,278.42999267578125,113879200.0,TSLA,,,,,,,,,,
2023-07-10,269.6099853515625,277.5199890136719,265.1000061035156,276.4700012207031,119425400.0,TSLA,,,,,,,,,,
2023-07-11,269.7900085449219,270.8999938964844,266.3699951171875,268.6499938964844,91972400.0,TSLA,,,,,,,,,,
2023-07-12,271.989990234375,276.5199890136719,271.4599914550781,276.3299865722656,95672100.0,TSLA,,,,,,,,,,
2023-07-13,277.8999938964844,279.45001220703125,270.6000061035156,274.5899963378906,112681500.0,TSLA,,,,,,,,,,
2023-07-14,281.3800048828125,285.29998779296875,276.30999755859375,277.010009765625,120062400.0,TSLA,,,,,,,,,,
2023-07-17,290.3800048828125,292.2300109863281,283.57000732421875,286.6300048828125,131569600.0,TSLA,,,,,,,,,,
2023-07-18,293.3399963378906,295.260009765625,286.010009765625,290.1499938964844,112120300.0,TSLA,,,,,,,,,,
2023-07-19,291.260009765625,299.2900085449219,289.5199890136719,296.0400085449219,142355400.0,TSLA,,,,,,,,,,
2023-07-20,262.8999938964844,280.92999267578125,261.20001220703125,279.55999755859375,175158300.0,TSLA,,,,,,,,,,
2023-07-21,260.0199890136719,268.0,255.8000030517578,268.0,161796100.0,TSLA,,,,,,,,,,
2023-07-24,269.05999755859375,269.8500061035156,254.1199951171875,255.85000610351562,136508500.0,TSLA,,,,,,,,,,
2023-07-25,265.2799987792969,272.8999938964844,265.0,272.3800048828125,112757300.0,TSLA,,,,,,,,,,
2023-07-26,264.3500061035156,268.0400085449219,261.75,263.25,95856200.0,TSLA,,,,,,,,,,
2023-07-27,255.7100067138672,269.1300048828125,255.3000030517578,268.30999755859375,103697300.0,TSLA,,,,,,,,,,
2023-07-28,266.44000244140625,267.25,258.2300109863281,259.8599853515625,111446000.0,TSLA,,,,,,,,,,
2023-07-31,267.42999267578125,269.0799865722656,263.7799987792969,267.4800109863281,84582200.0,TSLA,,,,,,,,,,
2023-08-01,261.07000732421875,266.4700012207031,260.25,266.260009765625,83166000.0,TSLA,,,,,,,,,,
2023-08-02,254.11000061035156,259.5199890136719,250.49000549316406,255.57000732421875,101752900.0,TSLA,,,,,,,,,,
2023-08-03,259.32000732421875,260.489990234375,252.0,252.0399932861328,97569100.0,TSLA,,,,,,,,,,
2023-08-04,253.86000061035156,264.7699890136719,253.11000061035156,260.9700012207031,99539900.0,TSLA,,,,,,,,,,
2023-08-07,251.4499969482422,253.64999389648438,242.75999450683594,251.4499969482422,111097900.0,TSLA,,,,,,,,,,
2023-08-08,249.6999969482422,250.9199981689453,245.00999450683594,247.4499969482422,96642200.0,TSLA,,,,,,,,,,
2023-08-09,242.19000244140625,251.10000610351562,241.89999389648438,250.8699951171875,101596300.0,TSLA,,,,,,,,,,
2023-08-10,245.33999633789062,251.8000030517578,243.0,245.39999389648438,109498600.0,TSLA,,,,,,,,,,
2023-08-11,242.64999389648438,243.7899932861328,238.02000427246094,241.77000427246094,99038600.0,TSLA,,,,,,,,,,
2023-08-14,239.75999450683594,240.66000366210938,233.75,235.6999969482422,98595300.0,TSLA,,,,,,,,,,
2023-08-15,232.9600067138672,240.5,232.61000061035156,238.72999572753906,88197600.0,TSLA,,,,,,,,,,
2023-08-16,225.60000610351562,233.97000122070312,225.3800048828125,228.02000427246094,112484500.0,TSLA,,,,,,,,,,
2023-08-17,219.22000122070312,226.74000549316406,218.8300018310547,226.05999755859375,120718400.0,TSLA,,,,,,,,,,
2023-08-18,215.49000549316406,217.5800018310547,212.36000061035156,214.1199951171875,136276600.0,TSLA,,,,,,,,,,
2023-08-21,231.27999877929688,232.1300048828125,220.5800018310547,221.5500030517578,135702700.0,TSLA,,,,,,,,,,
2023-08-22,233.19000244140625,240.82000732421875,229.5500030517578,240.25,130442800.0,TSLA,,,,,,,,,,
2023-08-23,236.86000061035156,238.97999572753906,229.2899932861328,229.33999633789062,101077600.0,TSLA,,,,,,,,,,
2023-08-24,230.0399932861328,238.9199981689453,228.17999267578125,238.66000366210938,99777400.0,TSLA,,,,,,,,,,
2023-08-25,238.58999633789062,239.0,230.35000610351562,231.30999755859375,106612200.0,TSLA,,,,,,,,,,
2023-08-28,238.82000732421875,244.3800048828125,235.35000610351562,242.5800018310547,107673700.0,TSLA,,,,,,,,,,
2023-08-29,257.17999267578125,257.4800109863281,237.77000427246094,238.5800018310547,134047600.0,TSLA,,,,,,,,,,
2023-08-30,256.8999938964844,260.510009765625,250.58999633789062,254.1999969482422,121988400.0,TSLA,,,,,,,,,,
2023-08-31,258.0799865722656,261.17999267578125,255.0500030517578,255.97999572753906,108861700.0,TSLA,,,,,,,,,,
2023-09-01,245.00999450683594,259.0799865722656,242.00999450683594,257.260009765625,132541600.0,TSLA,,,,,,,,,,
2023-09-05,256.489990234375,258.0,244.86000061035156,245.0,129469600.0,TSLA,,,,,,,,,,
2023-09-06,251.9199981689453,255.38999938964844,245.05999755859375,255.13999938964844,116959800.0,TSLA,,,,,,,,,,
2023-09-07,251.49000549316406,252.80999755859375,243.27000427246094,245.07000732421875,115312900.0,TSLA,,,,,,,,,,
2023-09-08,248.5,256.5199890136719,246.6699981689453,251.22000122070312,118367700.0,TSLA,,,,,,,,,,
2023-09-11,273.5799865722656,274.8500061035156,260.6099853515625,264.2699890136719,174667900.0,TSLA,,,,,,,,,,
2023-09-12,267.4800109863281,278.3900146484375,266.6000061035156,270.760009765625,135999900.0,TSLA,,,,,,,,,,
2023-09-13,271.29998779296875,274.9800109863281,268.1000061035156,270.07000732421875,111673700.0,TSLA,,,,,,,,,,
2023-09-14,276.0400085449219,276.7099914550781,270.4200134277344,271.32000732421875,107709800.0,TSLA,,,,,,,,,,
2023-09-15,274.3900146484375,278.9800109863281,271.0,277.54998779296875,133692300.0,TSLA,,,,,,,,,,
2023-09-18,265.2799987792969,271.44000244140625,263.760009765625,271.1600036621094,101543300.0,TSLA,,,,,,,,,,
2023-09-19,266.5,267.8500061035156,261.20001220703125,264.3500061035156,103704000.0,TSLA,,,,,,,,,,
2023-09-20,262.5899963378906,273.92999267578125,262.4599914550781,267.0400085449219,122514600.0,TSLA,,,,,,,,,,
2023-09-21,255.6999969482422,260.8599853515625,254.2100067138672,257.8500061035156,119951500.0,TSLA,,,,,,,,,,
2023-09-22,244.8800048828125,257.7900085449219,244.47999572753906,257.3999938964844,127524100.0,TSLA,,,,,,,,,,
2023-09-25,246.99000549316406,247.10000610351562,238.30999755859375,243.3800048828125,104636600.0,TSLA,,,,,,,,,,
2023-09-26,244.1199951171875,249.5500030517578,241.66000366210938,242.97999572753906,101993600.0,TSLA,,,,,,,,,,
2023-09-27,240.5,245.3300018310547,234.5800018310547,244.25999450683594,136597200.0,TSLA,,,,,,,,,,
2023-09-28,246.3800048828125,247.5500030517578,238.64999389648438,240.02000427246094,117058900.0,TSLA,,,,,,,,,,
2023-09-29,250.22000122070312,254.77000427246094,246.35000610351562,250.0,128522700.0,TSLA,,,,,,,,,,
2023-10-02,251.60000610351562,254.27999877929688,242.6199951171875,244.80999755859375,123810400.0,TSLA,,,,,,,,,,
2023-10-03,246.52999877929688,250.02000427246094,244.4499969482422,248.61000061035156,101985300.0,TSLA,,,,,,,,,,
2023-10-04,261.1600036621094,261.8599853515625,247.60000610351562,248.13999938964844,129721600.0,TSLA,,,,,,,,,,
2023-10-05,260.04998779296875,263.6000061035156,256.25,260.0,119159200.0,TSLA,,,,,,,,,,
2023-10-06,260.5299987792969,261.6499938964844,250.64999389648438,253.97999572753906,118121800.0,TSLA,,,,,,,,,,
2023-10-09,259.6700134277344,261.3599853515625,252.0500030517578,255.30999755859375,101377900.0,TSLA,,,,,,,,,,
2023-10-10,263.6199951171875,268.94000244140625,257.6499938964844,257.75,122656000.0,TSLA,,,,,,,,,,
2023-10-11,262.989990234375,268.6000061035156,260.8999938964844,266.20001220703125,103706300.0,TSLA,,,,,,,,,,
2023-10-12,258.8699951171875,265.4100036621094,256.6300048828125,262.9200134277344,111508100.0,TSLA,,,,,,,,,,
2023-10-13,251.1199951171875,259.6000061035156,250.22000122070312,258.8999938964844,102073800.0,TSLA,,,,,,,,,,
2023-10-16,253.9199981689453,255.39999389648438,248.47999572753906,250.0500030517578,88917200.0,TSLA,,,,,,,,,,
2023-10-17,254.85000610351562,257.17999267578125,247.0800018310547,250.10000610351562,93562900.0,TSLA,,,,,,,,,,
2023-10-18,242.67999267578125,254.6300048828125,242.0800018310547,252.6999969482422,125147800.0,TSLA,,,,,,,,,,
2023-10-19,220.11000061035156,230.61000061035156,216.77999877929688,225.9499969482422,170772700.0,TSLA,,,,,,,,,,
2023-10-20,211.99000549316406,218.86000061035156,210.4199981689453,217.00999450683594,138010100.0,TSLA,,,,,,,,,,
2023-10-23,212.0800018310547,216.97999572753906,202.50999450683594,210.0,150683400.0,TSLA,,,,,,,,,,
2023-10-24,216.52000427246094,222.0500030517578,214.11000061035156,216.5,118231100.0,TSLA,,,,,,,,,,
2023-10-25,212.4199981689453,220.10000610351562,212.1999969482422,215.8800048828125,107065100.0,TSLA,,,,,,,,,,
2023-10-26,205.75999450683594,214.8000030517578,204.8800048828125,211.32000732421875,115112600.0,TSLA,,,,,,,,,,
2023-10-27,207.3000030517578,212.41000366210938,205.77000427246094,210.60000610351562,94881200.0,TSLA,,,,,,,,,,
2023-10-30,197.36000061035156,210.8800048828125,194.6699981689453,209.27999877929688,136448200.0,TSLA,,,,,,,,,,
2023-10-31,200.83999633789062,202.8000030517578,194.07000732421875,196.1199951171875,118068300.0,TSLA,,,,,,,,,,
2023-11-01,205.66000366210938,205.99000549316406,197.85000610351562,204.0399932861328,121661700.0,TSLA,,,,,,,,,,
2023-11-02,218.50999450683594,219.1999969482422,211.4499969482422,212.97000122070312,125987600.0,TSLA,,,,,,,,,,
2023-11-03,219.9600067138672,226.3699951171875,218.39999389648438,221.14999389648438,119534800.0,TSLA,,,,,,,,,,
2023-11-06,219.27000427246094,226.32000732421875,215.0,223.97999572753906,117335800.0,TSLA,,,,,,,,,,
2023-11-07,222.17999267578125,223.1199951171875,215.72000122070312,219.97999572753906,116900100.0,TSLA,,,,,,,,,,
2023-11-08,222.11000061035156,224.14999389648438,217.63999938964844,223.14999389648438,106584800.0,TSLA,,,,,,,,,,
2023-11-09,209.97999572753906,220.8000030517578,206.67999267578125,219.75,142110500.0,TSLA,,,,,,,,,,
2023-11-10,214.64999389648438,215.3800048828125,205.69000244140625,210.02999877929688,130994000.0,TSLA,,,,,,,,,,
2023-11-13,223.7100067138672,225.39999389648438,211.61000061035156,215.60000610351562,140447600.0,TSLA,,,,,,,,,,
2023-11-14,237.41000366210938,238.13999938964844,230.72000122070312,235.02999877929688,149771600.0,TSLA,,,,,,,,,,
2023-11-15,242.83999633789062,246.6999969482422,236.4499969482422,239.2899932861328,150354000.0,TSLA,,,,,,,,,,
2023-11-16,233.58999633789062,240.8800048828125,230.9600067138672,239.49000549316406,136816800.0,TSLA,,,,,,,,,,
2023-11-17,234.3000030517578,237.38999938964844,226.5399932861328,232.0,142532800.0,TSLA,,,,,,,,,,
2023-11-20,235.60000610351562,237.10000610351562,231.02000427246094,234.0399932861328,116320100.0,TSLA,,,,,,,,,,
2023-11-21,241.1999969482422,243.6199951171875,233.33999633789062,235.0399932861328,122288000.0,TSLA,,,,,,,,,,
2023-11-22,234.2100067138672,244.00999450683594,231.39999389648438,242.0399932861328,117950600.0,TSLA,,,,,,,,,,
2023-11-24,235.4499969482422,238.75,232.3300018310547,233.75,65125200.0,TSLA,,,,,,,,,,
2023-11-27,236.0800018310547,238.3300018310547,232.10000610351562,236.88999938964844,112031800.0,TSLA,,,,,,,,,,
2023-11-28,246.72000122070312,247.0,234.00999450683594,236.67999267578125,148549900.0,TSLA,,,,,,,,,,
2023-11-29,244.13999938964844,252.75,242.75999450683594,249.2100067138672,135401300.0,TSLA,,,,,,,,,,
2023-11-30,240.0800018310547,245.22000122070312,236.91000366210938,245.13999938964844,132353200.0,TSLA,,,,,,,,,,
2023-12-01,238.8300018310547,240.19000244140625,231.89999389648438,233.13999938964844,121331700.0,TSLA,,,,,,,,,,
2023-12-04,235.5800018310547,239.3699951171875,233.2899932861328,235.75,104099800.0,TSLA,,,,,,,,,,
2023-12-05,238.72000122070312,246.66000366210938,233.6999969482422,233.8699951171875,137971100.0,TSLA,,,,,,,,,,
2023-12-06,239.3699951171875,246.57000732421875,239.1699981689453,242.9199981689453,126436200.0,TSLA,,,,,,,,,,
2023-12-07,242.63999938964844,244.0800018310547,236.97999572753906,241.5500030517578,107142300.0,TSLA,,,,,,,,,,
2023-12-08,243.83999633789062,245.27000427246094,239.27000427246094,240.27000427246094,103126800.0,TSLA,,,,,,,,,,
2023-12-11,239.74000549316406,243.44000244140625,237.4499969482422,242.74000549316406,97913900.0,TSLA,,,,,,,,,,
2023-12-12,237.00999450683594,238.99000549316406,233.8699951171875,238.5500030517578,95328300.0,TSLA,,,,,,,,,,
2023-12-13,239.2899932861328,240.3000030517578,228.1999969482422,234.19000244140625,146286300.0,TSLA,,,,,,,,,,
2023-12-14,251.0500030517578,253.8800048828125,240.7899932861328,241.22000122070312,160829200.0,TSLA,,,,,,,,,,
2023-12-15,253.5,254.1300048828125,248.3000030517578,251.2100067138672,135932800.0,TSLA,,,,,,,,,,
2023-12-18,252.0800018310547,258.739990234375,251.36000061035156,253.77999877929688,116416500.0,TSLA,,,,,,,,,,
2023-12-19,257.2200012207031,258.3399963378906,253.00999450683594,253.47999572753906,106737400.0,TSLA,,,,,,,,,,
2023-12-20,247.13999938964844,259.8399963378906,247.0,256.4100036621094,125097000.0,TSLA,,,,,,,,,,
2023-12-21,254.5,254.8000030517578,248.5500030517578,251.89999389648438,109594200.0,TSLA,,,,,,,,,,
2023-12-22,252.5399932861328,258.2200012207031,251.3699951171875,256.760009765625,93370100.0,TSLA,,,,,,,,,,
2023-12-26,256.6099853515625,257.9700012207031,252.91000366210938,254.49000549316406,86892400.0,TSLA,,,,,,,,,,
2023-12-27,261.44000244140625,263.3399963378906,257.5199890136719,258.3500061035156,106494400.0,TSLA,,,,,,,,,,
2023-12-28,253.17999267578125,265.1300048828125,252.7100067138672,263.6600036621094,113619900.0,TSLA,,,,,,,,,,
2023-12-29,248.47999572753906,255.19000244140625,247.42999267578125,255.10000610351562,100891600.0,TSLA,,,,,,,,,,
2024-01-02,248.4199981689453,251.25,244.41000366210938,250.0800018310547,104654200.0,TSLA,,,,,,,,,,
2024-01-03,238.4499969482422,245.67999267578125,236.32000732421875,244.97999572753906,121082600.0,TSLA,,,,,,,,,,
2024-01-04,237.92999267578125,242.6999969482422,237.72999572753906,239.25,102629300.0,TSLA,,,,,,,,,,
2024-01-05,237.49000549316406,240.1199951171875,234.89999389648438,236.86000061035156,92488900.0,TSLA,,,,,,,,,,
2024-01-08,240.4499969482422,241.25,235.3000030517578,236.13999938964844,85166600.0,TSLA,,,,,,,,,,
2024-01-09,234.9600067138672,238.9600067138672,232.0399932861328,238.11000061035156,96705700.0,TSLA,,,,,,,,,,
2024-01-10,233.94000244140625,235.5,231.2899932861328,235.10000610351562,91628500.0,TSLA,,,,,,,,,,
2024-01-11,227.22000122070312,230.92999267578125,225.3699951171875,230.57000732421875,105873600.0,TSLA,,,,,,,,,,
2024-01-12,218.88999938964844,225.33999633789062,217.14999389648438,220.0800018310547,123043800.0,TSLA,,,,,,,,,,
2024-01-16,219.91000366210938,223.49000549316406,212.17999267578125,215.10000610351562,115355000.0,TSLA,,,,,,,,,,
2024-01-17,215.5500030517578,215.6699981689453,212.00999450683594,214.86000061035156,103164400.0,TSLA,,,,,,,,,,
2024-01-18,211.8800048828125,217.4499969482422,208.74000549316406,216.8800048828125,108595400.0,TSLA,,,,,,,,,,
2024-01-19,212.19000244140625,213.19000244140625,207.55999755859375,209.99000549316406,102260300.0,TSLA,,,,,,,,,,
2024-01-22,208.8000030517578,217.8000030517578,206.27000427246094,212.25999450683594,117952500.0,TSLA,,,,,,,,,,
2024-01-23,209.13999938964844,215.64999389648438,207.75,211.3000030517578,106605900.0,TSLA,,,,,,,,,,
2024-01-24,207.8300018310547,212.72999572753906,206.77000427246094,211.8800048828125,123369900.0,TSLA,,,,,,,,,,
2024-01-25,182.6300048828125,193.0,180.05999755859375,189.6999969482422,198076800.0,TSLA,,,,,,,,,,
2024-01-26,183.25,186.77999877929688,182.10000610351562,185.5,107343200.0,TSLA,,,,,,,,,,
2024-01-29,190.92999267578125,191.47999572753906,183.6699981689453,185.6300048828125,125013100.0,TSLA,,,,,,,,,,
2024-01-30,191.58999633789062,196.36000061035156,190.61000061035156,195.3300018310547,109982300.0,TSLA,,,,,,,,,,
2024-01-31,187.2899932861328,193.97000122070312,185.85000610351562,187.0,103221400.0,TSLA,,,,,,,,,,
2024-02-01,188.86000061035156,189.8800048828125,184.27999877929688,188.5,91843300.0,TSLA,,,,,,,,,,
2024-02-02,187.91000366210938,188.69000244140625,182.0,185.0399932861328,110612700.0,TSLA,,,,,,,,,,
2024-02-05,181.05999755859375,184.67999267578125,175.00999450683594,184.25999450683594,134294400.0,TSLA,,,,,,,,,,
2024-02-06,185.10000610351562,186.49000549316406,177.11000061035156,177.2100067138672,122676000.0,TSLA,,,,,,,,,,
2024-02-07,187.5800018310547,189.7899932861328,182.67999267578125,188.17999267578125,111535200.0,TSLA,,,,,,,,,,
2024-02-08,189.55999755859375,191.6199951171875,185.5800018310547,189.0,83034000.0,TSLA,,,,,,,,,,
2024-02-09,193.57000732421875,194.1199951171875,189.47999572753906,190.17999267578125,84476300.0,TSLA,,,,,,,,,,
2024-02-12,188.1300048828125,194.72999572753906,187.27999877929688,192.11000061035156,95498600.0,TSLA,,,,,,,,,,
2024-02-13,184.02000427246094,187.25999450683594,182.11000061035156,183.99000549316406,86759500.0,TSLA,,,,,,,,,,
2024-02-14,188.7100067138672,188.88999938964844,183.35000610351562,185.3000030517578,81203000.0,TSLA,,,,,,,,,,
2024-02-15,200.4499969482422,200.8800048828125,188.86000061035156,189.16000366210938,120831800.0,TSLA,,,,,,,,,,
2024-02-16,199.9499969482422,203.1699981689453,197.39999389648438,202.05999755859375,111346700.0,TSLA,,,,,,,,,,
2024-02-20,193.75999450683594,198.60000610351562,189.1300048828125,196.1300048828125,104545800.0,TSLA,,,,,,,,,,
2024-02-21,194.77000427246094,199.44000244140625,191.9499969482422,193.36000061035156,103500300.0,TSLA,,,,,,,,,,
2024-02-22,197.41000366210938,198.32000732421875,191.36000061035156,194.0,92739500.0,TSLA,,,,,,,,,,
2024-02-23,191.97000122070312,197.57000732421875,191.5,195.30999755859375,78841900.0,TSLA,,,,,,,,,,
2024-02-26,199.39999389648438,201.77999877929688,192.0,192.2899932861328,111747100.0,TSLA,,,,,,,,,,
2024-02-27,199.72999572753906,205.60000610351562,198.25999450683594,204.0399932861328,108645400.0,TSLA,,,,,,,,,,
2024-02-28,202.0399932861328,205.3000030517578,198.44000244140625,200.4199981689453,99806200.0,TSLA,,,,,,,,,,
2024-02-29,201.8800048828125,205.27999877929688,198.4499969482422,204.17999267578125,85907000.0,TSLA,,,,,,,,,,
2024-03-01,202.63999938964844,204.52000427246094,198.5,200.52000427246094,82243100.0,TSLA,,,,,,,,,,
2024-03-04,188.13999938964844,199.75,186.72000122070312,198.72999572753906,134334900.0,TSLA,,,,,,,,,,
2024-03-05,180.74000549316406,184.58999633789062,177.57000732421875,183.0500030517578,119660800.0,TSLA,,,,,,,,,,
2024-03-06,176.5399932861328,181.5800018310547,173.6999969482422,179.99000549316406,107920900.0,TSLA,,,,,,,,,,
2024-03-07,178.64999389648438,180.0399932861328,173.6999969482422,174.35000610351562,102129000.0,TSLA,,,,,,,,,,
2024-03-08,175.33999633789062,182.72999572753906,174.6999969482422,181.5,85544600.0,TSLA,,,,,,,,,,
2024-03-11,177.77000427246094,182.8699951171875,174.8000030517578,175.4499969482422,85391500.0,TSLA,,,,,,,,,,
2024-03-12,177.5399932861328,179.42999267578125,172.41000366210938,177.77000427246094,87391700.0,TSLA,,,,,,,,,,
2024-03-13,169.47999572753906,176.0500030517578,169.14999389648438,173.0500030517578,106524500.0,TSLA,,,,,,,,,,
2024-03-14,162.5,171.1699981689453,160.50999450683594,167.77000427246094,126325700.0,TSLA,,,,,,,,,,
2024-03-15,163.57000732421875,165.17999267578125,160.75999450683594,163.16000366210938,97146800.0,TSLA,,,,,,,,,,
2024-03-18,173.8000030517578,174.72000122070312,165.89999389648438,170.02000427246094,108214400.0,TSLA,,,,,,,,,,
2024-03-19,171.32000732421875,172.82000732421875,167.4199981689453,172.36000061035156,77271400.0,TSLA,,,,,,,,,,
2024-03-20,175.66000366210938,176.25,170.82000732421875,173.0,83846700.0,TSLA,,,,,,,,,,
2024-03-21,172.82000732421875,178.17999267578125,171.8000030517578,176.38999938964844,73178000.0,TSLA,,,,,,,,,,
2024-03-22,170.8300018310547,171.1999969482422,166.3000030517578,166.69000244140625,75580600.0,TSLA,,,,,,,,,,
2024-03-25,172.6300048828125,175.24000549316406,168.72999572753906,168.75999450683594,74228600.0,TSLA,,,,,,,,,,
2024-03-26,177.6699981689453,184.25,177.3800048828125,178.5800018310547,113186200.0,TSLA,,,,,,,,,,
2024-03-27,179.8300018310547,181.91000366210938,176.0,181.41000366210938,81804000.0,TSLA,,,,,,,,,,
2024-03-28,175.7899932861328,179.57000732421875,175.3000030517578,177.4499969482422,77654800.0,TSLA,,,,,,,,,,
2024-04-01,175.22000122070312,176.75,170.2100067138672,176.1699981689453,81562100.0,TSLA,,,,,,,,,,
2024-04-02,166.6300048828125,167.69000244140625,163.42999267578125,164.75,116650600.0,TSLA,,,,,,,,,,
2024-04-03,168.3800048828125,168.82000732421875,163.27999877929688,164.02000427246094,82950100.0,TSLA,,,,,,,,,,
2024-04-04,171.11000061035156,177.19000244140625,168.00999450683594,170.07000732421875,123162000.0,TSLA,,,,,,,,,,
2024-04-05,164.89999389648438,170.86000061035156,160.50999450683594,169.0800018310547,143157600.0,TSLA,,,,,,,,,,
2024-04-08,172.97999572753906,174.5,167.7899932861328,169.33999633789062,104423300.0,TSLA,,,,,,,,,,
2024-04-09,176.8800048828125,179.22000122070312,171.9199981689453,172.91000366210938,102951700.0,TSLA,,,,,,,,,,
2024-04-10,171.75999450683594,174.92999267578125,170.00999450683594,173.0399932861328,84532400.0,TSLA,,,,,,,,,,
2024-04-11,174.60000610351562,175.8800048828125,168.50999450683594,172.5500030517578,94516000.0,TSLA,,,,,,,,,,
2024-04-12,171.0500030517578,173.80999755859375,170.36000061035156,172.33999633789062,64722700.0,TSLA,,,,,,,,,,
2024-04-15,161.47999572753906,170.69000244140625,161.3800048828125,170.24000549316406,100245300.0,TSLA,,,,,,,,,,
2024-04-16,157.11000061035156,158.19000244140625,153.75,156.74000549316406,97000000.0,TSLA,,,,,,,,,,
2024-04-17,155.4499969482422,158.3300018310547,153.77999877929688,157.63999938964844,82439700.0,TSLA,,,,,,,,,,
2024-04-18,149.92999267578125,152.1999969482422,148.6999969482422,151.25,96098800.0,TSLA,,,,,,,,,,
2024-04-19,147.0500030517578,150.94000244140625,146.22000122070312,148.97000122070312,87074500.0,TSLA,,,,,,,,,,
2024-04-22,142.0500030517578,144.44000244140625,138.8000030517578,140.55999755859375,107097600.0,TSLA,,,,,,,,,,
2024-04-23,144.67999267578125,147.25999450683594,141.11000061035156,143.3300018310547,124545100.0,TSLA,,,,,,,,,,
2024-04-24,162.1300048828125,167.97000122070312,157.50999450683594,162.83999633789062,181178000.0,TSLA,,,,,,,,,,
2024-04-25,170.17999267578125,170.8800048828125,158.36000061035156,158.9600067138672,126427500.0,TSLA,,,,,,,,,,
2024-04-26,168.2899932861328,172.1199951171875,166.3699951171875,168.85000610351562,109815700.0,TSLA,,,,,,,,,,
2024-04-29,194.0500030517578,198.8699951171875,184.5399932861328,188.4199981689453,243869700.0,TSLA,,,,,,,,,,
2024-04-30,183.27999877929688,190.9499969482422,182.83999633789062,186.97999572753906,127031800.0,TSLA,,,,,,,,,,
2024-05-01,179.99000549316406,185.86000061035156,179.00999450683594,182.0,92829700.0,TSLA,,,,,,,,,,
2024-05-02,180.00999450683594,184.60000610351562,176.02000427246094,182.86000061035156,89148000.0,TSLA,,,,,,,,,,
2024-05-03,181.19000244140625,184.77999877929688,178.4199981689453,182.10000610351562,75491500.0,TSLA,,,,,,,,,,
2024-05-06,184.75999450683594,187.55999755859375,182.1999969482422,183.8000030517578,84390300.0,TSLA,,,,,,,,,,
2024-05-07,177.80999755859375,183.25999450683594,177.39999389648438,182.39999389648438,75045900.0,TSLA,,,,,,,,,,
2024-05-08,174.72000122070312,176.05999755859375,170.14999389648438,171.58999633789062,79969500.0,TSLA,,,,,,,,,,
2024-05-09,171.97000122070312,175.6199951171875,171.3699951171875,175.00999450683594,65950300.0,TSLA,,,,,,,,,,
2024-05-10,168.47000122070312,173.05999755859375,167.75,173.0500030517578,72627200.0,TSLA,,,,,,,,,,
2024-05-13,171.88999938964844,175.39999389648438,169.0,170.0,67018900.0,TSLA,,,,,,,,,,
2024-05-14,177.5500030517578,179.49000549316406,174.07000732421875,174.5,86407400.0,TSLA,,,,,,,,,,
2024-05-15,173.99000549316406,180.0,173.11000061035156,179.89999389648438,79663000.0,TSLA,,,,,,,,,,
2024-05-16,174.83999633789062,175.7899932861328,171.42999267578125,174.10000610351562,59812200.0,TSLA,,,,,,,,,,
2024-05-17,177.4600067138672,179.6300048828125,172.75,173.5500030517578,77445800.0,TSLA,,,,,,,,,,
2024-05-20,174.9499969482422,177.75,173.52000427246094,177.55999755859375,61727400.0,TSLA,,,,,,,,,,
2024-05-21,186.60000610351562,186.8800048828125,174.7100067138672,175.50999450683594,115266500.0,TSLA,,,,,,,,,,
2024-05-22,180.11000061035156,183.8000030517578,178.1199951171875,182.85000610351562,88313500.0,TSLA,,,,,,,,,,
2024-05-23,173.74000549316406,181.89999389648438,173.25999450683594,181.8000030517578,71975500.0,TSLA,,,,,,,,,,
2024-05-24,179.24000549316406,180.0800018310547,173.72999572753906,174.83999633789062,65584500.0,TSLA,,,,,,,,,,
2024-05-28,176.75,178.25,173.16000366210938,176.39999389648438,59736600.0,TSLA,,,,,,,,,,
2024-05-29,176.19000244140625,178.14999389648438,173.92999267578125,174.19000244140625,54782600.0,TSLA,,,,,,,,,,
2024-05-30,178.7899932861328,182.6699981689453,175.3800048828125,178.5800018310547,77618400.0,TSLA,,,,,,,,,,
2024-05-31,178.0800018310547,180.32000732421875,173.82000732421875,178.5,67314600.0,TSLA,,,,,,,,,,
2024-06-03,176.2899932861328,182.63999938964844,174.49000549316406,178.1300048828125,68568900.0,TSLA,,,,,,,,,,
2024-06-04,174.77000427246094,177.75999450683594,174.0,174.77999877929688,60056300.0,TSLA,,,,,,,,,,
2024-06-05,175.0,176.14999389648438,172.1300048828125,175.35000610351562,57953800.0,TSLA,,,,,,,,,,
2024-06-06,177.94000244140625,179.72999572753906,172.72999572753906,174.60000610351562,69887000.0,TSLA,,,,,,,,,,
2024-06-07,177.47999572753906,179.35000610351562,175.5800018310547,176.1300048828125,56244900.0,TSLA,,,,,,,,,,
2024-06-10,173.7899932861328,178.57000732421875,173.1699981689453,176.05999755859375,50774600.0,TSLA,,,,,,,,,,
2024-06-11,170.66000366210938,174.75,167.41000366210938,173.9199981689453,64761900.0,TSLA,,,,,,,,,,
2024-06-12,177.2899932861328,180.5500030517578,169.8000030517578,171.1199951171875,90389400.0,TSLA,,,,,,,,,,
2024-06-13,182.47000122070312,191.0800018310547,181.22999572753906,188.38999938964844,118984100.0,TSLA,,,,,,,,,,
2024-06-14,178.00999450683594,186.0,176.9199981689453,185.8000030517578,82038200.0,TSLA,,,,,,,,,,
2024-06-17,187.44000244140625,188.80999755859375,177.0,177.9199981689453,109786100.0,TSLA,,,,,,,,,,
2024-06-18,184.86000061035156,187.1999969482422,182.3699951171875,186.55999755859375,68982300.0,TSLA,,,,,,,,,,
2024-06-20,181.57000732421875,185.2100067138672,179.66000366210938,184.67999267578125,55893100.0,TSLA,,,,,,,,,,
2024-06-21,183.00999450683594,183.9499969482422,180.69000244140625,182.3000030517578,61937300.0,TSLA,,,,,,,,,,
2024-06-24,182.5800018310547,188.8000030517578,182.5500030517578,184.97000122070312,61992100.0,TSLA,,,,,,,,,,
2024-06-25,187.35000610351562,187.97000122070312,182.00999450683594,184.39999389648438,62905700.0,TSLA,,,,,,,,,,
2024-06-26,196.3699951171875,197.75999450683594,186.36000061035156,186.5399932861328,95737100.0,TSLA,,,,,,,,,,
2024-06-27,197.4199981689453,198.72000122070312,194.0500030517578,195.1699981689453,72746500.0,TSLA,,,,,,,,,,
2024-06-28,197.8800048828125,203.1999969482422,195.25999450683594,199.5500030517578,95438100.0,TSLA,,,,,,,,,,
2024-07-01,209.86000061035156,213.22999572753906,200.85000610351562,201.02000427246094,135691400.0,TSLA,,,,,,,,,,
2024-07-02,231.25999450683594,231.3000030517578,218.05999755859375,218.88999938964844,205047900.0,TSLA,,,,,,,,,,
2024-07-03,246.38999938964844,248.35000610351562,234.25,234.55999755859375,166561500.0,TSLA,,,,,,,,,,
2024-07-05,251.52000427246094,252.3699951171875,242.4600067138672,249.80999755859375,154501200.0,TSLA,,,,,,,,,,
2024-07-08,252.94000244140625,259.44000244140625,244.57000732421875,247.7100067138672,157219600.0,TSLA,,,,,,,,,,
2024-07-09,262.3299865722656,265.6099853515625,250.3000030517578,251.0,160210900.0,TSLA,,,,,,,,,,
2024-07-10,263.260009765625,267.5899963378906,257.8599853515625,262.79998779296875,128519400.0,TSLA,,,,,,,,,,
2024-07-11,241.02999877929688,271.0,239.64999389648438,263.29998779296875,221707300.0,TSLA,,,,,,,,,,
2024-07-12,248.22999572753906,251.83999633789062,233.08999633789062,235.8000030517578,155955800.0,TSLA,,,,,,,,,,
2024-07-15,252.63999938964844,265.6000061035156,251.72999572753906,255.97000122070312,146912900.0,TSLA,,,,,,,,,,
2024-07-16,256.55999755859375,258.6199951171875,245.8000030517578,255.30999755859375,126332500.0,TSLA,,,,,,,,,,
2024-07-17,248.5,258.4700012207031,246.17999267578125,252.72999572753906,115584800.0,TSLA,,,,,,,,,,
2024-07-18,249.22999572753906,257.1400146484375,247.1999969482422,251.08999633789062,110869000.0,TSLA,,,,,,,,,,
2024-07-19,239.1999969482422,249.44000244140625,236.8300018310547,247.7899932861328,87403900.0,TSLA,,,,,,,,,,
2024-07-22,251.50999450683594,253.2100067138672,243.75,244.2100067138672,101225400.0,TSLA,,,,,,,,,,
2024-07-23,246.3800048828125,255.75999450683594,245.6300048828125,253.60000610351562,111928200.0,TSLA,,,,,,,,,,
2024-07-24,215.99000549316406,225.99000549316406,214.7100067138672,225.4199981689453,167942900.0,TSLA,,,,,,,,,,
2024-07-25,220.25,226.0,216.22999572753906,216.8000030517578,100636500.0,TSLA,,,,,,,,,,
2024-07-26,219.8000030517578,222.27999877929688,215.3300018310547,221.19000244140625,94604100.0,TSLA,,,,,,,,,,
2024-07-29,232.10000610351562,234.27000427246094,224.6999969482422,224.89999389648438,129201800.0,TSLA,,,,,,,,,,
2024-07-30,222.6199951171875,232.41000366210938,220.0,232.25,100560300.0,TSLA,,,,,,,,,,
2024-07-31,232.07000732421875,234.67999267578125,226.7899932861328,227.89999389648438,67497000.0,TSLA,,,,,,,,,,
2024-08-01,216.86000061035156,231.8699951171875,214.3300018310547,227.69000244140625,83861900.0,TSLA,,,,,,,,,,
2024-08-02,207.6699981689453,216.1300048828125,205.77999877929688,214.8800048828125,82880100.0,TSLA,,,,,,,,,,
2024-08-05,198.8800048828125,203.8800048828125,182.0,185.22000122070312,100308800.0,TSLA,,,,,,,,,,
2024-08-06,200.63999938964844,202.89999389648438,192.6699981689453,200.75,73783900.0,TSLA,,,,,,,,,,
2024-08-07,191.75999450683594,203.49000549316406,191.47999572753906,200.77000427246094,71159800.0,TSLA,,,,,,,,,,
2024-08-08,198.83999633789062,200.6999969482422,192.0399932861328,195.6999969482422,65033900.0,TSLA,,,,,,,,,,
2024-08-09,200.0,200.8800048828125,195.11000061035156,197.0500030517578,58648300.0,TSLA,,,,,,,,,,
2024-08-12,197.49000549316406,199.25999450683594,194.6699981689453,199.02000427246094,64044900.0,TSLA,,,,,,,,,,
2024-08-13,207.8300018310547,208.49000549316406,197.05999755859375,198.47000122070312,76247400.0,TSLA,,,,,,,,,,
2024-08-14,201.3800048828125,208.44000244140625,198.75,207.38999938964844,70250000.0,TSLA,,,,,,,,,,
2024-08-15,214.13999938964844,215.8800048828125,204.82000732421875,205.02000427246094,89848500.0,TSLA,,,,,,,,,,
2024-08-16,216.1199951171875,219.8000030517578,210.8000030517578,211.14999389648438,88765100.0,TSLA,,,,,,,,,,
2024-08-19,222.72000122070312,222.97999572753906,214.08999633789062,217.07000732421875,76435200.0,TSLA,,,,,,,,,,
2024-08-20,221.10000610351562,228.22000122070312,219.55999755859375,224.8800048828125,74001200.0,TSLA,,,,,,,,,,
2024-08-21,223.27000427246094,224.66000366210938,218.86000061035156,222.6699981689453,70146000.0,TSLA,,,,,,,,,,
2024-08-22,210.66000366210938,224.8000030517578,210.32000732421875,223.82000732421875,79514500.0,TSLA,,,,,,,,,,
2024-08-23,220.32000732421875,221.47999572753906,214.2100067138672,214.4600067138672,81525200.0,TSLA,,,,,,,,,,
2024-08-26,213.2100067138672,219.08999633789062,211.00999450683594,218.75,59301200.0,TSLA,,,,,,,,,,
2024-08-27,209.2100067138672,215.66000366210938,206.94000244140625,213.25,62821400.0,TSLA,,,,,,,,,,
2024-08-28,205.75,211.83999633789062,202.58999633789062,209.72000122070312,64116400.0,TSLA,,,,,,,,,,
2024-08-29,206.27999877929688,214.88999938964844,205.97000122070312,209.8000030517578,62308800.0,TSLA,,,,,,,,,,
2024-08-30,214.11000061035156,214.57000732421875,207.02999877929688,208.6300048828125,63370600.0,TSLA,,,,,,,,,,
2024-09-03,210.60000610351562,219.89999389648438,209.63999938964844,215.25999450683594,76714200.0,TSLA,,,,,,,,,,
2024-09-04,219.41000366210938,222.22000122070312,210.57000732421875,210.58999633789062,80651800.0,TSLA,,,,,,,,,,
2024-09-05,230.1699981689453,235.0,222.25,223.49000549316406,119355000.0,TSLA,,,,,,,,,,
2024-09-06,210.72999572753906,233.60000610351562,210.50999450683594,232.60000610351562,112177000.0,TSLA,,,,,,,,,,
2024-09-09,216.27000427246094,219.8699951171875,213.6699981689453,216.1999969482422,67443500.0,TSLA,,,,,,,,,,
2024-09-10,226.1699981689453,226.39999389648438,218.63999938964844,220.07000732421875,78891100.0,TSLA,,,,,,,,,,
2024-09-11,228.1300048828125,228.47000122070312,216.8000030517578,224.5500030517578,83548600.0,TSLA,,,,,,,,,,
2024-09-12,229.80999755859375,231.4499969482422,223.8300018310547,224.66000366210938,71894900.0,TSLA,,,,,,,,,,
2024-09-13,230.2899932861328,232.6699981689453,226.32000732421875,228.0,59515100.0,TSLA,,,,,,,,,,
2024-09-16,226.77999877929688,229.9600067138672,223.52999877929688,229.3000030517578,54323000.0,TSLA,,,,,,,,,,
2024-09-17,227.8699951171875,234.57000732421875,226.5500030517578,229.4499969482422,66761600.0,TSLA,,,,,,,,,,
2024-09-18,227.1999969482422,235.67999267578125,226.8800048828125,230.08999633789062,78010200.0,TSLA,,,,,,,,,,
2024-09-19,243.9199981689453,244.24000549316406,232.1300048828125,234.0,102694600.0,TSLA,,,,,,,,,,
2024-09-20,238.25,243.99000549316406,235.9199981689453,241.52000427246094,99879100.0,TSLA,,,,,,,,,,
2024-09-23,250.0,250.0,241.9199981689453,242.61000061035156,86927200.0,TSLA,,,,,,,,,,
2024-09-24,254.27000427246094,257.19000244140625,249.0500030517578,254.0800018310547,88491000.0,TSLA,,,,,,,,,,
2024-09-25,257.0199890136719,257.04998779296875,252.27999877929688,252.5399932861328,65034300.0,TSLA,,,,,,,,,,
2024-09-26,254.22000122070312,261.75,251.52999877929688,260.6000061035156,67142200.0,TSLA,,,,,,,,,,
2024-09-27,260.4599914550781,260.70001220703125,254.1199951171875,257.3800048828125,70988100.0,TSLA,,,,,,,,,,
2024-09-30,261.6300048828125,264.8599853515625,255.77000427246094,259.0400085449219,80705700.0,TSLA,,,,,,,,,,
2024-10-01,258.0199890136719,263.9800109863281,248.52999877929688,262.6700134277344,87397600.0,TSLA,,,,,,,,,,
2024-10-02,249.02000427246094,251.16000366210938,241.5,247.5500030517578,93983900.0,TSLA,,,,,,,,,,
2024-10-03,240.66000366210938,249.7899932861328,237.80999755859375,244.47999572753906,80729200.0,TSLA,,,,,,,,,,
2024-10-04,250.0800018310547,250.9600067138672,244.5800018310547,246.69000244140625,86573200.0,TSLA,,,,,,,,,,
2024-10-07,240.8300018310547,249.8300018310547,240.6999969482422,249.0,68113300.0,TSLA,,,,,,,,,,
2024-10-08,244.5,246.2100067138672,240.55999755859375,243.55999755859375,56303200.0,TSLA,,,,,,,,,,
2024-10-09,241.0500030517578,247.42999267578125,239.50999450683594,243.82000732421875,66289500.0,TSLA,,,,,,,,,,
2024-10-10,238.77000427246094,242.7899932861328,232.33999633789062,241.80999755859375,83087100.0,TSLA,,,,,,,,,,
2024-10-11,217.8000030517578,223.33999633789062,214.3800048828125,220.1300048828125,142628900.0,TSLA,,,,,,,,,,
2024-10-14,219.16000366210938,221.91000366210938,213.74000549316406,220.1300048828125,86291900.0,TSLA,,,,,,,,,,
2024-10-15,219.57000732421875,224.25999450683594,217.1199951171875,220.00999450683594,62988800.0,TSLA,,,,,,,,,,
2024-10-16,221.3300018310547,222.82000732421875,218.92999267578125,221.39999389648438,49632800.0,TSLA,,,,,,,,,,
2024-10-17,220.88999938964844,222.0800018310547,217.89999389648438,221.58999633789062,50791800.0,TSLA,,,,,,,,,,
2024-10-18,220.6999969482422,222.27999877929688,219.22999572753906,220.7100067138672,49611900.0,TSLA,,,,,,,,,,
2024-10-21,218.85000610351562,220.47999572753906,215.72999572753906,218.89999389648438,47329000.0,TSLA,,,,,,,,,,
2024-10-22,217.97000122070312,218.22000122070312,215.25999450683594,217.30999755859375,43268700.0,TSLA,,,,,,,,,,
2024-10-23,213.64999389648438,218.72000122070312,212.11000061035156,217.1300048828125,80938900.0,TSLA,,,,,,,,,,
2024-10-24,260.4800109863281,262.1199951171875,242.64999389648438,244.67999267578125,204491900.0,TSLA,,,,,,,,,,
2024-10-25,269.19000244140625,269.489990234375,255.32000732421875,256.010009765625,161611900.0,TSLA,,,,,,,,,,
2024-10-28,262.510009765625,273.5400085449219,262.239990234375,270.0,107653600.0,TSLA,,,,,,,,,,
2024-10-29,259.5199890136719,264.9800109863281,255.50999450683594,264.510009765625,80521800.0,TSLA,,,,,,,,,,
2024-10-30,257.54998779296875,263.3500061035156,255.82000732421875,258.0400085449219,53993600.0,TSLA,,,,,,,,,,
2024-10-31,249.85000610351562,259.75,249.25,257.989990234375,66575300.0,TSLA,,,,,,,,,,
2024-11-01,248.97999572753906,254.0,246.6300048828125,252.0399932861328,57544800.0,TSLA,,,,,,,,,,
2024-11-04,242.83999633789062,248.89999389648438,238.8800048828125,244.55999755859375,68802400.0,TSLA,,,,,,,,,,
2024-11-05,251.44000244140625,255.27999877929688,246.2100067138672,247.33999633789062,69282500.0,TSLA,,,,,,,,,,
2024-11-06,288.5299987792969,289.5899963378906,275.6199951171875,284.6700134277344,165228700.0,TSLA,,,,,,,,,,
2024-11-07,296.9100036621094,299.75,285.5199890136719,288.8900146484375,117309200.0,TSLA,,,,,,,,,,
2024-11-08,321.2200012207031,328.7099914550781,297.6600036621094,299.1400146484375,204782800.0,TSLA,,,,,,,,,,
2024-11-11,350.0,358.6400146484375,336.0,346.29998779296875,210521600.0,TSLA,,,,,,,,,,
2024-11-12,328.489990234375,345.8399963378906,323.30999755859375,342.739990234375,155726000.0,TSLA,,,,,,,,,,
2024-11-13,330.239990234375,344.6000061035156,322.5,335.8500061035156,125405600.0,TSLA,,,,,,,,,,
2024-11-14,311.17999267578125,329.9800109863281,310.3699951171875,327.69000244140625,120726100.0,TSLA,,,,,,,,,,
2024-11-15,320.7200012207031,324.67999267578125,309.2200012207031,310.57000732421875,114440300.0,TSLA,,,,,,,,,,
2024-11-18,338.739990234375,348.54998779296875,330.010009765625,340.7300109863281,126085600.0,TSLA,,,,,,,,,,
2024-11-19,346.0,347.3800048828125,332.75,335.760009765625,88852500.0,TSLA,,,,,,,,,,
2024-11-20,342.0299987792969,346.6000061035156,334.29998779296875,345.0,66340700.0,TSLA,,,,,,,,,,
2024-11-21,339.6400146484375,347.989990234375,335.2799987792969,343.80999755859375,58011700.0,TSLA,,,,,,,,,,
2024-11-22,352.55999755859375,361.5299987792969,337.70001220703125,341.0899963378906,89140700.0,TSLA,,,,,,,,,,
2024-11-25,338.5899963378906,361.92999267578125,338.20001220703125,360.1400146484375,95890900.0,TSLA,,,,,,,,,,
2024-11-26,338.2300109863281,346.9599914550781,335.6600036621094,341.0,62295900.0,TSLA,,,,,,,,,,
2024-11-27,332.8900146484375,342.54998779296875,326.5899963378906,341.79998779296875,57896400.0,TSLA,,,,,,,,,,
2024-11-29,345.1600036621094,345.45001220703125,334.6499938964844,336.0799865722656,37167600.0,TSLA,,,,,,,,,,
2024-12-02,357.0899963378906,360.0,351.1499938964844,352.3800048828125,77986500.0,TSLA,,,,,,,,,,
2024-12-03,351.4200134277344,355.69000244140625,348.20001220703125,351.79998779296875,58267200.0,TSLA,,,,,,,,,,
2024-12-04,357.92999267578125,358.1000061035156,348.6000061035156,353.0,50810900.0,TSLA,,,,,,,,,,
2024-12-05,369.489990234375,375.42999267578125,359.5,359.8699951171875,81403600.0,TSLA,,,,,,,,,,
2024-12-06,389.2200012207031,389.489990234375,370.79998779296875,377.4200134277344,81455800.0,TSLA,,,,,,,,,,
2024-12-09,389.7900085449219,404.79998779296875,378.010009765625,397.6099853515625,96359200.0,TSLA,,,,,,,,,,
2024-12-10,400.989990234375,409.7300109863281,390.8500061035156,392.67999267578125,97563600.0,TSLA,,,,,,,,,,
2024-12-11,424.7699890136719,424.8800048828125,402.3800048828125,409.70001220703125,104287600.0,TSLA,,,,,,,,,,
2024-12-12,418.1000061035156,429.29998779296875,415.0,424.8399963378906,87752200.0,TSLA,,,,,,,,,,
2024-12-13,436.2300109863281,436.29998779296875,415.7099914550781,420.0,89000200.0,TSLA,,,,,,,,,,
2024-12-16,463.0199890136719,463.19000244140625,436.1499938964844,441.0899963378906,114083800.0,TSLA,,,,,,,,,,
2024-12-17,479.8599853515625,483.989990234375,457.510009765625,475.8999938964844,131223000.0,TSLA,,,,,,,,,,
2024-12-18,440.1300048828125,488.5400085449219,427.010009765625,466.5,149340800.0,TSLA,,,,,,,,,,
2024-12-19,436.1700134277344,456.3599853515625,420.0199890136719,451.8800048828125,118566100.0,TSLA,,,,,,,,,,
2024-12-20,421.05999755859375,447.0799865722656,417.6400146484375,425.510009765625,132216200.0,TSLA,,,,,,,,,,
2024-12-23,430.6000061035156,434.510009765625,415.4100036621094,431.0,72698100.0,TSLA,,,,,,,,,,
2024-12-24,462.2799987792969,462.7799987792969,435.1400146484375,435.8999938964844,59551800.0,TSLA,,,,,,,,,,
2024-12-26,454.1300048828125,465.3299865722656,451.0199890136719,465.1600036621094,76366400.0,TSLA,,,,,,,,,,
2024-12-27,431.6600036621094,450.0,426.5,449.5199890136719,82666800.0,TSLA,,,,,,,,,,
2024-12-30,417.4100036621094,427.0,415.75,419.3999938964844,64941000.0,TSLA,,,,,,,,,,
2024-12-31,403.8399963378906,427.92999267578125,402.5400085449219,423.7900085449219,76825100.0,TSLA,,,,,,,,,,
2025-01-02,379.2799987792969,392.7300109863281,373.0400085449219,390.1000061035156,109710700.0,TSLA,,,,,,,,,,
2025-01-03,410.44000244140625,411.8800048828125,379.45001220703125,381.4800109863281,95423300.0,TSLA,,,,,,,,,,
2025-01-06,411.04998779296875,426.42999267578125,401.70001220703125,423.20001220703125,85516500.0,TSLA,,,,,,,,,,
2025-01-07,394.3599853515625,414.3299865722656,390.0,405.8299865722656,75699500.0,TSLA,,,,,,,,,,
2025-01-08,394.94000244140625,402.5,387.3999938964844,392.95001220703125,73038800.0,TSLA,,,,,,,,,,
2025-01-10,394.739990234375,399.2799987792969,377.2900085449219,391.3999938964844,62287300.0,TSLA,,,,,,,,,,
2025-01-13,403.30999755859375,403.7900085449219,380.07000732421875,383.2099914550781,67580500.0,TSLA,,,,,,,,,,
2025-01-14,396.3599853515625,422.6400146484375,394.5400085449219,414.3399963378906,84565000.0,TSLA,,,,,,,,,,
2025-01-15,428.2200012207031,429.79998779296875,405.6600036621094,409.8999938964844,81375500.0,TSLA,,,,,,,,,,
2025-01-16,413.82000732421875,424.0,409.1300048828125,423.489990234375,68335200.0,TSLA,,,,,,,,,,
2025-01-17,426.5,439.739990234375,419.75,421.5,94991400.0,TSLA,,,,,,,,,,
2025-01-21,424.07000732421875,433.20001220703125,406.30999755859375,432.6400146484375,87320900.0,TSLA,,,,,,,,,,
2025-01-22,415.1099853515625,428.0,414.5899963378906,416.80999755859375,60963300.0,TSLA,,,,,,,,,,
2025-01-23,412.3800048828125,420.7300109863281,408.95001220703125,416.05999755859375,50690600.0,TSLA,,,,,,,,,,
2025-01-24,406.5799865722656,418.8800048828125,405.7799987792969,414.45001220703125,56427100.0,TSLA,,,,,,,,,,
2025-01-27,397.1499938964844,406.69000244140625,389.0,394.79998779296875,58125500.0,TSLA,,,,,,,,,,
2025-01-28,398.0899963378906,400.5899963378906,386.5,396.9100036621094,48910700.0,TSLA,,,,,,,,,,
2025-01-29,389.1000061035156,398.5899963378906,384.4800109863281,395.2099914550781,68033600.0,TSLA,,,,,,,,,,
2025-01-30,400.2799987792969,412.5,384.4100036621094,410.7799987792969,98092900.0,TSLA,,,,,,,,,,
2025-01-31,404.6000061035156,419.989990234375,401.3399963378906,401.5299987792969,83283600.0,TSLA,,,,,,,,,,
2025-02-03,383.67999267578125,389.1700134277344,374.3599853515625,386.67999267578125,93732100.0,TSLA,,,,,,,,,,
2025-02-04,392.2099914550781,394.0,381.3999938964844,382.6300048828125,57072200.0,TSLA,,,,,,,,,,
2025-02-05,378.1700134277344,388.3900146484375,375.5299987792969,387.510009765625,57223300.0,TSLA,,,,,,,,,,
2025-02-06,374.32000732421875,375.3999938964844,363.17999267578125,373.0299987792969,77918200.0,TSLA,,,,,,,,,,
2025-02-07,361.6199951171875,380.54998779296875,360.3399963378906,370.19000244140625,70298300.0,TSLA,,,,,,,,,,
2025-02-10,350.7300109863281,362.70001220703125,350.510009765625,356.2099914550781,77514900.0,TSLA,,,,,,,,,,
2025-02-11,328.5,349.3699951171875,325.1000061035156,345.79998779296875,118543400.0,TSLA,,,,,,,,,,
2025-02-12,336.510009765625,346.3999938964844,329.1199951171875,329.94000244140625,105382700.0,TSLA,,,,,,,,,,
2025-02-13,355.94000244140625,358.69000244140625,342.8500061035156,345.0,89441500.0,TSLA,,,,,,,,,,
2025-02-14,355.8399963378906,362.0,347.5,360.6199951171875,68277300.0,TSLA,,,,,,,,,,
2025-02-18,354.1099853515625,359.1000061035156,350.0199890136719,355.010009765625,51631700.0,TSLA,,,,,,,,,,
2025-02-19,360.55999755859375,367.3399963378906,353.6700134277344,354.0,67094400.0,TSLA,,,,,,,,,,
2025-02-20,354.3999938964844,362.29998779296875,348.0,361.510009765625,45965400.0,TSLA,,,,,,,,,,
2025-02-21,337.79998779296875,354.9800109863281,334.4200134277344,353.44000244140625,74058600.0,TSLA,,,,,,,,,,
2025-02-24,330.5299987792969,342.3999938964844,324.70001220703125,338.1400146484375,76052300.0,TSLA,,,,,,,,,,
2025-02-25,302.79998779296875,328.8900146484375,297.25,327.0199890136719,134228800.0,TSLA,,,,,,,,,,
2025-02-26,290.79998779296875,309.0,288.0400085449219,303.7099914550781,100118300.0,TSLA,,,,,,,,,,
2025-02-27,281.95001220703125,297.2300109863281,280.8800048828125,291.1600036621094,101748200.0,TSLA,,,,,,,,,,
2025-02-28,292.9800109863281,293.8800048828125,273.6000061035156,279.5,115697000.0,TSLA,,,,,,,,,,
2025-03-03,284.6499938964844,303.94000244140625,277.29998779296875,300.3399963378906,115551400.0,TSLA,,,,,,,,,,
2025-03-04,272.0400085449219,284.3500061035156,261.8399963378906,270.92999267578125,126706600.0,TSLA,,,,,,,,,,
2025-03-05,279.1000061035156,279.54998779296875,267.7099914550781,272.9200134277344,94042900.0,TSLA,,,,,,,,,,
2025-03-06,263.45001220703125,272.6499938964844,260.0199890136719,272.05999755859375,98451600.0,TSLA,,,,,,,,,,
2025-03-07,262.6700134277344,266.25,250.72999572753906,259.32000732421875,102369600.0,TSLA,,,,,,,,,,
2025-03-10,222.14999389648438,253.3699951171875,220.0,252.5399932861328,189076900.0,TSLA,,,,,,,,,,
2025-03-11,230.5800018310547,237.05999755859375,217.02000427246094,225.30999755859375,174896400.0,TSLA,,,,,,,,,,
2025-03-12,248.08999633789062,251.83999633789062,241.10000610351562,247.22000122070312,142215700.0,TSLA,,,,,,,,,,
2025-03-13,240.67999267578125,248.2899932861328,232.60000610351562,248.1300048828125,114813500.0,TSLA,,,,,,,,,,
2025-03-14,249.97999572753906,251.5800018310547,240.72999572753906,247.30999755859375,100242300.0,TSLA,,,,,,,,,,
2025-03-17,238.00999450683594,245.39999389648438,232.8000030517578,245.05999755859375,111900600.0,TSLA,,,,,,,,,,
2025-03-18,225.30999755859375,230.10000610351562,222.27999877929688,228.16000366210938,111477600.0,TSLA,,,,,,,,,,
2025-03-19,235.86000061035156,241.41000366210938,229.1999969482422,231.61000061035156,111993800.0,TSLA,,,,,,,,,,
2025-03-20,236.25999450683594,238.0,230.0500030517578,233.35000610351562,99028300.0,TSLA,,,,,,,,,,
2025-03-21,248.7100067138672,249.52000427246094,234.5500030517578,234.99000549316406,132728700.0,TSLA,,,,,,,,,,
2025-03-24,278.3900146484375,278.6400146484375,256.3299865722656,258.0799865722656,169079900.0,TSLA,,,,,,,,,,
2025-03-25,288.1400146484375,288.20001220703125,271.2799987792969,283.6000061035156,150361500.0,TSLA,,,,,,,,,,
2025-03-26,272.05999755859375,284.8999938964844,266.510009765625,282.6600036621094,153629800.0,TSLA,,,,,,,,,,
2025-03-27,273.1300048828125,291.8500061035156,271.82000732421875,272.4800109863281,162572100.0,TSLA,,,,,,,,,,
2025-03-28,263.54998779296875,276.1000061035156,260.57000732421875,275.5799865722656,123809400.0,TSLA,,,,,,,,,,
2025-03-31,259.1600036621094,260.55999755859375,243.36000061035156,249.30999755859375,134008900.0,TSLA,,,,,,,,,,
2025-04-01,268.4599914550781,277.45001220703125,259.25,263.79998779296875,146486900.0,TSLA,,,,,,,,,,
2025-04-02,282.760009765625,284.989990234375,251.27000427246094,254.60000610351562,212787800.0,TSLA,,,,,,,,,,
2025-04-03,267.2799987792969,276.29998779296875,261.510009765625,265.2900085449219,136174300.0,TSLA,,,,,,,,,,
2025-04-04,239.42999267578125,261.0,236.0,255.3800048828125,181229400.0,TSLA,,,,,,,,,,
2025-04-07,233.2899932861328,252.0,214.25,223.77999877929688,183453800.0,TSLA,,,,,,,,,,
2025-04-08,221.86000061035156,250.44000244140625,217.8000030517578,245.0,171603500.0,TSLA,,,,,,,,,,
2025-04-09,272.20001220703125,274.69000244140625,223.8800048828125,224.69000244140625,219433400.0,TSLA,,,,,,,,,,
2025-04-10,252.39999389648438,262.489990234375,239.3300018310547,260.0,181722600.0,TSLA,,,,,,,,,,
2025-04-11,252.30999755859375,257.739990234375,241.36000061035156,251.83999633789062,128948100.0,TSLA,,,,,,,,,,
2025-04-14,252.35000610351562,261.79998779296875,245.92999267578125,258.3599853515625,100135200.0,TSLA,,,,,,,,,,
2025-04-15,254.11000061035156,258.75,247.5399932861328,249.91000366210938,79594300.0,TSLA,,,,,,,,,,
2025-04-16,241.5500030517578,251.97000122070312,233.88999938964844,247.61000061035156,112378700.0,TSLA,,,,,,,,,,
2025-04-17,241.3699951171875,244.33999633789062,237.67999267578125,243.47000122070312,83404800.0,TSLA,,,,,,,,,,
2025-04-21,227.5,232.2100067138672,222.7899932861328,230.25999450683594,97768000.0,TSLA,,,,,,,,,,
2025-04-22,237.97000122070312,242.7899932861328,229.85000610351562,230.9600067138672,120858500.0,TSLA,,,,,,,,,,
2025-04-23,250.74000549316406,259.45001220703125,244.42999267578125,254.86000061035156,150381900.0,TSLA,,,,,,,,,,
2025-04-24,259.510009765625,259.5400085449219,249.1999969482422,250.5,94464200.0,TSLA,,,,,,,,,,
2025-04-25,284.95001220703125,286.8500061035156,259.6300048828125,261.69000244140625,167560700.0,TSLA,,,,,,,,,,
2025-04-28,285.8800048828125,294.8599853515625,272.4200134277344,288.9800109863281,151731800.0,TSLA,,,,,,,,,,
2025-04-29,292.0299987792969,293.32000732421875,279.4700012207031,285.5,108906600.0,TSLA,,,,,,,,,,
2025-04-30,282.1600036621094,284.45001220703125,270.7799987792969,279.8999938964844,128961100.0,TSLA,,,,,,,,,,
2025-05-01,280.5199890136719,290.8699951171875,279.80999755859375,280.010009765625,99659000.0,TSLA,,,,,,,,,,
2025-05-02,287.2099914550781,294.7799987792969,279.80999755859375,284.8999938964844,114454700.0,TSLA,,,,,,,,,,
2025-05-05,280.260009765625,284.8500061035156,274.3999938964844,284.57000732421875,94618900.0,TSLA,,,,,,,,,,
2025-05-06,275.3500061035156,277.7300109863281,271.3500061035156,273.1099853515625,76715800.0,TSLA,,,,,,,,,,
2025-05-07,276.2200012207031,277.9200134277344,271.0,276.8800048828125,71592600.0,TSLA,,,,,,,,,,
2025-05-08,284.82000732421875,289.79998779296875,279.4100036621094,279.6300048828125,97539400.0,TSLA,,,,,,,,,,
2025-05-09,298.260009765625,307.0400085449219,290.0,290.2099914550781,132387800.0,TSLA,,,,,,,,,,
2025-05-12,318.3800048828125,322.2099914550781,311.5,321.989990234375,112826700.0,TSLA,,,,,,,,,,
2025-05-13,334.07000732421875,337.5899963378906,316.79998779296875,320.0,136992600.0,TSLA,,,,,,,,,,
2025-05-14,347.67999267578125,350.0,337.0,342.5,136997300.0,TSLA,,,,,,,,,,
2025-05-15,342.82000732421875,346.1400146484375,334.7200012207031,340.3399963378906,97882600.0,TSLA,,,,,,,,,,
2025-05-16,349.9800109863281,351.6199951171875,342.3299865722656,346.239990234375,95895700.0,TSLA,,,,,,,,,,
2025-05-19,342.0899963378906,343.0,333.3699951171875,336.29998779296875,88869900.0,TSLA,,,,,,,,,,
2025-05-20,343.82000732421875,354.989990234375,341.6300048828125,347.8699951171875,131715500.0,TSLA,,,,,,,,,,
2025-05-21,334.6199951171875,347.3500061035156,332.20001220703125,344.42999267578125,102354800.0,TSLA,,,,,,,,,,
2025-05-22,341.0400085449219,347.2699890136719,331.3900146484375,331.8999938964844,97113400.0,TSLA,,,,,,,,,,
2025-05-23,339.3399963378906,343.17999267578125,333.2099914550781,337.9200134277344,84654800.0,TSLA,,,,,,,,,,
2025-05-27,362.8900146484375,363.7900085449219,347.32000732421875,347.3500061035156,120146400.0,TSLA,,,,,,,,,,
2025-05-28,356.8999938964844,365.0,355.9100036621094,364.8399963378906,91404300.0,TSLA,,,,,,,,,,
2025-05-29,358.42999267578125,367.7099914550781,356.0,365.2900085449219,88087800.0,TSLA,,,,,,,,,,
2025-05-30,346.4599914550781,363.67999267578125,345.2900085449219,355.5199890136719,123474900.0,TSLA,,,,,,,,,,
2025-06-02,342.69000244140625,348.0199890136719,333.3299865722656,343.5,81873800.0,TSLA,,,,,,,,,,
2025-06-03,344.2699890136719,355.3999938964844,343.0400085449219,346.6000061035156,99324500.0,TSLA,,,,,,,,,,
2025-06-04,332.04998779296875,345.6000061035156,327.3299865722656,345.1000061035156,98912100.0,TSLA,,,,,,,,,,
2025-06-05,284.70001220703125,324.54998779296875,273.2099914550781,322.489990234375,287499800.0,TSLA,,,,,,,,,,
2025-06-06,295.1400146484375,305.5,291.1400146484375,298.8299865722656,164747700.0,TSLA,,,,,,,,,,
2025-06-09,308.5799865722656,309.8299865722656,281.8500061035156,285.9599914550781,140908900.0,TSLA,,,,,,,,,,
2025-06-10,326.0899963378906,327.8299865722656,310.6700134277344,314.94000244140625,151256500.0,TSLA,,,,,,,,,,
2025-06-11,326.42999267578125,335.5,322.5,334.3999938964844,122611400.0,TSLA,,,,,,,,,,
2025-06-12,319.1099853515625,332.55999755859375,316.8599853515625,323.0799865722656,105127500.0,TSLA,,,,,,,,,,
2025-06-13,325.30999755859375,332.989990234375,313.29998779296875,313.9700012207031,128964300.0,TSLA,,,,,,,,,,
2025-06-16,329.1300048828125,332.04998779296875,326.4100036621094,331.2900085449219,83925900.0,TSLA,,,,,,,,,,
2025-06-17,316.3500061035156,327.260009765625,314.739990234375,326.0899963378906,88282700.0,TSLA,,,,,,,,,,
2025-06-18,322.04998779296875,329.32000732421875,315.45001220703125,317.30999755859375,95137700.0,TSLA,,,,,,,,,,
2025-06-20,322.1600036621094,332.3599853515625,317.7799987792969,327.95001220703125,108688000.0,TSLA,,,,,,,,,,
2025-06-23,348.67999267578125,357.5400085449219,327.4800109863281,327.5400085449219,190716800.0,TSLA,,,,,,,,,,
2025-06-24,340.4700012207031,356.260009765625,340.44000244140625,356.1700134277344,114736200.0,TSLA,,,,,,,,,,
2025-06-25,327.54998779296875,343.0,320.3999938964844,342.70001220703125,119845100.0,TSLA,,,,,,,,,,
2025-06-26,325.7799987792969,331.04998779296875,323.6099853515625,324.6099853515625,80440900.0,TSLA,,,,,,,,,,
2025-06-27,323.6300048828125,329.3399963378906,317.5,324.510009765625,89067000.0,TSLA,,,,,,,,,,
2025-06-30,317.6600036621094,325.5799865722656,316.6000061035156,319.8999938964844,76695100.0,TSLA,,,,,,,,,,
2025-07-01,300.7099914550781,305.8900146484375,293.2099914550781,298.4599914550781,145085700.0,TSLA,,,,,,,,,,
2025-07-02,315.6499938964844,316.8299865722656,303.82000732421875,312.6300048828125,119483700.0,TSLA,,,,,,,,,,
2025-07-03,315.3500061035156,318.45001220703125,312.760009765625,317.989990234375,58042300.0,TSLA,,,,,,,,,,
2025-07-07,293.94000244140625,296.1499938964844,288.7699890136719,291.3699951171875,131177900.0,TSLA,,,,,,,,,,
2025-07-08,297.80999755859375,304.04998779296875,294.3500061035156,297.0,103246700.0,TSLA,,,,,,,,,,
2025-07-09,295.8800048828125,300.1499938964844,293.54998779296875,297.54998779296875,75586800.0,TSLA,,,,,,,,,,
2025-07-10,309.8699951171875,310.4800109863281,300.0,300.04998779296875,104365300.0,TSLA,,,,,,,,,,
2025-07-11,313.510009765625,314.0899963378906,305.6499938964844,307.8900146484375,79236400.0,TSLA,,,,,,,,,,
2025-07-14,316.8999938964844,322.6000061035156,312.6700134277344,317.7300109863281,78043400.0,TSLA,,,,,,,,,,
2025-07-15,310.7799987792969,321.20001220703125,310.5,319.67999267578125,77556300.0,TSLA,,,,,,,,,,
2025-07-16,321.6700134277344,323.5,312.6199951171875,312.79998779296875,97284800.0,TSLA,,,,,,,,,,
2025-07-17,319.4100036621094,324.3399963378906,317.05999755859375,323.1499938964844,73922900.0,TSLA,,,,,,,,,,
2025-07-18,329.6499938964844,330.8999938964844,321.4200134277344,321.6600036621094,94255000.0,TSLA,,,,,,,,,,
2025-07-21,328.489990234375,338.0,326.8800048828125,334.3999938964844,75768800.0,TSLA,,,,,,,,,,
2025-07-22,332.1099853515625,335.4100036621094,321.54998779296875,329.739990234375,77370400.0,TSLA,,,,,,,,,,
2025-07-23,332.55999755859375,336.20001220703125,328.6700134277344,330.8999938964844,92553800.0,TSLA,,,,,,,,,,
2025-07-24,305.29998779296875,310.1499938964844,300.4100036621094,310.0,156966000.0,TSLA,,,,,,,,,,
2025-07-25,316.05999755859375,323.6300048828125,308.010009765625,308.739990234375,148227000.0,TSLA,,,,,,,,,,
2025-07-28,325.5899963378906,330.489990234375,315.69000244140625,318.45001220703125,112673800.0,TSLA,,,,,,,,,,
2025-07-29,321.20001220703125,326.25,318.25,325.54998779296875,87358900.0,TSLA,,,,,,,,,,
2025-07-30,319.0400085449219,324.45001220703125,311.6199951171875,322.17999267578125,83931900.0,TSLA,,,,,,,,,,
2025-07-31,308.2699890136719,321.3699951171875,306.1000061035156,319.6099853515625,85270900.0,TSLA,,,,,,,,,,
2025-08-01,302.6300048828125,309.30999755859375,297.82000732421875,306.2099914550781,89121400.0,TSLA,,,,,,,,,,
2025-08-04,309.260009765625,312.1199951171875,303.0,309.0799865722656,78683900.0,TSLA,,,,,,,,,,
2025-08-05,308.7200012207031,312.45001220703125,305.5,308.95001220703125,57961300.0,TSLA,,,,,,,,,,
2025-08-06,319.9100036621094,320.4700012207031,306.92999267578125,307.8900146484375,78523600.0,TSLA,,,,,,,,,,
2025-08-07,322.2699890136719,322.3999938964844,316.1600036621094,319.7900085449219,66658700.0,TSLA,,,,,,,,,,
2025-08-08,329.6499938964844,335.1499938964844,320.9800109863281,321.42999267578125,91200300.0,TSLA,,,,,,,,,,
2025-08-11,339.0299987792969,346.6400146484375,334.1499938964844,335.0,105320200.0,TSLA,,,,,,,,,,
2025-08-12,340.8399963378906,345.260009765625,332.94000244140625,345.0,80522100.0,TSLA,,,,,,,,,,
2025-08-13,339.3800048828125,348.9800109863281,338.20001220703125,341.5,67838900.0,TSLA,,,,,,,,,,
2025-08-14,335.5799865722656,340.4700012207031,330.3999938964844,335.760009765625,75000700.0,TSLA,,,,,,,,,,
2025-08-15,330.55999755859375,339.29998779296875,327.0199890136719,337.6600036621094,74319800.0,TSLA,,,,,,,,,,
2025-08-18,335.1600036621094,336.2699890136719,329.5899963378906,329.6199951171875,56956600.0,TSLA,,,,,,,,,,
2025-08-19,329.30999755859375,340.54998779296875,327.8500061035156,335.7900085449219,75956000.0,TSLA,,,,,,,,,,
2025-08-20,323.8999938964844,331.3699951171875,314.6000061035156,329.2200012207031,77481800.0,TSLA,,,,,,,,,,
2025-08-21,320.1099853515625,324.8999938964844,318.67999267578125,322.0799865722656,55744400.0,TSLA,,,,,,,,,,
2025-08-22,340.010009765625,340.25,319.69000244140625,321.6600036621094,94016300.0,TSLA,,,,,,,,,,
2025-08-25,346.6000061035156,349.5299987792969,335.0299987792969,338.8999938964844,86670000.0,TSLA,,,,,,,,,,
2025-08-26,351.6700134277344,351.8999938964844,343.7200012207031,344.92999267578125,76651600.0,TSLA,,,,,,,,,,
2025-08-27,349.6000061035156,355.3900146484375,349.1600036621094,351.94000244140625,65519000.0,TSLA,,,,,,,,,,
2025-08-28,345.9800109863281,353.54998779296875,340.260009765625,350.9100036621094,67903200.0,TSLA,,,,,,,,,,
2025-08-29,333.8699951171875,348.75,331.70001220703125,347.2300109863281,81145700.0,TSLA,,,,,,,,,,
2025-09-02,329.3599853515625,333.3299865722656,325.6000061035156,328.2300109863281,58392000.0,TSLA,,,,,,,,,,
2025-09-03,334.0899963378906,343.3299865722656,328.510009765625,335.20001220703125,88733300.0,TSLA,,,,,,,,,,
2025-09-04,338.5299987792969,338.8900146484375,331.4800109863281,336.1499938964844,60711000.0,TSLA,,,,,,,,,,
2025-09-05,350.8399963378906,355.8699951171875,344.67999267578125,348.0,108989800.0,TSLA,,,,,,,,,,
2025-09-08,346.3999938964844,358.44000244140625,344.8399963378906,354.6400146484375,75208300.0,TSLA,,,,,,,,,,
2025-09-09,346.9700012207031,350.7699890136719,343.82000732421875,348.44000244140625,53816000.0,TSLA,,,,,,,,,,
2025-09-10,347.7900085449219,356.3299865722656,346.07000732421875,350.54998779296875,72121700.0,TSLA,,,,,,,,,,
2025-09-11,368.80999755859375,368.989990234375,347.6000061035156,350.1700134277344,103756000.0,TSLA,,,,,,,,,,
2025-09-12,395.94000244140625,396.69000244140625,370.239990234375,370.94000244140625,168156400.0,TSLA,,,,,,,,,,
2025-09-15,410.0400085449219,425.70001220703125,402.42999267578125,423.1300048828125,163823700.0,TSLA,,,,,,,,,,
2025-09-16,421.6199951171875,423.25,411.42999267578125,414.5,104285700.0,TSLA,,,,,,,,,,
2025-09-17,425.8599853515625,428.30999755859375,409.6700134277344,415.75,106133500.0,TSLA,,,,,,,,,,
2025-09-18,416.8500061035156,432.2200012207031,416.55999755859375,428.8699951171875,90454500.0,TSLA,,,,,,,,,,
2025-09-19,426.07000732421875,429.4700012207031,421.7200012207031,421.82000732421875,93131000.0,TSLA,,,,,,,,,,
2025-09-22,434.2099914550781,444.9800109863281,429.1300048828125,431.1099853515625,97108800.0,TSLA,,,,,,,,,,
2025-09-23,425.8500061035156,440.9700012207031,423.7200012207031,439.8800048828125,83422700.0,TSLA,,,,,,,,,,
2025-09-24,442.7900085449219,444.2099914550781,429.0299987792969,429.8299865722656,93133600.0,TSLA,,,,,,,,,,
2025-09-25,423.3900146484375,435.3500061035156,419.0799865722656,435.239990234375,96746400.0,TSLA,,,,,,,,,,
2025-09-26,440.3999938964844,440.4700012207031,421.0199890136719,428.29998779296875,101628200.0,TSLA,,,,,,,,,,
2025-09-29,443.2099914550781,450.9800109863281,439.5,444.3500061035156,79491500.0,TSLA,,,,,,,,,,
2025-09-30,444.7200012207031,445.0,433.1199951171875,441.5199890136719,74358000.0,TSLA,,,,,,,,,,
2025-10-01,459.4599914550781,462.2900085449219,440.75,443.79998779296875,98122300.0,TSLA,,,,,,,,,,
2025-10-02,436.0,470.75,435.57000732421875,470.5400085449219,137009000.0,TSLA,,,,,,,,,,
2025-10-03,429.8299865722656,446.7699890136719,416.5799865722656,443.2900085449219,133188200.0,TSLA,,,,,,,,,,
2025-10-06,453.25,453.54998779296875,436.69000244140625,440.75,85324900.0,TSLA,,,,,,,,,,
2025-10-07,433.0899963378906,452.67999267578125,432.45001220703125,447.82000732421875,102296100.0,TSLA,,,,,,,,,,
2025-10-08,438.69000244140625,441.3299865722656,425.2300109863281,437.57000732421875,71192100.0,TSLA,,,,,,,,,,
2025-10-09,435.5400085449219,436.3500061035156,426.17999267578125,431.80999755859375,69339900.0,TSLA,,,,,,,,,,
2025-10-10,413.489990234375,443.1300048828125,411.45001220703125,436.5400085449219,112107900.0,TSLA,,,,,,,,,,
2025-10-13,435.8999938964844,436.8900146484375,419.70001220703125,423.5299987792969,79552800.0,TSLA,,,,,,,,,,
2025-10-14,429.239990234375,434.20001220703125,417.8599853515625,426.7900085449219,72669400.0,TSLA,,,,,,,,,,
2025-10-15,435.1499938964844,440.510009765625,426.3299865722656,434.8999938964844,71558200.0,TSLA,,,,,,,,,,
2025-10-16,428.75,439.3500061035156,421.30999755859375,434.7300109863281,77189900.0,TSLA,,,,,,,,,,
2025-10-17,439.30999755859375,441.4599914550781,423.6000061035156,425.5,89331600.0,TSLA,,,,,,,,,,
2025-10-20,447.42999267578125,449.79998779296875,440.6099853515625,443.8699951171875,63719000.0,TSLA,,,,,,,,,,
2025-10-21,442.6000061035156,449.29998779296875,442.04998779296875,445.760009765625,54412200.0,TSLA,,,,,,,,,,
2025-10-22,438.9700012207031,445.5400085449219,429.0,443.45001220703125,84023500.0,TSLA,,,,,,,,,,
2025-10-23,448.9800109863281,449.3999938964844,413.8999938964844,420.0,126709800.0,TSLA,,,,,,,,,,
2025-10-24,433.7200012207031,451.67999267578125,430.1700134277344,446.8299865722656,94727800.0,TSLA,,,,,,,,,,
2025-10-27,452.4200134277344,460.1600036621094,438.69000244140625,439.9800109863281,105867500.0,TSLA,,,,,,,,,,
2025-10-28,460.54998779296875,467.0,451.6000061035156,454.7799987792969,80185700.0,TSLA,,,,,,,,,,
2025-10-29,461.510009765625,465.70001220703125,452.6499938964844,462.5,67983500.0,TSLA,,,,,,,,,,
2025-10-30,440.1000061035156,455.05999755859375,439.6099853515625,451.04998779296875,72447900.0,TSLA,,,,,,,,,,
2025-10-31,456.55999755859375,458.0,443.69000244140625,446.75,83135800.0,TSLA,,,,,,,,,,
2025-11-03,468.3699951171875,474.07000732421875,453.79998779296875,455.989990234375,84595200.0,TSLA,,,,,,,,,,
2025-11-04,444.260009765625,460.2200012207031,443.6000061035156,454.4599914550781,87756600.0,TSLA,,,,,,,,,,
2025-11-05,462.07000732421875,466.3299865722656,440.7099914550781,452.04998779296875,85573000.0,TSLA,,,,,,,,,,
2025-11-06,445.9100036621094,467.45001220703125,435.0899963378906,461.9599914550781,109622900.0,TSLA,,,,,,,,,,
2025-11-07,429.5199890136719,439.3599853515625,421.8800048828125,437.9200134277344,103471500.0,TSLA,,,,,,,,,,
2025-11-10,445.2300109863281,449.6700134277344,433.3599853515625,439.6000061035156,76515900.0,TSLA,,,,,,,,,,
2025-11-11,439.6199951171875,442.489990234375,432.3599853515625,439.3999938964844,60533200.0,TSLA,,,,,,,,,,
2025-11-12,430.6000061035156,442.3299865722656,426.55999755859375,442.1499938964844,58513500.0,TSLA,,,,,,,,,,
2025-11-13,401.989990234375,424.5,396.3399963378906,423.1300048828125,118948000.0,TSLA,,,,,,,,,,
2025-11-14,404.3500061035156,412.19000244140625,382.7799987792969,386.29998779296875,105506700.0,TSLA,,,,,,,,,,
2025-11-17,408.9200134277344,423.9599914550781,398.739990234375,398.739990234375,102214300.0,TSLA,,,,,,,,,,
2025-11-18,401.25,408.8999938964844,393.7099914550781,405.3800048828125,80688600.0,TSLA,,,,,,,,,,
2025-11-19,403.989990234375,411.7799987792969,398.5,406.17999267578125,72047700.0,TSLA,,,,,,,,,,
2025-11-20,395.2300109863281,428.94000244140625,394.739990234375,414.6300048828125,113548800.0,TSLA,,,,,,,,,,
2025-11-21,391.0899963378906,402.79998779296875,383.760009765625,402.32000732421875,100460600.0,TSLA,,,,,,,,,,
2025-11-24,417.7799987792969,421.7200012207031,401.0899963378906,402.1700134277344,96806400.0,TSLA,,,,,,,,,,
2025-11-25,419.3999938964844,420.4800109863281,405.95001220703125,414.4200134277344,71915600.0,TSLA,,,,,,,,,,
2025-11-26,426.5799865722656,426.94000244140625,416.8900146484375,423.95001220703125,63463000.0,TSLA,,,,,,,,,,
2025-11-28,430.1700134277344,432.92999267578125,426.20001220703125,426.5899963378906,36252900.0,TSLA,,,,,,,,,,
2025-12-01,430.1400146484375,433.6600036621094,425.2900085449219,425.32000732421875,57463600.0,TSLA,,,,,,,,,,
2025-12-02,429.239990234375,436.79998779296875,422.1199951171875,430.80999755859375,69336600.0,TSLA,,,,,,,,,,
2025-12-03,446.739990234375,447.9200134277344,431.1099853515625,432.1000061035156,87483000.0,TSLA,,,,,,,,,,
2025-12-04,454.5299987792969,454.6300048828125,445.3900146484375,449.94000244140625,71906500.0,TSLA,,,,,,,,,,
2025-12-05,455.0,458.8699951171875,451.6600036621094,453.0299987792969,56427500.0,TSLA,,,,,,,,,,
2025-12-08,439.5799865722656,449.75,435.25,447.45001220703125,69165800.0,TSLA,,,,,,,,,,
2025-12-09,445.1700134277344,452.3900146484375,435.70001220703125,437.5400085449219,62367400.0,TSLA,,,,,,,,,,
2025-12-10,451.45001220703125,456.8800048828125,443.6099853515625,446.07000732421875,63257500.0,TSLA,,,,,,,,,,
2025-12-11,446.8900146484375,449.2699890136719,440.3299865722656,448.95001220703125,55979500.0,TSLA,,,,,,,,,,
2025-12-12,458.9599914550781,463.010009765625,441.6700134277344,448.0899963378906,95656700.0,TSLA,,,,,,,,,,
2025-12-15,475.30999755859375,481.7699890136719,467.6600036621094,469.44000244140625,114542200.0,TSLA,,,,,,,,,,
2025-12-16,489.8800048828125,491.5,465.8299865722656,472.2099914550781,107608100.0,TSLA,,,,,,,,,,
2025-12-17,467.260009765625,495.2799987792969,466.20001220703125,488.2200012207031,106490400.0,TSLA,,,,,,,,,,
2025-12-18,483.3699951171875,490.8599853515625,473.1199951171875,478.1600036621094,95168400.0,TSLA,,,,,,,,,,
2025-12-19,481.20001220703125,490.489990234375,474.7200012207031,488.1199951171875,103305400.0,TSLA,,,,,,,,,,
2025-12-22,488.7300109863281,498.8299865722656,485.3299865722656,489.8800048828125,86916100.0,TSLA,,,,,,,,,,
2025-12-23,485.55999755859375,491.9700012207031,482.8399963378906,489.3999938964844,58223600.0,TSLA,,,,,,,,,,
2025-12-24,485.3999938964844,490.8999938964844,476.79998779296875,488.4800109863281,41285400.0,TSLA,,,,,,,,,,
2025-12-26,475.19000244140625,489.0899963378906,473.82000732421875,485.2300109863281,58780700.0,TSLA,,,,,,,,,,
2025-12-29,459.6400146484375,469.3999938964844,459.0,469.0,66263000.0,TSLA,,,,,,,,,,
2025-12-30,454.42999267578125,463.1199951171875,453.8299865722656,461.0899963378906,59238500.0,TSLA,,,,,,,,,,
2025-12-31,449.7200012207031,456.54998779296875,449.29998779296875,456.1000061035156,49078000.0,TSLA,,,,,,,,,,
2026-01-02,438.07000732421875,458.3399963378906,435.29998779296875,457.79998779296875,85535400.0,TSLA,,,,,,,,,,
2026-01-05,451.6700134277344,457.54998779296875,444.57000732421875,447.989990234375,67940800.0,TSLA,,,,,,,,,,
2026-01-06,432.9599914550781,448.25,428.7799987792969,446.3800048828125,89093800.0,TSLA,,,,,,,,,,
2026-01-07,431.4100036621094,438.3699951171875,431.2900085449219,435.8999938964844,59828800.0,TSLA,,,,,,,,,,
2026-01-08,435.79998779296875,436.8900146484375,424.3699951171875,427.8900146484375,57041100.0,TSLA,,,,,,,,,,
2026-01-09,445.010009765625,449.04998779296875,430.3900146484375,435.95001220703125,67331500.0,TSLA,,,,,,,,,,
2026-01-12,448.9599914550781,454.29998779296875,438.0,441.2300109863281,61649600.0,TSLA,,,,,,,,,,
2026-01-13,447.20001220703125,451.80999755859375,443.95001220703125,450.20001220703125,53719200.0,TSLA,,,,,,,,,,
2026-01-14,439.20001220703125,443.9100036621094,434.2200012207031,442.80999755859375,57259500.0,TSLA,,,,,,,,,,
2026-01-15,438.57000732421875,445.3599853515625,437.6499938964844,441.1300048828125,49465800.0,TSLA,,,,,,,,,,
2026-01-16,437.5,447.25,435.260009765625,439.5,60220600.0,TSLA,,,,,,,,,,
2026-01-20,419.25,430.7300109863281,417.44000244140625,429.3599853515625,63187300.0,TSLA,,,,,,,,,,
2026-01-21,431.44000244140625,438.20001220703125,419.6199951171875,421.6600036621094,68124000.0,TSLA,,,,,,,,,,
2026-01-22,449.3599853515625,449.5,432.6300048828125,435.1600036621094,71546700.0,TSLA,,,,,,,,,,
2026-01-23,449.05999755859375,452.42999267578125,444.0400085449219,447.42999267578125,56771400.0,TSLA,,,,,,,,,,
2026-01-26,435.20001220703125,445.0400085449219,434.2799987792969,445.0,49397400.0,TSLA,,,,,,,,,,
2026-01-27,430.8999938964844,437.5199890136719,430.69000244140625,437.4100036621094,37733100.0,TSLA,,,,,,,,,,
2026-01-28,431.4599914550781,438.260009765625,430.1000061035156,431.9100036621094,54857400.0,TSLA,,,,,,,,,,
2026-01-29,416.55999755859375,440.2300109863281,414.6199951171875,437.79998779296875,81686100.0,TSLA,,,,,,,,,,
2026-01-30,430.4100036621094,439.8800048828125,422.70001220703125,425.3500061035156,82626100.0,TSLA,,,,,,,,,,
2026-02-02,421.80999755859375,427.1499938964844,414.5,421.2900085449219,58739500.0,TSLA,,,,,,,,,,
2026-02-03,421.9599914550781,428.55999755859375,413.69000244140625,424.2699890136719,56886500.0,TSLA,,,,,,,,,,
2026-02-04,406.010009765625,423.8999938964844,399.17999267578125,420.4599914550781,74606900.0,TSLA,,,,,,,,,,
2026-02-05,397.2099914550781,402.1000061035156,387.5299987792969,397.0199890136719,72819800.0,TSLA,,,,,,,,,,
2026-02-06,411.1099853515625,414.54998779296875,397.75,400.8699951171875,62677100.0,TSLA,,,,,,,,,,
2026-02-09,417.32000732421875,421.25,407.2900085449219,409.9100036621094,54484300.0,TSLA,,,,,,,,,,
2026-02-10,425.2099914550781,427.25,417.0,418.0799865722656,64450200.0,TSLA,,,,,,,,,,
2026-02-11,428.2699890136719,436.3500061035156,420.0299987792969,427.9599914550781,57362000.0,TSLA,,,,,,,,,,
2026-02-12,417.07000732421875,436.2300109863281,414.0,430.29998779296875,61933400.0,TSLA,,,,,,,,,,
2026-02-13,417.44000244140625,424.05999755859375,410.8800048828125,414.30999755859375,51434100.0,TSLA,,,,,,,,,,
2026-02-17,410.6300048828125,413.7200012207031,400.510009765625,412.3599853515625,59678800.0,TSLA,,,,,,,,,,
2026-02-18,411.32000732421875,416.8999938964844,409.5799865722656,411.1099853515625,45921400.0,TSLA,,,,,,,,,,
2026-02-19,411.7099914550781,415.25,404.1099853515625,407.25,51019600.0,TSLA,,,,,,,,,,
2026-02-20,411.82000732421875,414.70001220703125,405.5,408.29998779296875,57912200.0,TSLA,,,,,,,,,,
2026-02-23,399.8299865722656,407.70001220703125,394.0400085449219,407.2900085449219,69680000.0,TSLA,,,,,,,,,,
2026-02-24,409.3800048828125,410.82000732421875,397.6400146484375,399.5,58579500.0,TSLA,,,,,,,,,,
2026-02-25,417.3999938964844,420.3399963378906,412.1499938964844,412.1499938964844,54809700.0,TSLA,,,,,,,,,,
2026-02-26,408.5799865722656,416.80999755859375,403.6600036621094,414.4200134277344,53602500.0,TSLA,,,,,,,,,,
2026-02-27,402.510009765625,407.1199951171875,398.1099853515625,402.94000244140625,56890100.0,TSLA,,,,,,,,,,
2026-03-02,403.32000732421875,404.5400085449219,388.25,390.6000061035156,55088300.0,TSLA,,,,,,,,,,
2026-03-03,392.42999267578125,396.3399963378906,385.3900146484375,395.0899963378906,62617300.0,TSLA,,,,,,,,,,
2026-03-04,405.94000244140625,408.3299865722656,394.5799865722656,397.8500061035156,68305500.0,TSLA,,,,,,,,,,
2026-03-05,405.54998779296875,408.6199951171875,399.4200134277344,401.57000732421875,51925900.0,TSLA,,,,,,,,,,
2026-03-06,396.7300109863281,402.3500061035156,394.2099914550781,398.0899963378906,64054600.0,TSLA,,,,,,,,,,
2026-03-09,398.67999267578125,401.5899963378906,381.3999938964844,390.04998779296875,67018900.0,TSLA,,,,,,,,,,
2026-03-10,399.239990234375,406.5899963378906,398.19000244140625,402.2200012207031,59258700.0,TSLA,,,,,,,,,,
2026-03-11,407.82000732421875,416.3800048828125,402.1499938964844,402.2799987792969,62559900.0,TSLA,,,,,,,,,,
2026-03-12,395.010009765625,406.5,394.6499938964844,405.17999267578125,60973800.0,TSLA,,,,,,,,,,
2026-03-13,391.20001220703125,400.20001220703125,389.95001220703125,399.1700134277344,58504100.0,TSLA,,,,,,,,,,
2026-03-16,395.55999755859375,403.7300109863281,394.4200134277344,396.2200012207031,58068300.0,TSLA,,,,,,,,,,
2026-03-17,399.2699890136719,400.1199951171875,393.0,395.69000244140625,46890500.0,TSLA,,,,,,,,,,
2026-03-18,392.7799987792969,403.07000732421875,392.30999755859375,399.0,50853100.0,TSLA,,,,,,,,,,
2026-03-19,380.29998779296875,387.2699890136719,378.7300109863281,387.2699890136719,67078300.0,TSLA,,,,,,,,,,
2026-03-20,367.9599914550781,379.8900146484375,364.4599914550781,379.8500061035156,78628600.0,TSLA,,,,,,,,,,
2026-03-23,380.8500061035156,385.3299865722656,372.7300109863281,373.0899963378906,74606000.0,TSLA,,,,,,,,,,
2026-03-24,383.0299987792969,387.4800109863281,376.30999755859375,376.55999755859375,60004900.0,TSLA,,,,,,,,,,
2026-03-25,385.95001220703125,396.2300109863281,385.010009765625,389.989990234375,55157300.0,TSLA,,,,,,,,,,
2026-03-26,372.1099853515625,384.44000244140625,371.8699951171875,381.6000061035156,55522900.0,TSLA,,,,,,,,,,
2026-03-27,361.8299865722656,369.8599853515625,359.4700012207031,369.69000244140625,62065700.0,TSLA,,,,,,,,,,
2026-03-30,355.2799987792969,367.2900085449219,352.1400146484375,365.8599853515625,67954400.0,TSLA,,,,,,,,,,
2026-03-31,371.75,373.3299865722656,361.0,361.510009765625,75534900.0,TSLA,,,,,,,,,,
2026-04-01,381.260009765625,383.1400146484375,374.0799865722656,378.6300048828125,58683800.0,TSLA,,,,,,,,,,
2026-04-02,360.5899963378906,370.2799987792969,359.0299987792969,364.20001220703125,83031200.0,TSLA,,,,,,,,,,
2026-04-06,352.82000732421875,367.7200012207031,346.6400146484375,362.5899963378906,77697600.0,TSLA,,,,,,,,,,
2026-04-07,346.6499938964844,348.0199890136719,337.239990234375,346.44000244140625,74515400.0,TSLA,,,,,,,,,,
2026-04-08,343.25,364.5,339.6700134277344,363.7900085449219,78838600.0,TSLA,,,,,,,,,,
2026-04-09,345.6199951171875,348.8800048828125,337.25,343.1499938964844,62164000.0,TSLA,,,,,,,,,,
2026-04-10,348.95001220703125,350.3599853515625,342.739990234375,346.2900085449219,51336000.0,TSLA,,,,,,,,,,
2026-04-13,352.4200134277344,356.3500061035156,348.57000732421875,350.07000732421875,53617500.0,TSLA,,,,,,,,,,
2026-04-14,364.20001220703125,367.6300048828125,354.7699890136719,357.6700134277344,59979600.0,TSLA,,,,,,,,,,
2026-04-15,391.95001220703125,394.6499938964844,362.5,366.8299865722656,113810400.0,TSLA,,,,,,,,,,
2026-04-16,388.8999938964844,394.05999755859375,381.79998779296875,393.80999755859375,63515100.0,TSLA,,,,,,,,,,
2026-04-17,400.6199951171875,409.2799987792969,391.6499938964844,395.9200134277344,90640000.0,TSLA,,,,,,,,,,
2026-04-20,392.5,406.79998779296875,388.3299865722656,402.5799865722656,64603900.0,TSLA,,,,,,,,,,
2026-04-21,386.4200134277344,393.95001220703125,385.2200012207031,393.0,50530600.0,TSLA,,,,,,,,,,
2026-04-22,387.510009765625,393.010009765625,385.29998779296875,387.57000732421875,62362800.0,TSLA,,,,,,,,,,
2026-04-23,373.7200012207031,386.0,368.3900146484375,375.2799987792969,93969500.0,TSLA,,,,,,,,,,
2026-04-24,376.29998779296875,382.760009765625,370.7300109863281,373.5,62893300.0,TSLA,,,,,,,,,,
2026-04-27,378.6700134277344,380.7799987792969,364.0199890136719,372.0899963378906,66735800.0,TSLA,,,,,,,,,,
2026-04-28,376.0199890136719,382.2900085449219,372.5400085449219,374.67999267578125,50864400.0,TSLA,,,,,,,,,,
2026-04-29,372.79998779296875,376.3999938964844,370.0400085449219,375.3999938964844,45384800.0,TSLA,,,,,,,,,,
2026-04-30,381.6300048828125,384.75,368.1700134277344,372.75,51076000.0,TSLA,,,,,,,,,,
2026-05-01,390.82000732421875,397.82000732421875,378.79998779296875,382.489990234375,65338300.0,TSLA,,,,,,,,,,
2026-05-04,392.510009765625,394.6400146484375,384.79998779296875,390.2300109863281,48765100.0,TSLA,,,,,,,,,,
2026-05-05,389.3699951171875,402.1199951171875,389.0,395.19000244140625,47780600.0,TSLA,,,,,,,,,,
2026-05-06,398.7300109863281,401.67999267578125,384.0199890136719,386.25,53465400.0,TSLA,,,,,,,,,,
2026-05-07,411.7900085449219,415.8299865722656,402.1199951171875,407.4800109863281,64294200.0,TSLA,,,,,,,,,,
2026-05-08,428.3500061035156,431.20001220703125,416.3900146484375,416.4800109863281,65050000.0,TSLA,,,,,,,,,,
2026-05-11,445.0,449.1600036621094,416.79998779296875,422.1600036621094,78376100.0,TSLA,,,,,,,,,,
2026-05-12,433.45001220703125,447.79998779296875,422.260009765625,441.4100036621094,60569300.0,TSLA,,,,,,,,,,
2026-05-13,445.2699890136719,453.3999938964844,430.2099914550781,436.6700134277344,68283200.0,TSLA,,,,,,,,,,
2026-05-14,443.29998779296875,451.9800109863281,441.1600036621094,446.489990234375,46070400.0,TSLA,,,,,,,,,,
2026-05-15,422.239990234375,434.6600036621094,422.0,433.9800109863281,52688700.0,TSLA,,,,,,,,,,
2026-05-18,409.989990234375,421.1300048828125,405.3299865722656,419.2699890136719,52474200.0,TSLA,,,,,,,,,,
2026-05-19,404.1099853515625,405.6300048828125,393.6300048828125,403.1600036621094,46500600.0,TSLA,,,,,,,,,,
2026-05-20,417.260009765625,417.4599914550781,406.3900146484375,407.6000061035156,45294700.0,TSLA,,,,,,,,,,
2026-05-21,417.8500061035156,426.95001220703125,412.8999938964844,422.17999267578125,42636900.0,TSLA,,,,,,,,,,
2026-05-22,426.010009765625,431.510009765625,420.510009765625,422.6700134277344,46104700.0,TSLA,,,,,,,,,,
2026-05-26,433.5899963378906,435.20001220703125,426.1199951171875,430.260009765625,45658900.0,TSLA,,,,,,,,,,
2026-05-27,440.3599853515625,445.6000061035156,435.5199890136719,442.8900146484375,44656500.0,TSLA,,,,,,,,,,
2026-05-28,442.1000061035156,443.9599914550781,436.29998779296875,437.6199951171875,32435000.0,TSLA,,,,,,,,,,
2026-05-29,435.7900085449219,441.07000732421875,428.1400146484375,439.8500061035156,45176800.0,TSLA,,,,,,,,,,
2026-06-01,415.8800048828125,429.6000061035156,415.42999267578125,427.489990234375,44937900.0,TSLA,,,,,,,,,,
2026-06-02,423.739990234375,424.4200134277344,413.6499938964844,418.2200012207031,37596000.0,TSLA,,,,,,,,,,
2026-06-03,423.70001220703125,433.6000061035156,416.0,418.70001220703125,44500700.0,TSLA,,,,,,,,,,
2026-06-04,418.45001220703125,426.3500061035156,417.1600036621094,419.8399963378906,35323300.0,TSLA,,,,,,,,,,
2026-06-05,391.0,424.67999267578125,388.5899963378906,420.5,63420200.0,TSLA,,,,,,,,,,
2026-06-08,408.95001220703125,412.94000244140625,394.7200012207031,396.3299865722656,50328800.0,TSLA,,,,,,,,,,
2026-06-09,396.67999267578125,418.5,384.239990234375,411.0299987792969,59940200.0,TSLA,,,,,,,,,,
2026-06-10,381.5899963378906,397.0899963378906,380.1499938964844,391.5400085449219,49695600.0,TSLA,,,,,,,,,,
2026-06-11,399.1499938964844,399.5400085449219,380.6600036621094,388.2799987792969,45324300.0,TSLA,,,,,,,,,,
2026-06-12,406.42999267578125,406.67999267578125,386.760009765625,399.489990234375,63514500.0,TSLA,,,,,,,,,,
2026-06-15,411.1499938964844,416.0,407.1000061035156,412.3699951171875,45620500.0,TSLA,,,,,,,,,,
2026-06-16,404.6600036621094,412.4200134277344,400.5400085449219,404.1099853515625,40255500.0,TSLA,,,,,,,,,,
2026-06-17,396.3800048828125,405.94000244140625,393.760009765625,401.5299987792969,43534300.0,TSLA,,,,,,,,,,
2026-06-18,400.489990234375,402.5199890136719,384.70001220703125,398.1000061035156,58384700.0,TSLA,,,,,,,,,,
2026-06-22,405.04998779296875,414.75,394.3999938964844,394.8500061035156,47819500.0,TSLA,,,,,,,,,,
2026-06-23,381.6099853515625,392.8699951171875,379.05999755859375,392.6099853515625,50420200.0,TSLA,,,,,,,,,,
2026-06-24,375.5299987792969,384.5799865722656,373.04998779296875,380.0799865722656,37081400.0,TSLA,,,,,,,,,,
2026-06-25,375.1199951171875,379.1199951171875,371.2200012207031,375.2699890136719,30138800.0,TSLA,,,,,,,,,,
2026-06-26,379.7099914550781,387.79998779296875,368.6000061035156,370.1499938964844,53434100.0,TSLA,,,,,,,,,,
2026-06-29,411.8399963378906,413.2699890136719,379.29998779296875,381.7900085449219,57645800.0,TSLA,,,,,,,,,,
2015-01-02,,,,,,SPY,169.68785095214844,170.8855799305739,168.6553346631324,170.47257341496748,121465900.0,,,,,
2015-01-05,,,,,,SPY,166.62327575683594,168.81220427704125,166.3176551041156,168.64700426486684,169632600.0,,,,,
2015-01-06,,,,,,SPY,165.05389404296875,167.4493262708284,164.2609161597577,166.92893414109756,209151400.0,,,,,
2015-01-07,,,,,,SPY,167.11073303222656,167.44940147841223,165.92954017391855,166.37558176833852,125346700.0,,,,,
2015-01-08,,,,,,SPY,170.07608032226562,170.2908517797395,168.4984049909054,168.51491617689666,147217800.0,,,,,
2015-01-09,,,,,,SPY,168.71315002441406,170.5055966664213,168.10189588592164,170.4890728778248,158567300.0,,,,,
2015-01-12,,,,,,SPY,167.3915557861328,169.00229147312052,166.78856973022198,168.84534696175578,144396100.0,,,,,
2015-01-13,,,,,,SPY,166.92071533203125,169.72915460451395,165.62386881945937,168.60577637472915,214553300.0,,,,,
2015-01-14,,,,,,SPY,165.91297912597656,166.11122679229365,164.0214148168744,164.91349780540452,192991100.0,,,,,
2015-01-15,,,,,,SPY,164.39309692382812,166.86286751898896,164.2774556177399,166.54899117615352,176613900.0,,,,,
2015-01-16,,,,,,SPY,166.5489959716797,166.70594044959492,164.00487456052744,164.18659841874955,211879600.0,,,,,
2015-01-20,,,,,,SPY,166.90419006347656,167.44936168573867,165.3430259480595,167.18503146744484,130991100.0,,,,,
2015-01-21,,,,,,SPY,167.74673461914062,168.22582370893434,165.97906716560615,166.44163246500446,122942700.0,,,,,
2015-01-22,,,,,,SPY,170.24131774902344,170.3734702759483,167.12724459882256,168.49842947284804,174356000.0,,,,,
2015-01-23,,,,,,SPY,169.30784606933594,170.241244574568,169.17568099525872,169.98517001706017,117516800.0,,,,,
2015-01-26,,,,,,SPY,169.70437622070312,169.79523815908667,168.3827629216211,169.09313463881273,92009700.0,,,,,
2015-01-27,,,,,,SPY,167.46588134765625,168.60577072506626,166.63986834178553,167.6558608098982,134044600.0,,,,,
2015-01-28,,,,,,SPY,165.31825256347656,168.74620170511815,165.12827308965936,168.64708417164115,168514300.0,,,,,
2015-01-29,,,,,,SPY,166.84637451171875,167.10243653138437,164.1122608271368,165.51649304484636,173585400.0,,,,,
2015-01-30,,,,,,SPY,164.74827575683594,166.99503192642172,164.48395817427368,165.6734188056964,197729700.0,,,,,
2015-02-02,,,,,,SPY,166.78857421875,166.87943616967166,163.43496283666747,165.24393365704213,163107000.0,,,,,
2015-02-03,,,,,,SPY,169.2005157470703,169.20878394437813,167.3089513455954,167.68065470962785,124212900.0,,,,,
2015-02-04,,,,,,SPY,168.55624389648438,169.6465873207132,168.10193413638905,168.44060255791106,134306700.0,,,,,
2015-02-05,,,,,,SPY,170.25778198242188,170.40647086465165,169.14267208350574,169.21701022264207,97953200.0,,,,,
2015-02-06,,,,,,SPY,169.78695678710938,171.18292062670562,169.26656461865574,170.62122529181084,125672000.0,,,,,
2015-02-09,,,,,,SPY,169.02706909179688,169.8613378071158,168.62231812482196,169.14271042465256,87219000.0,,,,,
2015-02-10,,,,,,SPY,170.8277130126953,171.0837749758462,169.06830163446324,170.05952712324256,96164200.0,,,,,
2015-02-11,,,,,,SPY,170.9268341064453,171.35636432033186,170.0182275279404,170.6625165467923,91087800.0,,,,,
2015-02-12,,,,,,SPY,172.5706329345703,172.62845989396322,170.9599101194834,171.719840560346,97545900.0,,,,,
2015-02-13,,,,,,SPY,173.28099060058594,173.3305493595107,172.43845388699384,172.69452848136683,93670400.0,,,,,
2015-02-17,,,,,,SPY,173.5535430908203,173.72701131774258,172.71927473303418,172.96706848013085,76968200.0,,,,,
2015-02-18,,,,,,SPY,173.5701141357422,173.64445228011232,172.91755681349412,173.18188702097638,80652900.0,,,,,
2015-02-19,,,,,,SPY,173.44619750976562,173.80964522816615,172.83495598696246,172.9753766774431,91462500.0,,,,,
2015-02-20,,,,,,SPY,174.48699951171875,174.56133766054108,172.4136987099765,173.03320849141335,140896400.0,,,,,
2015-02-23,,,,,,SPY,174.4622344970703,174.4622344970703,173.85923585195994,174.23920742827661,74411100.0,,,,,
2015-02-24,,,,,,SPY,174.9578399658203,175.1560876554852,174.0905236539817,174.38788888649893,72472300.0,,,,,
2015-02-25,,,,,,SPY,174.80909729003906,175.31296561485897,174.47042900857946,174.83387666634533,73061700.0,,,,,
2015-02-26,,,,,,SPY,174.60263061523438,174.87521641558922,173.99963205507456,174.7182719301766,72697900.0,,,,,
2015-02-27,,,,,,SPY,174.0079345703125,174.76786516180445,173.958375797557,174.50353490182786,108076000.0,,,,,
2015-03-02,,,,,,SPY,175.10650634765625,175.16432070555928,174.05746627296082,174.10702503800874,87491400.0,,,,,
2015-03-03,,,,,,SPY,174.38790893554688,175.15610779285151,173.5288607228229,174.67701860738487,110325800.0,,,,,
2015-03-04,,,,,,SPY,173.65267944335938,173.86745085276726,172.68624591289165,173.79310011661133,114497200.0,,,,,
2015-03-05,,,,,,SPY,173.84268188476562,174.12352324808586,173.338813507535,173.9748343708267,76873000.0,,,,,
2015-03-06,,,,,,SPY,171.39768981933594,173.41316346565193,171.06728967572505,172.98363319579175,188128000.0,,,,,
2015-03-09,,,,,,SPY,172.10812377929688,172.463303432065,171.43905505369207,171.5959995901104,89818900.0,,,,,
2015-03-10,,,,,,SPY,169.31613159179688,170.82773680839537,169.27482842335175,170.74514307546252,157121300.0,,,,,
2015-03-11,,,,,,SPY,168.9196319580078,169.7456448282181,168.8370256294043,169.57217657973325,110145700.0,,,,,
2015-03-12,,,,,,SPY,171.06729125976562,171.13336120593354,169.4978590531875,169.54741781479228,93993500.0,,,,,
2015-03-13,,,,,,SPY,170.01824951171875,171.7528691698583,168.9857333090318,170.79470371277253,162410900.0,,,,,
2015-03-16,,,,,,SPY,172.28981018066406,172.38067212385542,170.04305358898614,170.74516975037025,136099200.0,,,,,
2015-03-17,,,,,,SPY,171.7776336669922,172.15759251056483,170.96813201877035,171.55460667379185,94510400.0,,,,,
2015-03-18,,,,,,SPY,173.84268188476562,174.51175032254008,170.67078274412282,171.30681621137117,228808500.0,,,,,
2015-03-19,,,,,,SPY,173.0496826171875,173.85091604621357,172.6614555905891,173.42965405316122,117917300.0,,,,,
2015-03-20,,,,,,SPY,174.57717895507812,175.083296458346,173.81385647904116,173.99639149072578,177715100.0,,,,,
2015-03-23,,,,,,SPY,174.2370147705078,175.15798235498923,174.2370147705078,174.5854872808226,71784500.0,,,,,
2015-03-24,,,,,,SPY,173.2579803466797,174.5688953590549,173.191602819688,174.11257043384242,77805300.0,,,,,
2015-03-25,,,,,,SPY,170.71908569335938,173.69771863356073,170.67761081709924,173.46540362154204,159521700.0,,,,,
2015-03-26,,,,,,SPY,170.31259155273438,171.2252543264,169.35842856999278,170.05538647415386,153067200.0,,,,,
2015-03-27,,,,,,SPY,170.7025146484375,170.8767445914697,170.00555689564965,170.1963970468826,118939000.0,,,,,
2015-03-30,,,,,,SPY,172.78506469726562,173.08375727229875,171.71475702185867,171.7313419103126,96180400.0,,,,,
2015-03-31,,,,,,SPY,171.27505493164062,172.66066580079868,171.21698248443536,171.96370781276786,126768700.0,,,,,
2015-04-01,,,,,,SPY,170.66928100585938,171.2666659960578,169.68193601760873,171.2417760098176,137303600.0,,,,,
2015-04-02,,,,,,SPY,171.28329467773438,171.73132717172223,170.42039946381973,170.60293450290862,86900900.0,,,,,
2015-04-06,,,,,,SPY,172.43655395507812,172.950963908092,170.26274398824668,170.39548636758687,114368200.0,,,,,
2015-04-07,,,,,,SPY,171.98023986816406,173.20819250095542,171.94705743385904,172.461467457011,81236300.0,,,,,
2015-04-08,,,,,,SPY,172.56101989746094,173.0007599290921,171.81429488606952,172.20425493830373,89351900.0,,,,,
2015-04-09,,,,,,SPY,173.32437133789062,173.55668638726806,171.9055910477799,172.3951111403809,85548900.0,,,,,
2015-04-10,,,,,,SPY,174.27023315429688,174.3117206984161,173.37416803447064,173.57328798988937,72722900.0,,,,,
2015-04-13,,,,,,SPY,173.48193359375,174.75967841561229,173.43215362982036,174.12909844526453,74436600.0,,,,,
2015-04-14,,,,,,SPY,173.8138885498047,173.99642359516923,172.6606058505757,173.28288096153133,75099900.0,,,,,
2015-04-15,,,,,,SPY,174.59378051757812,175.09989806919253,174.19552802686758,174.27850309836572,99529300.0,,,,,
2015-04-16,,,,,,SPY,174.54403686523438,175.05015452218305,174.0628092028716,174.26194181977996,68934900.0,,,,,
2015-04-17,,,,,,SPY,172.53611755371094,173.59813257219798,171.75619750508687,173.35752513560135,191113200.0,,,,,
2015-04-20,,,,,,SPY,174.11256408691406,174.44443904955597,173.37413153385023,173.45709394440155,92189500.0,,,,,
2015-04-21,,,,,,SPY,173.90509033203125,174.95050756556392,173.60639788527695,174.79286257141376,72559800.0,,,,,
2015-04-22,,,,,,SPY,174.75973510742188,174.94227014118775,173.3243448273341,174.24531243943684,78264600.0,,,,,
2015-04-23,,,,,,SPY,175.199462890625,175.84662790681259,174.24530025173053,174.36145775052785,102585900.0,,,,,
2015-04-24,,,,,,SPY,175.60601806640625,175.87152817072322,175.1579855906446,175.6143231698028,61327400.0,,,,,
2015-04-27,,,,,,SPY,174.87591552734375,176.2946957863419,174.685075365081,176.17024581984043,79358100.0,,,,,
2015-04-28,,,,,,SPY,175.43177795410156,175.48155793071655,173.68111036857317,174.8509904598969,86863500.0,,,,,
2015-04-29,,,,,,SPY,174.7100067138672,175.3073793114101,173.90519637105058,174.54405651764822,125684900.0,,,,,
2015-04-30,,,,,,SPY,172.95933532714844,174.52746843505437,172.26237743235072,174.1375082694705,161304900.0,,,,,
2015-05-01,,,,,,SPY,174.8344268798828,174.87591442186115,173.63965656814005,173.73921654071185,103399700.0,,,,,
2015-05-04,,,,,,SPY,175.33226013183594,175.9130477655993,175.1497250669073,175.25757748874994,70927200.0,,,,,
2015-05-05,,,,,,SPY,173.32437133789062,175.4484145411168,173.1833238193558,175.09163686228817,113326200.0,,,,,
2015-05-06,,,,,,SPY,172.6107940673828,174.1789266667018,171.54877900859634,173.8719416972736,135060200.0,,,,,
2015-05-07,,,,,,SPY,173.29949951171875,173.72265477190496,172.17941169055874,172.51128675011236,88244900.0,,,,,
2015-05-08,,,,,,SPY,175.58111572265625,175.78024828688288,174.8841707381896,174.96714580500512,155877300.0,,,,,
2015-05-11,,,,,,SPY,174.7430877685547,175.80510257500316,174.6684178197142,175.5396052034986,75708100.0,,,,,
2015-05-12,,,,,,SPY,174.22042846679688,174.7597411434483,173.0920357919156,173.91344347223256,119727600.0,,,,,
2015-05-13,,,,,,SPY,174.2536163330078,175.2492539083147,174.02130132077684,174.62697884122056,94667900.0,,,,,
2015-05-14,,,,,,SPY,176.07069396972656,176.1619615027784,174.9920811228103,175.26588372196588,95934000.0,,,,,
2015-05-15,,,,,,SPY,176.26148986816406,176.40253736481634,175.7802622947641,176.26148986816406,76510100.0,,,,,
2015-05-18,,,,,,SPY,176.80911254882812,177.0580124734228,176.02919235784495,176.0955698911435,74549700.0,,,,,
2015-05-19,,,,,,SPY,176.75103759765625,177.19908280806544,176.46894256012197,176.92528021508664,72114600.0,,,,,
2015-05-20,,,,,,SPY,176.6265411376953,177.3732660782015,176.31125108448646,176.85055102371675,76857500.0,,,,,
2015-05-21,,,,,,SPY,177.1409912109375,177.34841625919387,176.319583462163,176.48553362894427,64764600.0,,,,,
2015-05-22,,,,,,SPY,176.71783447265625,177.17415941398292,176.65145694332057,176.75930935079924,57433500.0,,,,,
2015-05-26,,,,,,SPY,174.81777954101562,176.6514220283665,174.4029295598266,176.228266945015,124308600.0,,,,,
2015-05-27,,,,,,SPY,176.4772491455078,176.70956421388289,174.86762855732204,175.2741862570893,93214000.0,,,,,
2015-05-28,,,,,,SPY,176.278076171875,176.38592856818985,175.58942361904656,176.17021111534228,74974600.0,,,,,
2015-05-29,,,,,,SPY,175.18292236328125,176.25323018911732,174.91742484828134,176.21175530193312,124919600.0,,,,,
2015-06-01,,,,,,SPY,175.53964233398438,176.17850224503937,174.7514171732241,175.84662729540608,93338800.0,,,,,
2015-06-02,,,,,,SPY,175.36544799804688,176.05410073518627,174.46107775032527,175.0833529472345,91531000.0,,,,,
2015-06-03,,,,,,SPY,175.83006286621094,176.45233800913786,175.34054279222792,175.89644040068288,87820900.0,,,,,
2015-06-04,,,,,,SPY,174.3448944091797,175.78027210602187,174.0296043048185,175.1248145661451,151882800.0,,,,,
2015-06-05,,,,,,SPY,174.04617309570312,174.71822807219536,173.39070300390694,174.1955130192715,121704700.0,,,,,
2015-06-08,,,,,,SPY,172.9759063720703,174.0877143403882,172.90123638724768,173.9383617105217,89063300.0,,,,,
2015-06-09,,,,,,SPY,172.9509735107422,173.49028614130725,172.32040602815917,172.9509735107422,105034700.0,,,,,
2015-06-10,,,,,,SPY,175.02525329589844,175.40692095542522,173.65625304064022,173.71432547087372,134551300.0,,,,,
2015-06-11,,,,,,SPY,175.5894012451172,175.97105612538695,175.23262368985672,175.464938658773,73876400.0,,,,,
2015-06-12,,,,,,SPY,174.24534606933594,175.46500645752488,173.9715434658424,174.7680612814801,135382400.0,,,,,
2015-06-15,,,,,,SPY,173.49864196777344,173.78073705038958,172.40343142083162,173.1086817875947,124384200.0,,,,,
2015-06-16,,,,,,SPY,174.44444274902344,174.52741782155275,173.17500263268036,173.3492325606859,85308200.0,,,,,
2015-06-17,,,,,,SPY,174.7265167236328,175.33220682776502,173.7059892874054,174.7265167236328,126708600.0,,,,,
2015-06-18,,,,,,SPY,176.54359436035156,177.00822441202155,174.75974412764305,175.3239341446082,165867900.0,,,,,
2015-06-19,,,,,,SPY,175.75985717773438,176.37682630299184,175.38467857961558,176.30179312772805,130478700.0,,,,,
2015-06-22,,,,,,SPY,176.66030883789062,177.24392145490066,176.45187485168697,176.67698711889116,70696000.0,,,,,
2015-06-23,,,,,,SPY,176.78533935546875,177.11884131971792,176.39349522039953,176.86871802698082,68476800.0,,,,,
2015-06-24,,,,,,SPY,175.5013885498047,176.89372583021103,175.47637749317096,176.51854725890612,92307300.0,,,,,
2015-06-25,,,,,,SPY,174.9678497314453,176.1267423437939,174.89281653941904,176.00168702375012,97107400.0,,,,,
2015-06-26,,,,,,SPY,174.93446350097656,175.56809817200963,174.384194782506,175.3263076494394,104174800.0,,,,,
2015-06-29,,,,,,SPY,171.26605224609375,174.9428311592116,171.19101905728778,173.45878205663925,202621300.0,,,,,
2015-06-30,,,,,,SPY,171.62454223632812,172.8501350423014,171.14930666095873,172.80010020136746,182925100.0,,,,,
2015-07-01,,,,,,SPY,173.0001983642578,173.44207737125143,172.21648458678231,173.19195405817197,135979900.0,,,,,
2015-07-02,,,,,,SPY,172.8417510986328,173.64214299215135,172.4248832361705,173.47539839152594,104373700.0,,,,,
2015-07-06,,,,,,SPY,172.34986877441406,173.12523697625988,171.35772111861647,171.5578222941568,117975400.0,,,,,
2015-07-07,,,,,,SPY,173.43374633789062,173.55880163478903,170.17383589953536,172.54998831500768,173820200.0,,,,,
2015-07-08,,,,,,SPY,170.52401733398438,172.3832449894244,170.29057227957045,172.0997778121791,164020100.0,,,,,
2015-07-09,,,,,,SPY,170.83248901367188,172.87515224406943,170.72411199229873,172.61668341636218,144113100.0,,,,,
2015-07-10,,,,,,SPY,172.9835205078125,173.40038845669895,170.87416970419113,172.82510865174763,129456900.0,,,,,
2015-07-13,,,,,,SPY,174.8927764892578,175.00115350121004,174.2007741926102,174.24246353034553,106069400.0,,,,,
2015-07-14,,,,,,SPY,175.6515350341797,175.96002607641583,174.79278777313695,174.85115541311302,81709600.0,,,,,
2015-07-15,,,,,,SPY,175.59307861328125,176.1516800130696,175.11784315151957,175.6931228276322,97914100.0,,,,,
2015-07-16,,,,,,SPY,177.0021514892578,177.0021514892578,176.401860564588,176.6436384017293,106683300.0,,,,,
2015-07-17,,,,,,SPY,177.15220642089844,177.21057404232326,176.58527209631774,176.99379455908894,89030000.0,,,,,
2015-07-20,,,,,,SPY,177.24388122558594,177.73578226814678,176.92707028928808,177.3772819997103,70446800.0,,,,,
2015-07-21,,,,,,SPY,176.54364013671875,177.36904355357132,176.24349459620916,177.11057464556754,77965000.0,,,,,
2015-07-22,,,,,,SPY,176.2267608642578,176.56026287200874,175.82657117675748,175.8599150166322,88667900.0,,,,,
2015-07-23,,,,,,SPY,175.23463439941406,176.4602273932913,174.87613400945932,176.36018313968574,90509100.0,,,,,
2015-07-24,,,,,,SPY,173.41709899902344,175.39304937337204,173.08360966659248,175.33469446500777,117755000.0,,,,,
2015-07-27,,,,,,SPY,172.40821838378906,173.0418657260199,171.9663394329168,172.53328638534447,132361100.0,,,,,
2015-07-28,,,,,,SPY,174.52593994140625,174.66767351979433,172.41658910232414,173.24197951304296,123544800.0,,,,,
2015-07-29,,,,,,SPY,175.72654724121094,175.95164681042806,174.50928703541234,174.65102063440906,105791300.0,,,,,
2015-07-30,,,,,,SPY,175.76821899414062,175.9349636396938,174.6009810316665,175.21795021419427,91304400.0,,,,,
2015-07-31,,,,,,SPY,175.5013885498047,176.29343502740363,175.21792142675645,176.2684239707699,103266900.0,,,,,
2015-08-03,,,,,,SPY,174.9094696044922,175.52643882350162,173.9590110746571,175.4680839189179,113965700.0,,,,,
2015-08-04,,,,,,SPY,174.56761169433594,175.29295779354038,174.08404338759993,174.83440054389425,81820800.0,,,,,
2015-08-05,,,,,,SPY,175.1429443359375,176.17676893261617,174.85946440032282,175.4597553953376,85786800.0,,,,,
2015-08-06,,,,,,SPY,173.70892333984375,175.43475046954953,173.12529788629934,175.32636070443925,116030800.0,,,,,
2015-08-07,,,,,,SPY,173.3753662109375,173.70052268121708,172.47492997282495,173.55045633576466,117858000.0,,,,,
2015-08-10,,,,,,SPY,175.55982971191406,175.64319569501873,174.48430293888842,174.48430293888842,80270700.0,,,,,
2015-08-11,,,,,,SPY,173.97572326660156,174.64271474005895,173.21702030652125,174.22584665937362,126081400.0,,,,,
2015-08-12,,,,,,SPY,174.1841278076172,174.36755074979908,171.2160296112949,172.67506764659507,172123700.0,,,,,
2015-08-13,,,,,,SPY,173.96734619140625,174.7093706772288,173.42541019141387,174.02570109250638,89383300.0,,,,,
2015-08-14,,,,,,SPY,174.60104370117188,174.67607691033228,173.63390659930786,173.77564023499053,72786500.0,,,,,
2015-08-17,,,,,,SPY,175.57643127441406,175.57643127441406,173.5504592460368,174.00901651227431,79072600.0,,,,,
2015-08-18,,,,,,SPY,175.06787109375,175.6514837139726,174.83442604566096,175.30131614183904,71692700.0,,,,,
2015-08-19,,,,,,SPY,173.68382263183594,175.09282524203138,172.87509800603914,174.3257899445142,172946000.0,,,,,
2015-08-20,,,,,,SPY,170.05715942382812,173.65889288945445,169.99879178827263,172.1748435960607,194327900.0,,,,,
2015-08-21,,,,,,SPY,164.9380645751953,170.0321942112314,164.67960834073017,168.18963126976848,346588500.0,,,,,
2015-08-24,,,,,,SPY,157.9929962158203,164.6462069534633,152.07346461980424,156.31719117881585,507244300.0,,,,,
2015-08-25,,,,,,SPY,156.1337127685547,162.95366576557146,155.84190013873254,162.93698748683326,369833100.0,,,,,
2015-08-26,,,,,,SPY,162.12828063964844,162.40340227776665,157.05081959287378,160.14398522546526,339257000.0,,,,,
2015-08-27,,,,,,SPY,166.13856506347656,166.26362036631141,162.75359916753715,164.2626591901485,274143900.0,,,,,
2015-08-28,,,,,,SPY,166.1468963623047,166.61378645112822,165.01301498010434,165.49658334975751,160414400.0,,,,,
2015-08-31,,,,,,SPY,164.80459594726562,166.02185612224434,164.2543271261738,165.1714418279935,163298800.0,,,,,
2015-09-01,,,,,,SPY,159.8855743408203,162.38678262332616,159.01848167867516,161.01111043486603,256000400.0,,,,,
2015-09-02,,,,,,SPY,162.92039489746094,162.96208425207837,160.42751906427594,162.2617361711984,160269300.0,,,,,
2015-09-03,,,,,,SPY,163.03704833984375,165.12138796903685,162.54514724058606,163.62899367032688,152087800.0,,,,,
2015-09-04,,,,,,SPY,160.56919860839844,161.62804679436817,159.75214096468508,160.78597809066974,207081000.0,,,,,
2015-09-08,,,,,,SPY,164.60452270507812,164.75460182807,162.72028357771953,163.36226397812123,116025700.0,,,,,
2015-09-09,,,,,,SPY,162.40347290039062,166.305365030235,162.03663964944573,166.18030968579984,149347700.0,,,,,
2015-09-10,,,,,,SPY,163.28717041015625,164.42938444737737,161.95318796879775,162.2116440453836,158611100.0,,,,,
2015-09-11,,,,,,SPY,164.0292205810547,164.0959209857846,162.1866584755701,162.8953391442491,119691200.0,,,,,
2015-09-14,,,,,,SPY,163.42054748535156,164.25428327467455,162.93697920092842,164.20426116280294,79452000.0,,,,,
2015-09-15,,,,,,SPY,165.46324157714844,165.90512061114862,163.37890171043026,163.92082498705662,113806200.0,,,,,
2015-09-16,,,,,,SPY,166.89723205566406,167.08900045592938,165.4215287987995,165.76336354174293,99581600.0,,,,,
2015-09-17,,,,,,SPY,166.52207946777344,169.15668815047755,166.14690083072153,166.76387002000322,276046600.0,,,,,
2015-09-18,,,,,,SPY,163.80088806152344,166.50785238419843,163.3902416722408,164.0187945909634,223657500.0,,,,,
2015-09-21,,,,,,SPY,164.64732360839844,165.66975777619078,163.5997355626022,164.63055861904252,105726200.0,,,,,
2015-09-22,,,,,,SPY,162.5102081298828,162.97114933314833,161.3788081571345,162.48506704497171,153890900.0,,,,,
2015-09-23,,,,,,SPY,162.25042724609375,163.14715588396928,161.67215665007348,162.67783852718148,92790600.0,,,,,
2015-09-24,,,,,,SPY,161.66380310058594,162.12474445816738,159.70272109335767,161.03525019150445,159378800.0,,,,,
2015-09-25,,,,,,SPY,161.62188720703125,163.42373351263564,160.7502868003842,163.12202764694086,155054800.0,,,,,
2015-09-28,,,,,,SPY,157.56564331054688,160.8341262073183,157.25556129169289,160.7251729410433,178515900.0,,,,,
2015-09-29,,,,,,SPY,157.65782165527344,159.01550458938314,156.6605156934075,157.78353990565944,159045600.0,,,,,
2015-09-30,,,,,,SPY,160.59950256347656,160.76711415656476,158.76412556749034,159.54352522992565,163452000.0,,,,,
2015-10-01,,,,,,SPY,161.01846313476562,161.32016897733686,159.082522639908,160.97655705897594,131079000.0,,,,,
2015-10-02,,,,,,SPY,163.4237518310547,163.44889292368572,158.49589306831552,159.04064658051715,211003300.0,,,,,
2015-10-05,,,,,,SPY,166.3318328857422,166.55811547378664,164.5383627458455,164.64731598970752,126320800.0,,,,,
2015-10-06,,,,,,SPY,165.761962890625,166.75926885770076,165.09989280505525,166.19776314261216,110274500.0,,,,,
2015-10-07,,,,,,SPY,167.11962890625,167.4716169552266,165.50214631315984,166.69220479911124,124307300.0,,,,,
2015-10-08,,,,,,SPY,168.62815856933594,168.9130994493407,166.43240532450972,166.7341111939089,153055200.0,,,,,
2015-10-09,,,,,,SPY,168.72872924804688,169.20642276618494,168.10017639559013,168.77063532913212,107069200.0,,,,,
2015-10-12,,,,,,SPY,168.88796997070312,169.089098705504,168.37674645651603,168.8041578059088,56395600.0,,,,,
2015-10-13,,,,,,SPY,167.82357788085938,169.4242952258818,167.65596637814147,168.15880088629515,88038700.0,,,,,
2015-10-14,,,,,,SPY,167.01905822753906,168.34321110380344,166.72574123600018,167.76494043382095,99106200.0,,,,,
2015-10-15,,,,,,SPY,169.58355712890625,169.59193322957273,167.3123806301731,167.68113366653773,134142200.0,,,,,
2015-10-16,,,,,,SPY,170.3545684814453,170.37132068160702,169.22316836151685,169.98581547086303,114580100.0,,,,,
2015-10-19,,,,,,SPY,170.43836975097656,170.43836975097656,169.3991706600181,169.7092526096829,76523900.0,,,,,
2015-10-20,,,,,,SPY,170.220458984375,170.83224672217682,169.7511416628866,170.00256531023766,78448500.0,,,,,
2015-10-21,,,,,,SPY,169.16452026367188,170.79036614497844,168.9968959484565,170.6395196068124,102038000.0,,,,,
2015-10-22,,,,,,SPY,172.02235412597656,172.23187176059804,169.1645433085749,170.1115543212638,174911700.0,,,,,
2015-10-23,,,,,,SPY,173.9080352783203,174.27678840890798,172.89397695714746,173.69014151385633,144442300.0,,,,,
2015-10-26,,,,,,SPY,173.48062133789062,173.79070338050738,173.1118682126474,173.73204508582398,69033000.0,,,,,
2015-10-27,,,,,,SPY,173.14541625976562,173.480639433348,172.46656823315317,172.81018029823892,77905800.0,,,,,
2015-10-28,,,,,,SPY,175.11485290527344,175.13999400075386,172.81854759844293,173.48061775933203,135906700.0,,,,,
2015-10-29,,,,,,SPY,175.0142364501953,175.38298945811434,174.49463691427613,174.6119662542559,90525500.0,,,,,
2015-10-30,,,,,,SPY,174.25997924804688,175.5254737879926,174.10075660741566,175.20700293085025,131076900.0,,,,,
2015-11-02,,,,,,SPY,176.32162475585938,176.514377360471,174.46110751012557,174.58682573847673,86270800.0,,,,,
2015-11-03,,,,,,SPY,176.83282470703125,177.38595414725773,175.74333081238626,175.96961336301297,95246100.0,,,,,
2015-11-04,,,,,,SPY,176.29644775390625,177.25184727022832,175.7600833375138,177.126141855424,96224500.0,,,,,
2015-11-05,,,,,,SPY,176.12046813964844,176.8160680220549,175.23211566918215,176.35512680022677,78408700.0,,,,,
2015-11-06,,,,,,SPY,176.0283203125,176.26299181489833,174.70418019003608,175.77690939553904,110471500.0,,,,,
2015-11-09,,,,,,SPY,174.38568115234375,175.56736342301136,173.43865755824206,175.41650410925396,131008700.0,,,,,
2015-11-10,,,,,,SPY,174.7880096435547,174.82153963021315,173.63985696539157,173.9080329189441,75874600.0,,,,,
2015-11-11,,,,,,SPY,174.10073852539062,175.10642038441057,174.03369136306415,175.05613820965038,67846000.0,,,,,
2015-11-12,,,,,,SPY,171.6703338623047,173.5308511321067,171.65358166199235,173.06153376457812,121315200.0,,,,,
2015-11-13,,,,,,SPY,169.74278259277344,171.52787673580528,169.65898322089475,171.25970084267732,153577100.0,,,,,
2015-11-16,,,,,,SPY,172.3240203857422,172.38269144815004,169.44105635054686,169.55839847536257,117645200.0,,,,,
2015-11-17,,,,,,SPY,172.19833374023438,173.51409767680042,171.703875251433,172.63413394816544,121123700.0,,,,,
2015-11-18,,,,,,SPY,174.93043518066406,175.07290561750696,172.63413041421526,172.67602370486216,121342500.0,,,,,
2015-11-19,,,,,,SPY,174.7795867919922,175.19862199754098,174.48625703293217,174.81310398174264,88220500.0,,,,,
2015-11-20,,,,,,SPY,175.41656494140625,176.09540011887867,175.0394357081375,175.5338943203775,94011500.0,,,,,
2015-11-23,,,,,,SPY,175.2153778076172,175.9780121229308,174.75443654807228,175.47517757537733,64931200.0,,,,,
2015-11-24,,,,,,SPY,175.45004272460938,175.85231293454058,173.82418410838238,174.2096893297508,98874400.0,,,,,
2015-11-25,,,,,,SPY,175.42489624023438,175.77688426159057,175.16508368329,175.57574276884174,51980100.0,,,,,
2015-11-27,,,,,,SPY,175.62606811523438,175.8272096574253,175.0394212687719,175.51711484805486,37317800.0,,,,,
2015-11-30,,,,,,SPY,174.89695739746094,175.90263957043769,174.7880041261747,175.78531019672278,112822700.0,,,,,
2015-12-01,,,,,,SPY,176.56468200683594,176.68202415007264,175.24891800729733,175.5254827993396,97858400.0,,,,,
2015-12-02,,,,,,SPY,174.7627716064453,176.83280595032042,174.5113479977439,176.51433519343627,108441300.0,,,,,
2015-12-03,,,,,,SPY,172.31570434570312,175.2824687767535,171.5949630856936,175.0142928223939,166224200.0,,,,,
2015-12-04,,,,,,SPY,175.67636108398438,175.96969091918655,172.31570246678578,172.31570246678578,192913900.0,,,,,
2015-12-07,,,,,,SPY,174.6119842529297,175.76851278396063,173.6481955578069,175.34947755684817,102027100.0,,,,,
2015-12-08,,,,,,SPY,173.43870544433594,174.561716961954,172.4581643919731,173.05320013551412,103372400.0,,,,,
2015-12-09,,,,,,SPY,172.08941650390625,174.8885692805868,171.11725152428724,172.8017816397177,162401500.0,,,,,
2015-12-10,,,,,,SPY,172.5335693359375,173.84095726678345,171.9217814530039,172.15644016941516,116128900.0,,,,,
2015-12-11,,,,,,SPY,169.18972778320312,171.0837630821673,168.8796329086524,170.42169281369792,211173300.0,,,,,
2015-12-14,,,,,,SPY,170.04446411132812,170.1701823330511,167.57215920603662,169.3488769938021,182385200.0,,,,,
2015-12-15,,,,,,SPY,171.82957458496094,172.7346921593939,170.01933943609507,171.55300981600035,154069600.0,,,,,
2015-12-16,,,,,,SPY,174.34381103515625,174.64551693695873,171.63684680850224,172.9526108886259,197017000.0,,,,,
2015-12-17,,,,,,SPY,171.68707275390625,174.7208829813868,171.67030776820306,174.65383582651123,173092500.0,,,,,
2015-12-18,,,,,,SPY,168.62847900390625,171.08176821443183,168.4682959121305,170.9468886997138,251393500.0,,,,,
2015-12-21,,,,,,SPY,170.01954650878906,170.1965943918638,168.6875130023776,169.80035600673932,99094300.0,,,,,
2015-12-22,,,,,,SPY,171.56231689453125,171.85739236404658,169.9183562341986,170.9047326303982,111026200.0,,,,,
2015-12-23,,,,,,SPY,173.68685913085938,173.7290146149224,172.47285322851093,172.56559014783053,110987200.0,,,,,
2015-12-24,,,,,,SPY,173.40017700195312,173.94817246379162,173.18098653564485,173.43390652848993,48539600.0,,,,,
2015-12-28,,,,,,SPY,173.0040283203125,173.0461709511175,171.9333404984164,172.70895272037194,65899900.0,,,,,
2015-12-29,,,,,,SPY,174.85020446777344,175.17899653638057,174.06616679034204,174.0998834463857,92640700.0,,,,,
2015-12-30,,,,,,SPY,173.61093139648438,174.6900574939759,173.46761307717205,174.6057465465948,63317700.0,,,,,
2015-12-31,,,,,,SPY,171.874267578125,173.577248708989,171.874267578125,172.93652912124026,114877900.0,,,,,
2016-01-04,,,,,,SPY,169.47157287597656,169.4799988274123,167.42293464087555,169.02475303297206,222353500.0,,,,,
2016-01-05,,,,,,SPY,169.75814819335938,170.21339382314133,168.65374434447867,169.7918648509552,110845800.0,,,,,
2016-01-06,,,,,,SPY,167.61683654785156,168.66222047693086,166.58830452056264,167.2121593520333,152112600.0,,,,,
2016-01-07,,,,,,SPY,163.595458984375,166.45342598970592,163.20764652208442,164.6745725350337,213436100.0,,,,,
2016-01-08,,,,,,SPY,161.79969787597656,165.11292267031985,161.51306122906905,164.55650127523245,209817200.0,,,,,
2016-01-11,,,,,,SPY,161.95989990234375,163.0558780579135,160.02930242058451,162.71864708325168,187941300.0,,,,,
2016-01-12,,,,,,SPY,163.26666259765625,164.01698392014976,161.14215222113893,163.40155500404893,172330500.0,,,,,
2016-01-13,,,,,,SPY,159.1946563720703,164.27829548813105,158.8152828146417,163.93263859321036,221168900.0,,,,,
2016-01-14,,,,,,SPY,161.80813598632812,162.92940481013775,158.20828713856892,159.80166644313084,240795600.0,,,,,
2016-01-15,,,,,,SPY,158.3347625732422,159.13566531111854,156.40416490555924,157.4579876827775,324846400.0,,,,,
2016-01-19,,,,,,SPY,158.54554748535156,160.27381963470282,156.97745847695202,160.14736603081948,195244400.0,,,,,
2016-01-20,,,,,,SPY,156.5137481689453,158.07341096946286,152.61039748829143,155.99105620650136,286547800.0,,,,,
2016-01-21,,,,,,SPY,157.3905029296875,159.22836322824276,155.6622314255676,156.98583868428858,195772900.0,,,,,
2016-01-22,,,,,,SPY,160.61944580078125,160.82177152815098,159.23683091955206,159.99557812528212,168319600.0,,,,,
2016-01-25,,,,,,SPY,158.1914520263672,160.30752363639772,157.9975522277229,160.11362383775347,130371700.0,,,,,
2016-01-26,,,,,,SPY,160.34963989257812,160.62785059511515,158.51177950278483,158.84899758001725,141036800.0,,,,,
2016-01-27,,,,,,SPY,158.60452270507812,161.49620578116728,157.70244437337146,159.82695436366987,185681700.0,,,,,
2016-01-28,,,,,,SPY,159.43075561523438,160.3496860747916,157.78679450317122,160.14736031579847,143798800.0,,,,,
2016-01-29,,,,,,SPY,163.31723022460938,163.45212261959614,160.07988992920824,160.19791755880993,210529300.0,,,,,
2016-02-01,,,,,,SPY,163.2582244873047,164.0422753468065,161.73229111753486,162.31400336657373,136061600.0,,,,,
2016-02-02,,,,,,SPY,160.3159637451172,161.84189715589827,159.7932588700517,161.83347120425384,182564900.0,,,,,
2016-02-03,,,,,,SPY,161.2770233154297,161.68168761708515,157.7361817318406,161.3697602245639,205054900.0,,,,,
2016-02-04,,,,,,SPY,161.5299530029297,162.49946476772794,160.14733809741855,160.77963173464707,139531800.0,,,,,
2016-02-05,,,,,,SPY,158.4528045654297,161.58898246369031,157.8205108418134,161.0157089956883,180788300.0,,,,,
2016-02-08,,,,,,SPY,156.31985473632812,156.9099929217756,154.1110463004901,156.61493026107567,191526700.0,,,,,
2016-02-09,,,,,,SPY,156.32821655273438,157.60124218483966,154.4482010817963,154.5830934300002,184513100.0,,,,,
2016-02-10,,,,,,SPY,156.19337463378906,158.7815562592034,156.0669082029163,157.15446033381306,148214100.0,,,,,
2016-02-11,,,,,,SPY,154.16159057617188,155.20698715558402,152.66937427376337,153.72319680234816,219058900.0,,,,,
2016-02-12,,,,,,SPY,157.33995056152344,157.3568024628288,155.08898678876355,155.9320449597169,127632400.0,,,,,
2016-02-16,,,,,,SPY,159.99559020996094,160.02088092779238,158.18302015711848,159.14410602685712,120250700.0,,,,,
2016-02-17,,,,,,SPY,162.60903930664062,162.97998690347998,161.03251202007326,161.15897844483843,136009500.0,,,,,
2016-02-18,,,,,,SPY,161.9430389404297,162.93785425898483,161.63111153758322,162.8788340130157,102343000.0,,,,,
2016-02-19,,,,,,SPY,161.8671417236328,162.0188859942573,160.56039920461745,161.16740201520466,114793000.0,,,,,
2016-02-22,,,,,,SPY,164.21083068847656,164.35414899997147,163.37619866548928,163.44364484690635,103640300.0,,,,,
2016-02-23,,,,,,SPY,162.13693237304688,163.8230484940775,162.01889189509143,163.55326373997096,111455300.0,,,,,
2016-02-24,,,,,,SPY,162.8788299560547,163.15704068573677,159.6077731227988,160.71217722714357,150812200.0,,,,,
2016-02-25,,,,,,SPY,164.8515167236328,164.85995553462794,162.5668372871147,163.32558416228903,110728300.0,,,,,
2016-02-26,,,,,,SPY,164.4722137451172,165.81267313539044,164.312030636082,165.71994908705076,129833700.0,,,,,
2016-02-29,,,,,,SPY,163.18234252929688,165.43330637127323,162.98844274594833,164.48908530726592,125918100.0,,,,,
2016-03-01,,,,,,SPY,167.01828002929688,167.10259100476583,163.93268356943548,164.4047941583446,141799700.0,,,,,
2016-03-02,,,,,,SPY,167.7685546875,167.81913611307817,166.29320307592653,166.70630615822336,102415000.0,,,,,
2016-03-03,,,,,,SPY,168.4261474609375,168.44301222499766,167.0182419669896,167.59151530457737,95172200.0,,,,,
2016-03-04,,,,,,SPY,168.97410583496094,169.74973050186918,167.7938298010466,168.62002302478663,129293600.0,,,,,
2016-03-07,,,,,,SPY,169.1090087890625,169.51368590949613,167.97931410528602,168.05518624135055,100219000.0,,,,,
2016-03-08,,,,,,SPY,167.26275634765625,168.54420852554634,167.1025860814623,168.038381279782,123974900.0,,,,,
2016-03-09,,,,,,SPY,168.0889129638672,168.4345569770791,167.28799754972553,168.07204820145247,94801200.0,,,,,
2016-03-10,,,,,,SPY,168.2238311767578,169.51372208535355,166.40283520236756,168.57792694871588,156838700.0,,,,,
2016-03-11,,,,,,SPY,170.93846130371094,170.98061678289588,168.20696120355464,169.67387411243973,137964500.0,,,,,
2016-03-14,,,,,,SPY,170.71925354003906,171.17449922263276,170.1038247711853,170.43261689307099,73612000.0,,,,,
2016-03-15,,,,,,SPY,170.44107055664062,170.74457201573492,169.49684951236813,169.75819548969022,93169100.0,,,,,
2016-03-16,,,,,,SPY,171.42745971679688,171.83213693477836,169.9183911248905,169.96054660976955,129303200.0,,,,,
2016-03-17,,,,,,SPY,172.51504516601562,173.02087248951335,170.94695602147704,171.34319450011125,134278500.0,,,,,
2016-03-18,,,,,,SPY,173.19288635253906,173.53184366636853,172.7013891962115,173.01492535802336,138372400.0,,,,,
2016-03-21,,,,,,SPY,173.43865966796875,173.66746300768244,172.70142026604074,172.93022360575443,72926700.0,,,,,
2016-03-22,,,,,,SPY,173.34547424316406,173.91323505526816,172.50655007068661,172.66754644663476,97471900.0,,,,,
2016-03-23,,,,,,SPY,172.20144653320312,173.15053748796785,172.0319549223713,172.96410706036843,81052500.0,,,,,
2016-03-24,,,,,,SPY,172.1251983642578,172.15910186414206,170.95578622618342,171.17610725384458,84360900.0,,,,,
2016-03-28,,,,,,SPY,172.22683715820312,172.7522248535421,171.77771291598262,172.54037330795157,62408200.0,,,,,
2016-03-29,,,,,,SPY,173.8199920654297,173.93015903226305,171.51504568353033,171.8201124967345,92922900.0,,,,,
2016-03-30,,,,,,SPY,174.58267211914062,175.3029598090337,174.21828063922183,174.81994487938724,86365300.0,,,,,
2016-03-31,,,,,,SPY,174.15895080566406,174.91314191454202,173.99794153572478,174.48943875381522,94584100.0,,,,,
2016-04-01,,,,,,SPY,175.34535217285156,175.53178263807487,172.8539749834099,173.16752418241117,114423500.0,,,,,
2016-04-04,,,,,,SPY,174.7775115966797,175.47239081907,174.47244487740437,175.2690086960894,63497000.0,,,,,
2016-04-05,,,,,,SPY,173.03189086914062,174.7860151498737,172.77766639834624,173.43864226417537,99662200.0,,,,,
2016-04-06,,,,,,SPY,174.9216766357422,174.9810013069841,172.85400237049603,173.0319634538226,91839800.0,,,,,
2016-04-07,,,,,,SPY,172.82850646972656,174.1928310839261,172.0997365590909,173.83692200157756,113859000.0,,,,,
2016-04-08,,,,,,SPY,173.29458618164062,174.4385898444838,172.76071608159464,174.0064043614394,95040600.0,,,,,
2016-04-11,,,,,,SPY,172.8878936767578,174.62507974786493,172.79467843595503,173.93020014726278,83757500.0,,,,,
2016-04-12,,,,,,SPY,174.4979248046875,174.7775704690855,172.6166815572068,173.0573365069002,115350600.0,,,,,
2016-04-13,,,,,,SPY,176.26055908203125,176.3453049075951,175.2775643992399,175.41315254798303,96336400.0,,,,,
2016-04-14,,,,,,SPY,176.26901245117188,176.76899208786213,175.92158563093162,176.31986770012065,65212900.0,,,,,
2016-04-15,,,,,,SPY,176.07408142089844,176.40456936338802,175.75206288653632,176.26898125098356,75761600.0,,,,,
2016-04-18,,,,,,SPY,177.31134033203125,177.34523090258335,175.41314512118754,176.07412115532838,82531000.0,,,,,
2016-04-19,,,,,,SPY,177.8705596923828,178.12478414344164,177.05705696546582,177.73498452482514,88316100.0,,,,,
2016-04-20,,,,,,SPY,178.0400848388672,178.73495134365143,177.4384206222998,177.91296612418077,81100300.0,,,,,
2016-04-21,,,,,,SPY,177.08253479003906,178.16721405999155,176.8113585073525,178.05704707885053,85695000.0,,,,,
2016-04-22,,,,,,SPY,177.08253479003906,177.35369814232877,176.18428598183434,176.7266256168106,99251700.0,,,,,
2016-04-25,,,,,,SPY,176.7774658203125,176.81983873027448,175.87073468263387,176.48086838097544,66166500.0,,,,,
2016-04-26,,,,,,SPY,177.04005432128906,177.5485030772268,176.565509045288,177.141738900321,75864200.0,,,,,
2016-04-27,,,,,,SPY,177.40455627441406,177.79435602411078,176.30292523630249,176.6588344153114,77329400.0,,,,,
2016-04-28,,,,,,SPY,175.79446411132812,177.75197092687552,175.37924322948243,176.65035289468423,97216200.0,,,,,
2016-04-29,,,,,,SPY,174.8453826904297,175.5233104687304,173.74375166699065,175.1758707044217,142424100.0,,,,,
2016-05-02,,,,,,SPY,176.23512268066406,176.41307079640367,174.91317067072708,175.34534331077683,62188000.0,,,,,
2016-05-03,,,,,,SPY,174.70135498046875,175.2436947096701,173.95563300391726,175.00642188629445,106422100.0,,,,,
2016-05-04,,,,,,SPY,173.72674560546875,174.43857666186707,173.22677903580248,173.70980679084445,92243800.0,,,,,
2016-05-05,,,,,,SPY,173.69288635253906,174.54876213947264,173.26918316349162,174.1928530123202,67619200.0,,,,,
2016-05-06,,,,,,SPY,174.32846069335938,174.3708336030968,172.7692358860361,172.92176284461493,89315000.0,,,,,
2016-05-09,,,,,,SPY,174.47251892089844,174.90469156894966,174.02339452280697,174.20135557223787,74374900.0,,,,,
2016-05-10,,,,,,SPY,176.64186096191406,176.65881271037375,175.1080574513968,175.1758515148401,77472200.0,,,,,
2016-05-11,,,,,,SPY,174.98939514160156,176.7180982468476,174.98939514160156,176.18424108823578,81727000.0,,,,,
2016-05-12,,,,,,SPY,175.04025268554688,175.82834731079288,174.03183706537783,175.65885569735008,89586300.0,,,,,
2016-05-13,,,,,,SPY,173.51492309570312,175.29448163900955,173.1929174688306,174.74367267247877,96474600.0,,,,,
2016-05-16,,,,,,SPY,175.22666931152344,175.70121475883096,173.62507196166376,173.68439660777403,77486800.0,,,,,
2016-05-17,,,,,,SPY,173.5911865234375,175.2436262299386,173.06578582235952,174.95551118991153,114924900.0,,,,,
2016-05-18,,,,,,SPY,173.64205932617188,174.81995377820982,172.55738010114683,173.2437772589709,120062100.0,,,,,
2016-05-19,,,,,,SPY,173.0403594970703,173.32847452848824,171.83704413315402,172.92172313528684,115430500.0,,,,,
2016-05-20,,,,,,SPY,174.13357543945312,174.65049394868106,173.59970517882817,173.65054750262146,104990400.0,,,,,
2016-05-23,,,,,,SPY,173.89625549316406,174.4301126786471,173.7098250695369,174.15046704320636,58682600.0,,,,,
2016-05-24,,,,,,SPY,176.15037536621094,176.46392454670195,174.68436582204296,174.7097869812184,93537800.0,,,,,
2016-05-25,,,,,,SPY,177.34521484375,177.76044864519628,176.15036868622988,176.82829640945806,76621400.0,,,,,
2016-05-26,,,,,,SPY,177.39608764648438,177.7096368689698,177.08255135439703,177.4808334753503,55280700.0,,,,,
2016-05-27,,,,,,SPY,178.1587371826172,178.16720659219732,177.5062305938494,177.55707291212292,64211200.0,,,,,
2016-05-31,,,,,,SPY,177.8197784423828,178.5400791459648,177.26048704410013,178.42991216225533,109879400.0,,,,,
2016-06-01,,,,,,SPY,178.1841583251953,178.36210643913597,177.0147332834286,177.2096331469243,69936200.0,,,,,
2016-06-02,,,,,,SPY,178.7264862060547,178.74342502410155,177.31131907541297,177.78586458863467,63044700.0,,,,,
2016-06-03,,,,,,SPY,178.19259643554688,178.54003612321796,176.98928103642675,178.16717528087767,101757100.0,,,,,
2016-06-06,,,,,,SPY,179.09933471679688,179.45524382712608,178.38750356574386,178.54851283883448,64887000.0,,,,,
2016-06-07,,,,,,SPY,179.3789825439453,179.93827387747152,179.2264555968358,179.25187675468737,60974800.0,,,,,
2016-06-08,,,,,,SPY,179.9636993408203,180.09081806351512,179.38746917520425,179.5145749675031,66170900.0,,,,,
2016-06-09,,,,,,SPY,179.71795654296875,179.836592925502,178.96376534035116,179.2349286731146,73786900.0,,,,,
2016-06-10,,,,,,SPY,178.01466369628906,178.68410904426875,177.4723112022157,178.34515166586806,113829200.0,,,,,
2016-06-13,,,,,,SPY,176.64186096191406,178.26887969336636,176.55712808040656,177.41300388688646,117751200.0,,,,,
2016-06-14,,,,,,SPY,176.29444885253906,176.88764376799406,175.34535767644707,176.26055828070614,125059300.0,,,,,
2016-06-15,,,,,,SPY,176.04867553710938,177.413000326839,175.86224509898022,176.29441769806408,109124500.0,,,,,
2016-06-16,,,,,,SPY,176.57406616210938,176.74355778520848,174.2182774214604,176.0486783356093,149533100.0,,,,,
2016-06-17,,,,,,SPY,175.91644287109375,176.49566953304955,175.26054315288454,176.47011618017717,117055700.0,,,,,
2016-06-20,,,,,,SPY,177.0493621826172,178.54854859459653,176.96417567156655,177.87562194878873,82789600.0,,,,,
2016-06-21,,,,,,SPY,177.55191040039062,177.9607770162531,176.98971068005758,177.4326570958626,72461700.0,,,,,
2016-06-22,,,,,,SPY,177.26234436035156,178.4548777236498,177.1175246684293,177.73083125459377,95560500.0,,,,,
2016-06-23,,,,,,SPY,179.57077026367188,179.62187698505792,178.2589834234159,178.71895691353055,102731400.0,,,,,
2016-06-24,,,,,,SPY,173.12249755859375,179.6047957109169,172.67955111125858,173.45470414468605,333444400.0,,,,,
2016-06-27,,,,,,SPY,170.02188110351562,171.72550711458237,169.21264835015094,171.71698066604066,230775800.0,,,,,
2016-06-28,,,,,,SPY,173.0884246826172,173.1139780365979,171.31665182001268,171.623305065418,159382400.0,,,,,
2016-06-29,,,,,,SPY,176.03575134277344,176.26573159068695,174.3832313518315,174.48544479534866,137328600.0,,,,,
2016-06-30,,,,,,SPY,178.43783569335938,178.48894240865778,175.9505425669414,176.5042289771642,165021900.0,,,,,
2016-07-01,,,,,,SPY,178.81263732910156,179.29817712440217,178.27599081800903,178.43783741644256,106055300.0,,,,,
2016-07-05,,,,,,SPY,177.5263671875,178.0970803915935,176.930100630808,177.9863405319092,109803700.0,,,,,
2016-07-06,,,,,,SPY,178.5912322998047,178.71048567709084,176.37651186718367,177.0324119410792,96021500.0,,,,,
2016-07-07,,,,,,SPY,178.48045349121094,179.43448030163498,177.71382666106882,178.77006691614102,85593800.0,,,,,
2016-07-08,,,,,,SPY,181.1381072998047,181.38514045492198,179.54522046270415,179.7752137111415,133971000.0,,,,,
2016-07-11,,,,,,SPY,181.7769012451172,182.347627431479,181.39358796882487,181.59802778174412,73633900.0,,,,,
2016-07-12,,,,,,SPY,183.09727478027344,183.39541464824282,181.80251486451039,182.73951473729417,101275600.0,,,,,
2016-07-13,,,,,,SPY,183.0717315673828,183.52319162266443,182.58620469558443,183.51467816794545,87324100.0,,,,,
2016-07-14,,,,,,SPY,184.0938720703125,184.56237194878827,183.70204526114256,184.33237873614772,91230900.0,,,,,
2016-07-15,,,,,,SPY,183.84683227539062,184.85196554560372,183.4038858015429,184.65605216198605,107155400.0,,,,,
2016-07-18,,,,,,SPY,184.3408966064453,184.50274319307965,183.7105501631425,183.96609672111055,58725900.0,,,,,
2016-07-19,,,,,,SPY,184.15350341796875,184.18757022804962,183.6764900910065,183.92351020759827,54345700.0,,,,,
2016-07-20,,,,,,SPY,184.92002868652344,185.15853521917444,184.15340240266394,184.15340240266394,58159500.0,,,,,
2016-07-21,,,,,,SPY,184.2216033935547,185.03082315388576,183.77865698882087,184.80935645033637,67777300.0,,,,,
2016-07-22,,,,,,SPY,185.0478973388672,185.0990040493372,184.07683084702495,184.34089084954488,62787500.0,,,,,
2016-07-25,,,,,,SPY,184.5453338623047,184.89458041130248,183.96610709603976,184.84347369635424,55873100.0,,,,,
2016-07-26,,,,,,SPY,184.6304931640625,184.98825311359136,183.78719349883522,184.44309323845644,70080500.0,,,,,
2016-07-27,,,,,,SPY,184.4346160888672,185.0734760525525,183.66797633386125,185.0053294300427,84083900.0,,,,,
2016-07-28,,,,,,SPY,184.6475372314453,184.93715057841146,183.77868419290988,184.23865756764218,65035700.0,,,,,
2016-07-29,,,,,,SPY,184.94566345214844,185.3034234086294,184.1023767681707,184.38347666204226,79519400.0,,,,,
2016-08-01,,,,,,SPY,184.79238891601562,185.39716911154125,184.34092888353362,185.00534225200298,73311400.0,,,,,
2016-08-02,,,,,,SPY,183.60841369628906,184.69873400281884,182.77364005483668,184.5454008047151,92295500.0,,,,,
2016-08-03,,,,,,SPY,184.14495849609375,184.20459165480156,183.25056509657313,183.548691897201,53993600.0,,,,,
2016-08-04,,,,,,SPY,184.3408966064453,184.65606332927777,182.50097698624077,184.25571008791,46585500.0,,,,,
2016-08-05,,,,,,SPY,185.8485870361328,185.89118029320792,184.3408871172442,184.3408871172442,71892200.0,,,,,
2016-08-08,,,,,,SPY,185.7378692626953,186.1382225030644,185.47380925258756,186.03599608154948,39906500.0,,,,,
2016-08-09,,,,,,SPY,185.8485870361328,186.3426402234022,185.52490687716386,185.80600677669491,51251700.0,,,,,
2016-08-10,,,,,,SPY,185.38865661621094,186.03603008181074,185.0394100239515,185.95936999989237,57941100.0,,,,,
2016-08-11,,,,,,SPY,186.24893188476562,186.49596496611446,185.65266530542866,185.91672529073242,72504300.0,,,,,
2016-08-12,,,,,,SPY,186.08709716796875,186.30005044482607,185.68674396766605,185.9422775017856,61313500.0,,,,,
2016-08-15,,,,,,SPY,186.6237030029297,186.97294944478733,186.44482955548477,186.45334300615156,49813500.0,,,,,
2016-08-16,,,,,,SPY,185.66122436523438,186.2745179562473,185.66122436523438,186.20638433318723,53213600.0,,,,,
2016-08-17,,,,,,SPY,186.0104522705078,186.14674550776292,184.86051219996892,185.69528553228906,75134300.0,,,,,
2016-08-18,,,,,,SPY,186.4278564453125,186.4619232578189,185.8741830080184,185.98490989689367,52989300.0,,,,,
2016-08-19,,,,,,SPY,186.1552734375,186.3341599500134,185.47383319350868,185.95936001723447,75443000.0,,,,,
2016-08-22,,,,,,SPY,186.14674377441406,186.3767369854356,185.55047711402338,185.91675056339253,61368800.0,,,,,
2016-08-23,,,,,,SPY,186.5215301513672,187.05817660563002,186.46189699083246,186.76003679823123,53399200.0,,,,,
2016-08-24,,,,,,SPY,185.56748962402344,186.47040943327224,185.15009652454734,186.37670947206888,71728900.0,,,,,
2016-08-25,,,,,,SPY,185.4397430419922,185.85713621615523,185.03087631886928,185.18419646592582,69224800.0,,,,,
2016-08-26,,,,,,SPY,185.09046936035156,186.64928894848688,184.20458942381688,185.627115791674,122506300.0,,,,,
2016-08-29,,,,,,SPY,186.00193786621094,186.26599788851843,185.18419144450021,185.21827125245898,70502200.0,,,,,
2016-08-30,,,,,,SPY,185.69528198242188,186.1978486628494,185.14160858841032,185.91674874049886,58114500.0,,,,,
2016-08-31,,,,,,SPY,185.1671600341797,185.48232676312082,184.3920068924529,185.3630734334427,85269500.0,,,,,
2016-09-01,,,,,,SPY,185.17568969726562,185.46530309503095,184.01722310856502,185.15864979220905,97844200.0,,,,,
2016-09-02,,,,,,SPY,186.0104522705078,186.43635888870114,185.43973896184536,186.02749217457432,79293900.0,,,,,
2016-09-06,,,,,,SPY,186.57266235351562,186.64932242955953,185.57604237202705,186.29156241038206,56702100.0,,,,,
2016-09-07,,,,,,SPY,186.5556182861328,186.7345047905499,185.95083814731663,186.41081159095657,76554900.0,,,,,
2016-09-08,,,,,,SPY,186.12969970703125,186.49598614584542,185.8230464317414,186.22339967997087,74102900.0,,,,,
2016-09-09,,,,,,SPY,181.6747283935547,184.86902807179513,181.64917503593986,184.81792135656548,221589100.0,,,,,
2016-09-12,,,,,,SPY,184.28125,184.68160321216067,180.84844411519546,180.91659072552463,168110900.0,,,,,
2016-09-13,,,,,,SPY,181.63214111328125,183.26762104268442,181.01032106144442,183.00356100687588,182828800.0,,,,,
2016-09-14,,,,,,SPY,181.56398010253906,182.88429317458588,181.01030671634427,181.6832334317643,134185500.0,,,,,
2016-09-15,,,,,,SPY,183.37838745117188,183.76170088109808,181.22330059205066,181.40218712475806,134427900.0,,,,,
2016-09-16,,,,,,SPY,182.6694793701172,182.9434427794408,181.98459697339692,182.76365265916039,155236400.0,,,,,
2016-09-19,,,,,,SPY,182.70375061035156,183.96224239525162,182.37842229326847,183.32015528309017,80250500.0,,,,,
2016-09-20,,,,,,SPY,182.7123260498047,183.7139804812361,182.67808714811602,183.55988582869148,69665300.0,,,,,
2016-09-21,,,,,,SPY,184.76693725585938,184.9467142769323,182.72937726175448,183.41427258495116,110284400.0,,,,,
2016-09-22,,,,,,SPY,185.9313201904297,186.2309661020976,185.5289575727087,185.77722553640427,76678700.0,,,,,
2016-09-23,,,,,,SPY,184.91253662109375,185.67447949134535,184.81836331967855,185.5374977686876,73630900.0,,,,,
2016-09-26,,,,,,SPY,183.414306640625,184.2618531667787,183.21739054421255,184.08207611232544,89827300.0,,,,,
2016-09-27,,,,,,SPY,184.55296325683594,184.6471234918225,182.8835263269881,183.2516630614715,78494800.0,,,,,
2016-09-28,,,,,,SPY,185.46897888183594,185.62308656236328,183.8166811905737,184.77552697769812,87411000.0,,,,,
2016-09-29,,,,,,SPY,183.7909393310547,185.665835080894,183.24302572472047,185.2634595974449,128070600.0,,,,,
2016-09-30,,,,,,SPY,185.1779327392578,185.87994121543213,184.37318143822424,184.62144938310027,117202900.0,,,,,
2016-10-03,,,,,,SPY,184.7327117919922,184.95529725204656,184.09918124112315,184.76696374787355,83512100.0,,,,,
2016-10-04,,,,,,SPY,183.7909393310547,185.06655661510516,183.20023038403548,184.8439712030381,119948100.0,,,,,
2016-10-05,,,,,,SPY,184.60426330566406,185.0323212269306,184.34742594024593,184.4159167752435,72816000.0,,,,,
2016-10-06,,,,,,SPY,184.7327117919922,184.95529725204656,183.84235688848102,184.3817010923231,62927400.0,,,,,
2016-10-07,,,,,,SPY,184.0991973876953,185.1779120165763,183.37150655256386,185.0066914120333,89788300.0,,,,,
2016-10-10,,,,,,SPY,185.0580291748047,185.52032604567063,184.91249102910072,185.0580291748047,51855000.0,,,,,
2016-10-11,,,,,,SPY,182.7208251953125,184.69846405905517,181.99313445883374,184.62997321386428,130367400.0,,,,,
2016-10-12,,,,,,SPY,182.96055603027344,183.48278731258375,182.36126437989276,182.85781322727746,73866100.0,,,,,
2016-10-13,,,,,,SPY,182.36123657226562,182.8577853439333,180.8202384585352,181.63354592151325,101357000.0,,,,,
2016-10-14,,,,,,SPY,182.4554443359375,183.79955277491104,182.37839702834248,183.3372428027531,93346200.0,,,,,
2016-10-17,,,,,,SPY,181.82191467285156,182.68658710349447,181.64212457052741,182.42974969872841,58275700.0,,,,,
2016-10-18,,,,,,SPY,182.96055603027344,183.47421779207957,182.5838629003062,183.41429646501757,76869700.0,,,,,
2016-10-19,,,,,,SPY,183.4485626220703,183.75676495027773,182.86640992617598,183.22597713186872,66519200.0,,,,,
2016-10-20,,,,,,SPY,183.10606384277344,183.66253392501554,182.44685097455934,183.09749432368918,73639800.0,,,,,
2016-10-21,,,,,,SPY,183.19171142578125,183.27732825736294,182.14724878429806,183.106107657494,89089100.0,,,,,
2016-10-24,,,,,,SPY,183.9707794189453,184.33891611727435,183.61976869952085,184.06495270797885,60146600.0,,,,,
2016-10-25,,,,,,SPY,183.35438537597656,184.04783733368188,183.19172122524665,183.79099988849228,66542300.0,,,,,
2016-10-26,,,,,,SPY,182.98626708984375,183.56841979028252,182.29280204849215,182.53252658412072,75705500.0,,,,,
2016-10-27,,,,,,SPY,182.498291015625,183.739656908129,182.42124369187502,183.70541800756126,77220200.0,,,,,
2016-10-28,,,,,,SPY,181.9588623046875,183.1488628482753,181.24829762421203,182.47253705494776,140623200.0,,,,,
2016-10-31,,,,,,SPY,181.96746826171875,182.51538200884306,181.80480412278754,182.292783476287,61272500.0,,,,,
2016-11-01,,,,,,SPY,180.64907836914062,182.3441978855262,179.4419644304559,182.292819939302,122781800.0,,,,,
2016-11-02,,,,,,SPY,179.56175231933594,180.72607045776593,179.12512485286732,180.34080785481316,103330800.0,,,,,
2016-11-03,,,,,,SPY,178.73989868164062,179.989833798208,178.4659483526424,179.77580479671514,88939300.0,,,,,
2016-11-04,,,,,,SPY,178.54298400878906,179.69017624675064,178.39744586486492,178.85118627336155,109122100.0,,,,,
2016-11-07,,,,,,SPY,182.4811248779297,182.51537683425684,178.54299901440498,178.54299901440498,109794900.0,,,,,
2016-11-08,,,,,,SPY,183.3029327392578,183.8679722354907,181.82185623848568,182.08725001491024,106772100.0,,,,,
2016-11-09,,,,,,SPY,185.2463836669922,185.8627882300816,181.78766772262458,181.81335015747885,258429000.0,,,,,
2016-11-10,,,,,,SPY,185.70872497558594,186.8987259738683,184.25333004480336,186.03405331261018,172113300.0,,,,,
2016-11-11,,,,,,SPY,185.28067016601562,185.52038166177718,184.33895016503715,184.98959378734756,100552700.0,,,,,
2016-11-14,,,,,,SPY,185.4261474609375,186.00831309038577,184.68133077679926,185.80284056294064,94580000.0,,,,,
2016-11-15,,,,,,SPY,186.8730010986328,186.8730010986328,185.6059530650747,185.81141254639604,91652600.0,,,,,
2016-11-16,,,,,,SPY,186.52195739746094,186.7531123363409,186.13670787485518,186.25656357218344,65617700.0,,,,,
2016-11-17,,,,,,SPY,187.48089599609375,187.54081733866747,186.5648453689651,186.67614465798366,69797200.0,,,,,
2016-11-18,,,,,,SPY,187.0613555908203,187.720568602341,186.88156547375317,187.54934800622104,86265800.0,,,,,
2016-11-21,,,,,,SPY,188.47393798828125,188.49962042400998,187.48940978323023,187.63494794012425,72402600.0,,,,,
2016-11-22,,,,,,SPY,188.84205627441406,189.0218333070001,188.11435249754751,188.78212188802365,67429000.0,,,,,
2016-11-23,,,,,,SPY,188.94483947753906,188.99620435852816,188.13153171418705,188.32843477907736,56620200.0,,,,,
2016-11-25,,,,,,SPY,189.64686584472656,189.68110474515828,189.21023821861826,189.2872986053587,37872300.0,,,,,
2016-11-28,,,,,,SPY,188.75650024414062,189.61261646285374,188.65377047815005,189.33866606577988,76572500.0,,,,,
2016-11-29,,,,,,SPY,189.1246337890625,189.57837433218648,188.49110309522115,188.79074899198451,69886700.0,,,,,
2016-11-30,,,,,,SPY,188.6708221435547,189.90363110303045,188.61088776147022,189.74096699542022,113291800.0,,,,,
2016-12-01,,,,,,SPY,187.9773712158203,188.97045571472006,187.61779104827826,188.97045571472006,79040500.0,,,,,
2016-12-02,,,,,,SPY,188.0715789794922,188.55957142791652,187.71201178431926,188.0630225212601,74840300.0,,,,,
2016-12-05,,,,,,SPY,189.20167541503906,189.54411666106003,188.70512646400132,188.90202952729857,67837800.0,,,,,
2016-12-06,,,,,,SPY,189.8009490966797,189.83520105835166,188.91059404264573,189.39001699968676,59877400.0,,,,,
2016-12-07,,,,,,SPY,192.28367614746094,192.34359747994642,189.52698133405676,189.6468370623224,110738100.0,,,,,
2016-12-08,,,,,,SPY,192.75448608398438,193.22535243290795,191.9925434696505,192.2579503668923,99714400.0,,,,,
2016-12-09,,,,,,SPY,193.91880798339844,193.93593395913584,192.94283637903837,192.97708833051314,88005800.0,,,,,
2016-12-12,,,,,,SPY,193.69627380371094,194.30412200195045,193.27677219854309,193.82468599748915,102016100.0,,,,,
2016-12-13,,,,,,SPY,194.98899841308594,195.48554731913939,194.33835487927195,194.35548085901033,110477500.0,,,,,
2016-12-14,,,,,,SPY,193.37948608398438,195.39135084417444,192.94285856387455,194.68934251772694,142501800.0,,,,,
2016-12-15,,,,,,SPY,194.17568969726562,195.0318057935021,193.38806445632346,193.61921946002988,124972600.0,,,,,
2016-12-16,,,,,,SPY,193.79591369628906,194.691529641135,193.4772879233699,194.63124198664173,156420200.0,,,,,
2016-12-19,,,,,,SPY,194.21791076660156,194.63988497695757,193.8303904029604,193.9767864007674,90341100.0,,,,,
2016-12-20,,,,,,SPY,194.96710205078125,195.11351117714477,194.5193072017222,194.7518115170943,89838800.0,,,,,
2016-12-21,,,,,,SPY,194.42454528808594,195.0101291313163,194.42454528808594,194.8378993621479,67909000.0,,,,,
2016-12-22,,,,,,SPY,194.0887451171875,194.39876404162973,193.69260471473083,194.27820185658513,56219100.0,,,,,
2016-12-23,,,,,,SPY,194.3728790283203,194.38148591773765,193.94229803224883,194.13174158145424,36697800.0,,,,,
2016-12-27,,,,,,SPY,194.8551025390625,195.25122964585483,194.6225851518572,194.63981206876178,42672500.0,,,,,
2016-12-28,,,,,,SPY,193.2447509765625,195.13069789250957,193.13280884997076,195.11348411321208,64095000.0,,,,,
2016-12-29,,,,,,SPY,193.20172119140625,193.66674294079067,192.7625201133474,193.31366332831337,48696100.0,,,,,
2016-12-30,,,,,,SPY,192.49559020996094,193.6151037253256,191.80665780509864,193.52898224710808,108998300.0,,,,,
2017-01-03,,,,,,SPY,193.96812438964844,194.47620679182577,192.79694359971245,193.79588148560507,91366500.0,,,,,
2017-01-04,,,,,,SPY,195.12210083007812,195.26849680321703,194.28677258194588,194.2953794720281,78744400.0,,,,,
2017-01-05,,,,,,SPY,194.96710205078125,195.12211806798737,194.17483446364827,194.85515990866216,78379000.0,,,,,
2017-01-06,,,,,,SPY,195.66465759277344,196.12967937135483,194.53652414010315,195.0790604986911,71559900.0,,,,,
2017-01-09,,,,,,SPY,195.01878356933594,195.54409299917106,194.98432972524992,195.4063039034097,46939700.0,,,,,
2017-01-10,,,,,,SPY,195.01878356933594,195.87132567623993,194.63125009497077,195.03599735108756,63771900.0,,,,,
2017-01-11,,,,,,SPY,195.5699005126953,195.5699005126953,194.2695374492885,194.9326358857143,74650000.0,,,,,
2017-01-12,,,,,,SPY,195.07904052734375,195.26849723189008,193.7270229252161,195.05320671675017,72113200.0,,,,,
2017-01-13,,,,,,SPY,195.52687072753906,195.82826959885762,195.21685182484828,195.25129252946203,62717900.0,,,,,
2017-01-17,,,,,,SPY,194.83787536621094,195.2942901114259,194.45035514823618,194.88954297656923,61240800.0,,,,,
2017-01-18,,,,,,SPY,195.26852416992188,195.3115849069483,194.5365310613489,195.08767433052773,54793300.0,,,,,
2017-01-19,,,,,,SPY,194.54513549804688,195.48379904463542,194.11455444288248,195.34600995331297,66608800.0,,,,,
2017-01-20,,,,,,SPY,195.25991821289062,195.75077382452264,194.59681965232878,195.2254643669878,129168600.0,,,,,
2017-01-23,,,,,,SPY,194.75184631347656,195.32021657763096,193.99403243489778,195.25994205038083,75061600.0,,,,,
2017-01-24,,,,,,SPY,196.0005340576172,196.41388825981454,194.85518668418274,194.96712884168406,95555300.0,,,,,
2017-01-25,,,,,,SPY,197.6969757080078,197.6969757080078,196.7841329083282,196.9477557982735,84437700.0,,,,,
2017-01-26,,,,,,SPY,197.4903106689453,197.8175564796249,197.21473248304858,197.55058518442826,59970700.0,,,,,
2017-01-27,,,,,,SPY,197.1802520751953,197.71416827749547,196.99940228458058,197.5677723233257,59711100.0,,,,,
2017-01-30,,,,,,SPY,195.95745849609375,196.5172086621444,194.97573412744237,196.49137484772928,79737300.0,,,,,
2017-01-31,,,,,,SPY,195.94024658203125,196.00053424714602,194.89824761335842,195.46660471431943,75880800.0,,,,,
2017-02-01,,,,,,SPY,196.0177001953125,196.853028428981,195.4321163128962,195.94019876504385,79117700.0,,,,,
2017-02-02,,,,,,SPY,196.1468963623047,196.43108143382898,195.32879499049955,196.01771416236227,69657600.0,,,,,
2017-02-03,,,,,,SPY,197.49893188476562,197.67978172491428,196.74111809916565,197.0511370106404,80563200.0,,,,,
2017-02-06,,,,,,SPY,197.14585876464844,197.49033153341225,196.81000602778656,197.094191134407,57790100.0,,,,,
2017-02-07,,,,,,SPY,197.15443420410156,197.77447190734355,196.96497750920597,197.53334759389273,57931200.0,,,,,
2017-02-08,,,,,,SPY,197.4127655029297,197.54193453627462,196.61187807532636,197.15441429595157,51566200.0,,,,,
2017-02-09,,,,,,SPY,198.583984375,198.8853832240936,197.4128034001183,197.4128034001183,65955200.0,,,,,
2017-02-10,,,,,,SPY,199.36767578125,199.59158638503843,198.60124187355234,198.92848774660087,66015900.0,,,,,
2017-02-13,,,,,,SPY,200.4526824951172,200.7110337232728,199.8326448036595,199.8584786124461,55182100.0,,,,,
2017-02-14,,,,,,SPY,201.25357055664062,201.26219058701622,199.92738676753206,200.2718463350098,71109000.0,,,,,
2017-02-15,,,,,,SPY,202.30416870117188,202.49362538606246,200.98659193643488,201.0382595522616,86785800.0,,,,,
2017-02-16,,,,,,SPY,202.1319580078125,202.51087141334727,201.38275122705335,202.3300216006002,84722400.0,,,,,
2017-02-17,,,,,,SPY,202.4506378173828,202.4506378173828,201.45168641612025,201.4689133410506,77204100.0,,,,,
2017-02-21,,,,,,SPY,203.65621948242188,203.8284492656725,202.81227120600053,202.82089123635168,88946100.0,,,,,
2017-02-22,,,,,,SPY,203.47540283203125,203.6993002727197,203.08788247148524,203.2515053913428,62115200.0,,,,,
2017-02-23,,,,,,SPY,203.61317443847656,204.00930165644274,202.8553475654405,203.9920878749946,74615900.0,,,,,
2017-02-24,,,,,,SPY,203.8715362548828,203.91458385102231,202.72618899532657,202.76924973175792,82381600.0,,,,,
2017-02-27,,,,,,SPY,204.1901397705078,204.36236955714747,203.535661325161,203.78539254474492,56515400.0,,,,,
2017-02-28,,,,,,SPY,203.6389923095703,204.05234641691743,203.25147201266427,203.81122209260744,96961900.0,,,,,
2017-03-01,,,,,,SPY,206.48944091796875,206.95447579618843,205.27519924075014,205.29242616150023,149158200.0,,,,,
2017-03-02,,,,,,SPY,205.18910217285156,206.30861555778915,205.13743454805757,206.29999552679604,70246000.0,,,,,
2017-03-03,,,,,,SPY,205.3183135986328,205.48193653776863,204.72410951031603,205.10302302404233,81974300.0,,,,,
2017-03-06,,,,,,SPY,204.7068634033203,205.05992990327823,204.1040393774143,204.52601356749014,55391500.0,,,,,
2017-03-07,,,,,,SPY,204.09539794921875,204.75849638133062,203.8887143347153,204.40541680082913,65103700.0,,,,,
2017-03-08,,,,,,SPY,203.71649169921875,204.6465482866462,203.57870261805394,204.38819704453468,78168800.0,,,,,
2017-03-09,,,,,,SPY,203.97486877441406,204.30211459855315,203.01037136468838,203.8370796757985,90683900.0,,,,,
2017-03-10,,,,,,SPY,204.6895751953125,204.97376020064905,203.7422918441906,204.9306994773639,81991700.0,,,,,
2017-03-13,,,,,,SPY,204.7929229736328,204.83598369955777,204.3020674908966,204.62930009929119,57256800.0,,,,,
2017-03-14,,,,,,SPY,204.00926208496094,204.3020671365696,203.39784445486842,204.25038638137607,59880800.0,,,,,
2017-03-15,,,,,,SPY,205.774658203125,206.1966323155387,204.34512612298658,204.5776435433198,96081800.0,,,,,
2017-03-16,,,,,,SPY,205.36990356445312,205.98994123600284,205.04267095023275,205.91243981213134,78344000.0,,,,,
2017-03-17,,,,,,SPY,205.00927734375,205.82229351135118,205.00927734375,205.6320125701059,89002100.0,,,,,
2017-03-20,,,,,,SPY,204.78439331054688,205.29468616829985,204.39518711730236,205.0092647739321,52537000.0,,,,,
2017-03-21,,,,,,SPY,202.1550750732422,205.51092452648842,202.02534406755785,205.38983785536394,131809300.0,,,,,
2017-03-22,,,,,,SPY,202.6307830810547,202.91620449898713,201.56694921236672,202.18968445195426,97569200.0,,,,,
2017-03-23,,,,,,SPY,202.41455078125,203.54757889187846,202.04264643239952,202.63077792289533,100410300.0,,,,,
2017-03-24,,,,,,SPY,202.2675323486328,203.2881181952796,201.48911986212113,202.7172885306516,112504900.0,,,,,
2017-03-27,,,,,,SPY,202.05992126464844,202.31939645634566,200.321459915953,200.59822377562864,87454500.0,,,,,
2017-03-28,,,,,,SPY,203.53028869628906,203.95408544436285,201.6447811726046,201.75722350860326,93483900.0,,,,,
2017-03-29,,,,,,SPY,203.72056579589844,203.9540948131394,203.01999194163344,203.24487662396098,61950400.0,,,,,
2017-03-30,,,,,,SPY,204.36920166015625,204.56814009591145,203.48700458728308,203.65998362917261,56737900.0,,,,,
2017-03-31,,,,,,SPY,203.8935089111328,204.55947887025005,203.84160332179414,204.03188422367182,73733100.0,,,,,
2017-04-03,,,,,,SPY,203.53895568847656,204.14438910844746,202.3107869801188,203.94546381276962,85546500.0,,,,,
2017-04-04,,,,,,SPY,203.66864013671875,203.75513626156143,202.872925938498,203.25348777187656,56466200.0,,,,,
2017-04-05,,,,,,SPY,203.06320190429688,205.32061345411282,202.85561912820899,204.34326269653357,108800600.0,,,,,
2017-04-06,,,,,,SPY,203.63401794433594,204.15295502034064,202.7604520905961,203.20156378227185,69135800.0,,,,,
2017-04-07,,,,,,SPY,203.42645263671875,204.11838199483628,202.9421060452729,203.38320457731362,74412300.0,,,,,
2017-04-10,,,,,,SPY,203.54754638671875,204.34326055720862,203.0199517174591,203.56484825057547,67615300.0,,,,,
2017-04-11,,,,,,SPY,203.30540466308594,203.40918946743707,201.81776087925203,203.1670161256462,88045300.0,,,,,
2017-04-12,,,,,,SPY,202.41455078125,203.21892261084852,202.18967930502347,203.02864167040403,81864400.0,,,,,
2017-04-13,,,,,,SPY,201.09986877441406,202.81239709117327,201.09986877441406,202.07721959380586,92880400.0,,,,,
2017-04-17,,,,,,SPY,202.88162231445312,202.88162231445312,201.41992462795403,201.61884991623276,68405400.0,,,,,
2017-04-18,,,,,,SPY,202.276123046875,202.8123752285135,201.59285121855888,202.14639206600955,83225800.0,,,,,
2017-04-19,,,,,,SPY,201.9042510986328,203.2102582391283,201.67936643251812,202.83835390279546,68699900.0,,,,,
2017-04-20,,,,,,SPY,203.54754638671875,203.98865813160546,202.1982913499118,202.51830324525685,92572200.0,,,,,
2017-04-21,,,,,,SPY,202.89892578125,203.52166109188718,202.5010751756791,203.46976868224397,110389800.0,,,,,
2017-04-24,,,,,,SPY,205.13034057617188,205.3379233603899,202.87292893794245,205.13898490980165,119209900.0,,,,,
2017-04-25,,,,,,SPY,206.3239288330078,206.669886959925,205.68389178100873,205.77038791146632,76698300.0,,,,,
2017-04-26,,,,,,SPY,206.19415283203125,207.17150352612882,206.150917970928,206.28929328187664,84702500.0,,,,,
2017-04-27,,,,,,SPY,206.36715698242188,206.66986701489674,205.83090478075857,206.51418983204485,57410300.0,,,,,
2017-04-28,,,,,,SPY,205.91738891601562,206.65255312133522,205.78764474040307,206.6266069257036,63532800.0,,,,,
2017-05-01,,,,,,SPY,206.43637084960938,206.86018079937156,206.02121843190722,206.43637084960938,66882500.0,,,,,
2017-05-02,,,,,,SPY,206.51416015625,206.69578351014485,206.10765219616655,206.5746968750638,57375700.0,,,,,
2017-05-03,,,,,,SPY,206.26336669921875,206.60933800312412,205.58873915342298,206.51419754423213,73137700.0,,,,,
2017-05-04,,,,,,SPY,206.5055389404297,206.6439274612729,205.65793234581244,206.5660888673445,61462700.0,,,,,
2017-05-05,,,,,,SPY,207.31857299804688,207.33587486401794,206.43636259791836,206.87747439671105,62001300.0,,,,,
2017-05-08,,,,,,SPY,207.28396606445312,207.50883751445906,206.8601561651609,207.3618046589795,48385700.0,,,,,
2017-05-09,,,,,,SPY,207.09371948242188,207.74240093927168,206.7477481202938,207.54347565445931,51363200.0,,,,,
2017-05-10,,,,,,SPY,207.46559143066406,207.46559143066406,206.8428562736012,207.05043905844082,54293800.0,,,,,
2017-05-11,,,,,,SPY,207.0418243408203,207.20615908597674,205.96068859369421,207.0158781386859,62358300.0,,,,,
2017-05-12,,,,,,SPY,206.69581604003906,207.08502219994918,206.4276965342667,206.7909564966798,53912700.0,,,,,
2017-05-15,,,,,,SPY,207.8375244140625,207.9586110815385,207.10234687745015,207.11964874350585,61918900.0,,,,,
2017-05-16,,,,,,SPY,207.64723205566406,208.1575248978483,207.258025874294,208.13157869892072,51241800.0,,,,,
2017-05-17,,,,,,SPY,203.96270751953125,207.64721259393744,203.9021575960711,207.64721259393744,172174100.0,,,,,
2017-05-18,,,,,,SPY,204.78439331054688,205.631999962106,203.62540586744421,203.88488106209277,107047700.0,,,,,
2017-05-19,,,,,,SPY,206.11630249023438,206.78228560117083,205.21680363182136,205.2686960201495,115011400.0,,,,,
2017-05-22,,,,,,SPY,207.1628875732422,207.32722229980186,206.55745426285634,206.6266353290807,61010600.0,,,,,
2017-05-23,,,,,,SPY,207.62130737304688,207.78564211492287,207.15424934903544,207.5348112360203,48341700.0,,,,,
2017-05-24,,,,,,SPY,208.10565185546875,208.20943666083193,207.5175071643434,207.85483417668863,46927700.0,,,,,
2017-05-25,,,,,,SPY,209.10028076171875,209.37705782517145,208.4083644980005,208.61593409813327,64071700.0,,,,,
2017-05-26,,,,,,SPY,209.05706787109375,209.22138942265474,208.83218318403254,208.91002179226535,46629900.0,,,,,
2017-05-30,,,,,,SPY,208.87545776367188,209.12627548785153,208.5813919636103,208.73706919983354,35201900.0,,,,,
2017-05-31,,,,,,SPY,208.82351684570312,209.20407870913107,208.13158738469383,209.16947497747938,91796000.0,,,,,
2017-06-01,,,,,,SPY,210.484130859375,210.5014327244796,208.9964871993291,209.28190858500193,68962000.0,,,,,
2017-06-02,,,,,,SPY,211.1847686767578,211.34045911500695,210.24202130319773,210.53608711188357,88666100.0,,,,,
2017-06-05,,,,,,SPY,211.0290069580078,211.29712645256342,210.83006852224628,211.01170509458183,44698800.0,,,,,
2017-06-06,,,,,,SPY,210.3544158935547,211.02038598008141,210.27656409337987,210.466845031661,50375400.0,,,,,
2017-06-07,,,,,,SPY,210.74362182617188,210.96849329954466,210.02574614132465,210.69172942442873,54144300.0,,,,,
2017-06-08,,,,,,SPY,210.84738159179688,211.32308388038217,210.31978690763057,210.83873725835193,65950700.0,,,,,
2017-06-09,,,,,,SPY,210.5273895263672,211.91123526293748,209.2646172592581,211.11552099498175,132256400.0,,,,,
2017-06-12,,,,,,SPY,210.484130859375,210.53602325723256,209.63652423363692,210.28520560176892,86108100.0,,,,,
2017-06-13,,,,,,SPY,211.513427734375,211.56532014539727,210.67446522962285,211.02042343474434,60067000.0,,,,,
2017-06-14,,,,,,SPY,211.24526977539062,211.79015318961186,210.42359609192093,211.78150885516482,78602300.0,,,,,
2017-06-15,,,,,,SPY,210.83877563476562,210.95986231231313,209.61925132681426,209.8960152194408,66464900.0,,,,,
2017-06-16,,,,,,SPY,210.88479614257812,211.0499322546097,210.00698339029083,210.99778680066592,84553100.0,,,,,
2017-06-19,,,,,,SPY,212.64044189453125,212.70127383885932,211.61486597329232,211.7104703959348,65123800.0,,,,,
2017-06-20,,,,,,SPY,211.20640563964844,212.29281365996601,211.18903265983135,212.28412717005747,56906400.0,,,,,
2017-06-21,,,,,,SPY,211.15423583984375,211.71047615166384,210.68491346435795,211.59749874860742,55977600.0,,,,,
2017-06-22,,,,,,SPY,211.05862426757812,211.65832352725792,210.8848016626108,211.1629284400103,44148100.0,,,,,
2017-06-23,,,,,,SPY,211.31068420410156,211.64094318419558,210.73705765609583,211.1194753547663,66986800.0,,,,,
2017-06-26,,,,,,SPY,211.4497528076172,212.39711064820162,211.2411709623493,211.97992043403343,56700500.0,,,,,
2017-06-27,,,,,,SPY,209.7462158203125,211.52792708399247,209.72882958396772,211.23241411338174,82247700.0,,,,,
2017-06-28,,,,,,SPY,211.62356567382812,211.82346100773714,210.52845805803364,210.76312587024884,70042600.0,,,,,
2017-06-29,,,,,,SPY,209.7636260986328,211.82345107085214,208.55554113955273,211.77130561765378,106949700.0,,,,,
2017-06-30,,,,,,SPY,210.1547088623047,210.94561685345673,209.9635000455028,210.57188570723025,86820700.0,,,,,
2017-07-03,,,,,,SPY,210.5110626220703,211.52793868409657,210.5110626220703,211.09337558433424,39153800.0,,,,,
2017-07-05,,,,,,SPY,210.997802734375,211.20638456590143,210.06783119610182,210.8761255787128,54427600.0,,,,,
2017-07-06,,,,,,SPY,209.06834411621094,210.35464738842117,208.88582174928314,210.23297023107446,65400800.0,,,,,
2017-07-07,,,,,,SPY,210.42416381835938,210.5719136942868,209.07701543431983,209.64195547243426,57972300.0,,,,,
2017-07-10,,,,,,SPY,210.65013122558594,211.0238624203301,210.119963666866,210.42416316812717,36663300.0,,,,,
2017-07-11,,,,,,SPY,210.4937286376953,210.8066146776675,209.32910242406086,210.6501650267731,50354600.0,,,,,
2017-07-12,,,,,,SPY,212.0754852294922,212.24062133400898,211.45841303681908,211.45841303681908,59610400.0,,,,,
2017-07-13,,,,,,SPY,212.43185424804688,212.54484491380276,211.85822769210736,212.0842090236191,39471600.0,,,,,
2017-07-14,,,,,,SPY,213.42269897460938,213.77904401869978,212.3362908610297,212.43189530549742,60262700.0,,,,,
2017-07-17,,,,,,SPY,213.39659118652344,213.72686344258008,213.2227685692678,213.3444457275283,33531900.0,,,,,
2017-07-18,,,,,,SPY,213.5095977783203,213.56174324120425,212.64915785528538,212.98811662584762,42742500.0,,,,,
2017-07-19,,,,,,SPY,214.66554260253906,214.6742290926207,213.81378914912898,213.82248890102755,51034300.0,,,,,
2017-07-20,,,,,,SPY,214.7611541748047,215.03926774664197,214.213600259683,214.9175905723724,47135200.0,,,,,
2017-07-21,,,,,,SPY,214.56991577148438,214.59598850082523,213.96151672202305,214.18749805873117,82340800.0,,,,,
2017-07-24,,,,,,SPY,214.5177459716797,214.65679609178116,214.04841037316834,214.49165998348326,46622300.0,,,,,
2017-07-25,,,,,,SPY,215.0392608642578,215.3695331531979,214.81329276550863,215.26522896300702,54915600.0,,,,,
2017-07-26,,,,,,SPY,215.0479278564453,215.36081387501542,214.78720055915,215.3260546559813,47575400.0,,,,,
2017-07-27,,,,,,SPY,214.84799194335938,215.54329554910623,213.52691641862165,215.50853633663485,70766600.0,,,,,
2017-07-28,,,,,,SPY,214.59600830078125,214.72637195951367,213.91809075173916,214.3700269432227,50088400.0,,,,,
2017-07-31,,,,,,SPY,214.4743194580078,215.09139175817583,214.26572435357318,214.9957873263703,65838700.0,,,,,
2017-08-01,,,,,,SPY,214.95236206054688,215.10879845738904,214.43088088077172,215.0740392342521,55050400.0,,,,,
2017-08-02,,,,,,SPY,215.056640625,215.19570403318554,214.1266690023028,215.08271335630772,47211200.0,,,,,
2017-08-03,,,,,,SPY,214.6394500732422,214.96970906950318,214.36132327447956,214.94363633984614,40856000.0,,,,,
2017-08-04,,,,,,SPY,215.03054809570312,215.36080708246598,214.6481303893106,215.12615252230128,60191800.0,,,,,
2017-08-07,,,,,,SPY,215.43032836914062,215.43032836914062,214.99576522593466,215.10006939833806,31995000.0,,,,,
2017-08-08,,,,,,SPY,214.900146484375,216.33421271848638,214.52642857179112,215.11742804149972,61719400.0,,,,,
2017-08-09,,,,,,SPY,214.89144897460938,214.94359442375458,213.8571866938526,214.21353161209558,62632600.0,,,,,
2017-08-10,,,,,,SPY,211.8582305908203,214.18749606416483,211.8060851326242,214.05711915685916,120479500.0,,,,,
2017-08-11,,,,,,SPY,212.1710968017578,212.7621095503957,211.84952433168104,212.08419213347946,74869900.0,,,,,
2017-08-14,,,,,,SPY,214.27442932128906,214.491710933965,213.4140026226554,213.448761845484,73291900.0,,,,,
2017-08-15,,,,,,SPY,214.24832153320312,214.6741981986198,213.94413528231837,214.65681195914163,55242700.0,,,,,
2017-08-16,,,,,,SPY,214.62200927734375,215.16956298458825,214.19613269817444,214.76975912844844,56715500.0,,,,,
2017-08-17,,,,,,SPY,211.2759552001953,214.32659766663252,211.2759552001953,214.01371159986505,128490400.0,,,,,
2017-08-18,,,,,,SPY,210.94569396972656,212.23199744787698,210.50243097699823,211.11081686113576,136748000.0,,,,,
2017-08-21,,,,,,SPY,211.1107940673828,211.37153463580879,210.18083572957025,210.88482598104898,65469700.0,,,,,
2017-08-22,,,,,,SPY,213.31837463378906,213.47481101197403,211.67572635376834,211.6931125941719,63140100.0,,,,,
2017-08-23,,,,,,SPY,212.5535125732422,212.9793892079819,212.20586737961136,212.35361724999515,50203800.0,,,,,
2017-08-24,,,,,,SPY,212.05813598632812,213.0923851691312,211.84954089488582,212.93594879691088,50741700.0,,,,,
2017-08-25,,,,,,SPY,212.5535125732422,213.46609778379067,212.4057627028584,212.8490123140098,64445900.0,,,,,
2017-08-28,,,,,,SPY,212.5622100830078,213.10975059411498,212.14501994087084,213.08367786795816,40565600.0,,,,,
2017-08-29,,,,,,SPY,212.80560302734375,213.0663303362766,211.1368686792757,211.24985935435748,51135700.0,,,,,
2017-08-30,,,,,,SPY,213.8137664794922,214.0832067852587,212.6056813953853,212.7882037622832,62030800.0,,,,,
2017-08-31,,,,,,SPY,215.10006713867188,215.34342143536554,213.84852317749608,214.430836191857,103803900.0,,,,,
2017-09-01,,,,,,SPY,215.40423583984375,215.83011245528897,215.2564859761538,215.47376752778257,62007000.0,,,,,
2017-09-05,,,,,,SPY,213.85720825195312,215.12613844359225,212.89247756007697,214.90015712543195,91398800.0,,,,,
2017-09-06,,,,,,SPY,214.58731079101562,214.9175830790108,214.0049976728988,214.53516532697782,57916900.0,,,,,
2017-09-07,,,,,,SPY,214.56118774414062,214.90884619256107,214.15269735588026,214.89145995468658,58034700.0,,,,,
2017-09-08,,,,,,SPY,214.30918884277344,214.769824772838,214.06583451224182,214.274416360231,63832800.0,,,,,
2017-09-11,,,,,,SPY,216.59498596191406,216.67320415146062,215.56072347185696,215.57809645054567,71364800.0,,,,,
2017-09-12,,,,,,SPY,217.32504272460938,217.3598019428115,216.77748888976458,216.960011255318,56896000.0,,,,,
2017-09-13,,,,,,SPY,217.4293212890625,217.4640937671046,216.92522645196908,217.03821711288396,59228000.0,,,,,
2017-09-14,,,,,,SPY,217.35980224609375,217.55971085193482,216.93393882890064,217.10776144378448,95446300.0,,,,,
2017-09-15,,,,,,SPY,217.6524200439453,217.739756008967,217.11089174686597,217.21570023594433,95432400.0,,,,,
2017-09-18,,,,,,SPY,218.1154022216797,218.46477283353067,217.73108655206286,218.01932330427547,46235200.0,,,,,
2017-09-19,,,,,,SPY,218.333740234375,218.42108954237278,218.010571784523,218.3599423612477,47108100.0,,,,,
2017-09-20,,,,,,SPY,218.4123077392578,218.525859153917,217.41658711242658,218.42105066508134,59574100.0,,,,,
2017-09-21,,,,,,SPY,217.8271026611328,218.34242882969582,217.65241740557613,218.25509286573282,48211400.0,,,,,
2017-09-22,,,,,,SPY,217.8707733154297,218.0367289698389,217.50393028719216,217.5301324086641,51214000.0,,,,,
2017-09-25,,,,,,SPY,217.4253387451172,217.9668804234547,216.6829229945747,217.61749654587692,57064400.0,,,,,
2017-09-26,,,,,,SPY,217.55633544921875,218.09786373210036,217.32050302734459,217.85330171224217,54082000.0,,,,,
2017-09-27,,,,,,SPY,218.40357971191406,218.78789527725007,217.37291402963743,218.25509657578533,81001400.0,,,,,
2017-09-28,,,,,,SPY,218.66558837890625,218.7441947367933,218.03671086055107,218.12404681566025,44778800.0,,,,,
2017-09-29,,,,,,SPY,219.4342498779297,219.51286957913425,218.47347421423493,218.6568890859042,85578000.0,,,,,
2017-10-02,,,,,,SPY,220.38626098632812,220.38626098632812,219.4866060401173,219.6613046021802,59023000.0,,,,,
2017-10-03,,,,,,SPY,220.85787963867188,220.88408175356258,220.30760857071283,220.38622824301206,66810200.0,,,,,
2017-10-04,,,,,,SPY,221.1199493408203,221.36451133717839,220.59588030426494,220.70943170529875,55953600.0,,,,,
2017-10-05,,,,,,SPY,222.43014526367188,222.44760446083976,221.15491750595024,221.4518837893815,63522800.0,,,,,
2017-10-06,,,,,,SPY,222.17681884765625,222.46505550467177,221.7226398677804,221.98466107631256,80646000.0,,,,,
2017-10-09,,,,,,SPY,221.80996704101562,222.46504669165515,221.5479325152339,222.4039128546295,35803100.0,,,,,
2017-10-10,,,,,,SPY,222.39517211914062,222.77075805290576,221.83617134486326,222.37771292417833,43057400.0,,,,,
2017-10-11,,,,,,SPY,222.74459838867188,222.74459838867188,222.13319325771235,222.29913560726172,47674300.0,,,,,
2017-10-12,,,,,,SPY,222.4126739501953,222.77951700719035,222.17684151083012,222.4301464750898,47065100.0,,,,,
2017-10-13,,,,,,SPY,222.68345642089844,222.96296353166534,222.4126922371134,222.84941210196223,54800400.0,,,,,
2017-10-16,,,,,,SPY,222.9803924560547,223.1725502367093,222.56988810025342,222.91052901548102,38221700.0,,,,,
2017-10-17,,,,,,SPY,223.13760375976562,223.18127840295898,222.70961358067885,222.9279734690156,31561000.0,,,,,
2017-10-18,,,,,,SPY,223.35601806640625,223.55690548088376,223.16386025164232,223.51323082704957,40888300.0,,,,,
2017-10-19,,,,,,SPY,223.41712951660156,223.4520745672181,222.1593875746752,222.57863488865067,61903800.0,,,,,
2017-10-20,,,,,,SPY,224.57003784179688,224.59626661827306,223.39964532969876,224.2119510702714,89176400.0,,,,,
2017-10-23,,,,,,SPY,223.69662475585938,224.91946163811397,223.6180183829025,224.89325951379504,63915300.0,,,,,
2017-10-24,,,,,,SPY,224.08963012695312,224.3254491898928,223.7315167426879,224.12457516951147,66935900.0,,,,,
2017-10-25,,,,,,SPY,222.9803924560547,223.87130459112328,221.85366122188066,223.75775317683716,103715300.0,,,,,
2017-10-26,,,,,,SPY,223.2686309814453,223.86256352467024,223.14634996797955,223.59181270302912,69798000.0,,,,,
2017-10-27,,,,,,SPY,225.09408569335938,225.25132506108443,223.2773432648059,224.01102924490968,85562500.0,,,,,
2017-10-30,,,,,,SPY,224.25563049316406,224.99805952789407,223.9586642103246,224.0110684569867,54285700.0,,,,,
2017-10-31,,,,,,SPY,224.60499572753906,224.85830068394264,224.3080294517007,224.6311978502524,60304800.0,,,,,
2017-11-01,,,,,,SPY,224.9019775390625,225.72301298114465,224.53514779573626,225.38238536234172,54202700.0,,,,,
2017-11-02,,,,,,SPY,224.9893341064453,225.12908766017168,223.76652383042074,224.83212135422747,56449500.0,,,,,
2017-11-03,,,,,,SPY,225.74044799804688,225.7841093106653,224.7359712552437,225.14648888383707,59589700.0,,,,,
2017-11-06,,,,,,SPY,226.08982849121094,226.2208390901341,225.53955732047456,225.60942075481384,49652600.0,,,,,
2017-11-07,,,,,,SPY,225.93263244628906,226.5265649754122,225.42602255271962,226.19465366347248,57502200.0,,,,,
2017-11-08,,,,,,SPY,226.31692504882812,226.41301726687485,225.47843048486277,225.75793755793842,50469600.0,,,,,
2017-11-09,,,,,,SPY,225.49594116210938,225.68809896409653,223.91499076764975,225.1116255581351,95085500.0,,,,,
2017-11-10,,,,,,SPY,225.4260711669922,225.60076978629652,224.79719345487018,225.11164563856462,59984700.0,,,,,
2017-11-13,,,,,,SPY,225.63565063476562,225.86275347101255,224.7098067481224,224.74475179722094,50228600.0,,,,,
2017-11-14,,,,,,SPY,225.11160278320312,225.2164112727262,224.0547216515681,224.83209570763378,61315200.0,,,,,
2017-11-15,,,,,,SPY,223.98486328125,224.66614513383567,223.27737930569037,224.14207601909382,80811500.0,,,,,
2017-11-16,,,,,,SPY,225.88897705078125,226.25583346300692,224.8845266997023,224.92818802377593,67777000.0,,,,,
2017-11-17,,,,,,SPY,225.22509765625,225.86271808991955,225.14649129953867,225.53954973835357,75756800.0,,,,,
2017-11-20,,,,,,SPY,225.6094512939453,225.80160908346332,225.22513571490924,225.46972440635292,48075500.0,,,,,
2017-11-21,,,,,,SPY,227.08547973632812,227.2689211848732,225.57444677568827,226.37799602123317,69176800.0,,,,,
2017-11-22,,,,,,SPY,226.8846435546875,227.22527108469816,226.718687924212,227.09426049623252,45033400.0,,,,,
2017-11-24,,,,,,SPY,227.4087371826172,227.51357233228404,227.23406524369858,227.37381878799133,27856500.0,,,,,
2017-11-27,,,,,,SPY,227.29522705078125,227.74940610752606,227.09432632006434,227.4524398025085,52274900.0,,,,,
2017-11-28,,,,,,SPY,229.60110473632812,229.62730686283643,227.66206740891386,227.75815964295506,98971700.0,,,,,
2017-11-29,,,,,,SPY,229.46131896972656,230.26489516197006,229.01588288160568,229.73208312406396,77512100.0,,,,,
2017-11-30,,,,,,SPY,231.4702606201172,232.3786187053131,230.29985463494003,230.3784610083552,127894400.0,,,,,
2017-12-01,,,,,,SPY,230.98977661132812,231.73220543350666,227.7580668195733,231.25182442487917,164390900.0,,,,,
2017-12-04,,,,,,SPY,230.71034240722656,233.03366822283851,230.65791150982508,232.60569136026692,94040600.0,,,,,
2017-12-05,,,,,,SPY,229.88055419921875,231.59248823067725,229.74954359953608,229.88055419921875,77994500.0,,,,,
2017-12-06,,,,,,SPY,229.92425537109375,230.35225894459674,229.4613334017952,229.976659620051,75898600.0,,,,,
2017-12-07,,,,,,SPY,230.64923095703125,230.96365645856784,229.6622398184337,230.64923095703125,77218600.0,,,,,
2017-12-08,,,,,,SPY,231.906982421875,231.91569869326315,230.61428207474475,231.60127319694897,76563900.0,,,,,
2017-12-11,,,,,,SPY,232.60569763183594,232.66684480106926,231.88075449249916,232.60569763183594,83077500.0,,,,,
2017-12-12,,,,,,SPY,233.0161895751953,233.4878543703505,232.64061698611724,233.39176216427342,85195800.0,,,,,
2017-12-13,,,,,,SPY,232.99002075195312,233.6975047181604,232.9026714581071,233.26078490419235,102905400.0,,,,,
2017-12-14,,,,,,SPY,232.03797912597656,233.4005428387963,231.98557487973446,233.28699142018422,100666700.0,,,,,
2017-12-15,,,,,,SPY,233.97024536132812,234.43553349269078,232.98699699252464,233.0396690986028,144610300.0,,,,,
2017-12-18,,,,,,SPY,235.45387268066406,235.80502893603057,235.26073272148673,235.3660769189462,83653600.0,,,,,
2017-12-19,,,,,,SPY,234.5497283935547,235.7436655077379,234.4794810388875,235.69978100470783,82382900.0,,,,,
2017-12-20,,,,,,SPY,234.42672729492188,235.56799189149214,234.1282431203036,235.5153197895893,76751500.0,,,,,
2017-12-21,,,,,,SPY,234.9096221923828,235.62074932777256,234.66381005859233,235.05009009619357,67032300.0,,,,,
2017-12-22,,,,,,SPY,234.84817504882812,234.9623068882412,234.31263952346958,234.92718321653447,78720900.0,,,,,
2017-12-26,,,,,,SPY,234.56723022460938,234.7867062791785,234.30386967573068,234.44431077412563,45244400.0,,,,,
2017-12-27,,,,,,SPY,234.6813507080078,235.0412946350718,234.40920255682684,234.7340228152358,57751000.0,,,,,
2017-12-28,,,,,,SPY,235.16415405273438,235.20806533022463,234.795449354247,235.1817292803327,45116100.0,,,,,
2017-12-29,,,,,,SPY,234.2774658203125,235.76112583281383,234.08435264594527,235.74357739646385,96007400.0,,,,,
2018-01-02,,,,,,SPY,235.9542999267578,235.98942359604385,234.751575470931,235.1378554585482,86655700.0,,,,,
2018-01-03,,,,,,SPY,237.44680786132812,237.5960633999346,236.12116362326523,236.12116362326523,90070400.0,,,,,
2018-01-04,,,,,,SPY,238.4475555419922,238.93041894439426,237.50821837550382,238.08763838347974,80636400.0,,,,,
2018-01-05,,,,,,SPY,240.03656005859375,240.15945270574503,238.7460399102112,239.23766408183238,83524000.0,,,,,
2018-01-08,,,,,,SPY,240.47552490234375,240.63354122486592,239.6502928293821,239.93998942067273,57319200.0,,,,,
2018-01-09,,,,,,SPY,241.01988220214844,241.64318682639762,240.6160268870428,240.8969627258512,57254000.0,,,,,
2018-01-10,,,,,,SPY,240.65109252929688,240.91447986147978,239.5976235750946,240.26481254196977,69574300.0,,,,,
2018-01-11,,,,,,SPY,242.40687561035156,242.40687561035156,241.03734735877387,241.20415128096022,62361500.0,,,,,
2018-01-12,,,,,,SPY,243.9871063232422,244.1538834452127,242.3717392883683,242.67025024306636,90816100.0,,,,,
2018-01-16,,,,,,SPY,243.1531524658203,245.89220956615077,242.45960057454664,245.2425689643196,106555100.0,,,,,
2018-01-17,,,,,,SPY,245.47076416015625,245.85704412576092,243.1531111580364,244.08368740476362,113258800.0,,,,,
2018-01-18,,,,,,SPY,245.05819702148438,245.77805812089665,244.56654600971189,245.35668124153545,100728000.0,,,,,
2018-01-19,,,,,,SPY,246.17311096191406,246.17311096191406,245.0581823135061,245.63757548785358,140920100.0,,,,,
2018-01-22,,,,,,SPY,248.17469787597656,248.17469787597653,245.9096904252106,245.96238931636123,91322400.0,,,,,
2018-01-23,,,,,,SPY,248.70144653320312,248.9911430822644,247.8937630166444,248.21858322942705,97084700.0,,,,,
2018-01-24,,,,,,SPY,248.6048583984375,249.93928967925865,247.42847020558543,249.34229457344156,134816100.0,,,,,
2018-01-25,,,,,,SPY,248.710205078125,249.5617730729087,247.92009679641455,249.46521648794092,84587300.0,,,,,
2018-01-26,,,,,,SPY,251.58975219726562,251.63366347839286,249.28964767784194,249.54424737555524,107743100.0,,,,,
2018-01-29,,,,,,SPY,249.9217529296875,251.45808522868774,249.76373660889539,251.0191331432591,90118300.0,,,,,
2018-01-30,,,,,,SPY,247.35826110839844,249.9743981091749,246.88418540558078,248.09569731750025,131796400.0,,,,,
2018-01-31,,,,,,SPY,247.48117065429688,248.71023108676374,246.41012653639544,248.20984609063984,108364800.0,,,,,
2018-02-01,,,,,,SPY,247.2002410888672,248.49954888800508,246.41013270475324,246.7525281863909,90102500.0,,,,,
2018-02-02,,,,,,SPY,241.81869506835938,246.01507559481632,241.78357140273644,245.88336854660707,173174800.0,,,,,
2018-02-05,,,,,,SPY,231.7052001953125,242.1698278399502,231.16090399277928,240.06286356273918,294681800.0,,,,,
2018-02-06,,,,,,SPY,236.27032470703125,236.7707364527866,227.11379176202638,228.20238422661203,355026800.0,,,,,
2018-02-07,,,,,,SPY,234.98863220214844,239.1059783080259,234.90959724654337,235.71728090980616,167376100.0,,,,,
2018-02-08,,,,,,SPY,226.1744384765625,235.4275552292879,226.1393148107997,235.2870873577438,246449500.0,,,,,
2018-02-09,,,,,,SPY,229.5719451904297,231.42431016741446,222.0395256489663,228.95740154214974,283565300.0,,,,,
2018-02-12,,,,,,SPY,232.94308471679688,234.4091964404118,229.71240386406902,231.61744087262778,143736000.0,,,,,
2018-02-13,,,,,,SPY,233.52247619628906,234.06677241807566,231.16091216963022,231.74033205487234,81223600.0,,,,,
2018-02-14,,,,,,SPY,236.6741943359375,237.03413827941714,232.0300735324697,232.03886114791155,120735700.0,,,,,
2018-02-15,,,,,,SPY,239.6941680908203,239.7029557055696,235.95428785276758,238.4124355383196,111200300.0,,,,,
2018-02-16,,,,,,SPY,239.764404296875,241.70459187762137,239.02696798048893,239.07087926559547,160420100.0,,,,,
2018-02-20,,,,,,SPY,238.2631378173828,240.25599702366807,237.4730295837229,238.81622161839584,86369700.0,,,,,
2018-02-21,,,,,,SPY,237.0779571533203,241.17778049482195,236.98140057622757,238.7020848614056,98883700.0,,,,,
2018-02-22,,,,,,SPY,237.3852996826172,239.71174054605476,236.71811068253444,237.99984336345477,110511300.0,,,,,
2018-02-23,,,,,,SPY,241.1690216064453,241.1690216064453,238.13148100019365,238.60555670362223,92766400.0,,,,,
2018-02-26,,,,,,SPY,243.96958923339844,244.06617263387662,241.6519359115766,242.24011676430848,86491400.0,,,,,
2018-02-27,,,,,,SPY,240.92324829101562,244.86505645092993,240.8617885657484,244.15392938564298,99099200.0,,,,,
2018-02-28,,,,,,SPY,238.48269653320312,242.46838953671312,238.16666384672425,242.02064977268844,121907800.0,,,,,
2018-03-01,,,,,,SPY,235.01490783691406,239.81704371338597,233.5224603436801,238.27192412429704,176855100.0,,,,,
2018-03-02,,,,,,SPY,236.22640991210938,236.78828136385687,232.48655687849873,233.34688570066712,139083200.0,,,,,
2018-03-05,,,,,,SPY,238.9567413330078,239.57128497673156,234.9359251780348,235.04129618469474,97307400.0,,,,,
2018-03-06,,,,,,SPY,239.5625,240.01023971083006,238.0700521582396,239.93120475708733,79213200.0,,,,,
2018-03-07,,,,,,SPY,239.47467041015625,239.82582667878052,237.20968970474965,237.4028296712189,87063500.0,,,,,
2018-03-08,,,,,,SPY,240.63352966308594,240.75642231086204,239.15865714072376,240.15066631212258,66901200.0,,,,,
2018-03-09,,,,,,SPY,244.8211669921875,244.8211669921875,241.72216589576155,242.0382253742353,113625300.0,,,,,
2018-03-12,,,,,,SPY,244.51385498046875,245.73415461272276,244.12757500993573,245.11085016588888,71924800.0,,,,,
2018-03-13,,,,,,SPY,242.93357849121094,246.1730461616999,242.32782263142832,245.6726344877052,91968900.0,,,,,
2018-03-14,,,,,,SPY,241.68699645996094,244.07489676707442,241.13393936249835,243.89054440125355,105895100.0,,,,,
2018-03-15,,,,,,SPY,241.4236297607422,242.83704251505435,240.92321798909455,242.1961896626177,83433000.0,,,,,
2018-03-16,,,,,,SPY,241.6854705810547,242.73436294881552,241.63258751199234,241.9498859263665,100343700.0,,,,,
2018-03-19,,,,,,SPY,238.41529846191406,241.86165405267454,236.76704728781232,240.93617376844998,109208400.0,,,,,
2018-03-20,,,,,,SPY,238.82086181640625,239.45548556355632,238.14215091113388,238.81203900501873,59757300.0,,,,,
2018-03-21,,,,,,SPY,238.3623809814453,240.8656103103378,238.1508488096181,238.77664941714096,78709600.0,,,,,
2018-03-22,,,,,,SPY,232.40408325195312,236.98745229628895,232.13081823448522,236.14129640944108,148785900.0,,,,,
2018-03-23,,,,,,SPY,227.45045471191406,233.17088967006566,227.2565412065732,232.8447685244487,183534800.0,,,,,
2018-03-26,,,,,,SPY,233.6732940673828,233.95535498438946,228.64921511489823,231.04667911183574,141956100.0,,,,,
2018-03-27,,,,,,SPY,229.69813537597656,235.13648355929,228.14682704159767,234.60765289876343,129941400.0,,,,,
2018-03-28,,,,,,SPY,229.01937866210938,231.49619395397707,227.91760350865525,229.83029701052686,146452300.0,,,,,
2018-03-29,,,,,,SPY,231.94561767578125,233.80542746268947,229.02812025590532,230.15633653701627,111601600.0,,,,,
2018-04-02,,,,,,SPY,226.9392852783203,231.92812739453532,224.47130575320918,231.41688855818825,186286300.0,,,,,
2018-04-03,,,,,,SPY,229.8479461669922,230.3239206279813,226.38397108152986,228.17325309173245,119956900.0,,,,,
2018-04-04,,,,,,SPY,232.30712890625,233.01225437698196,226.17245123468194,226.30465889809264,123715300.0,,,,,
2018-04-05,,,,,,SPY,234.1404571533203,235.02187728674107,232.97697612149102,234.0611056703616,82652600.0,,,,,
2018-04-06,,,,,,SPY,228.9224853515625,233.67332686335382,227.4064413333874,232.18375127749687,179521200.0,,,,,
2018-04-09,,,,,,SPY,230.05067443847656,233.43532481155327,229.11637116929023,230.37679561184027,105442900.0,,,,,
2018-04-10,,,,,,SPY,233.70852661132812,234.49300338650028,231.79586011923547,232.93287264449012,103529000.0,,,,,
2018-04-11,,,,,,SPY,232.48342895507812,234.1405034372823,232.15730774505533,232.22780953419007,91140200.0,,,,,
2018-04-12,,,,,,SPY,234.39602661132812,235.33915251720393,233.62919547435055,233.80549024324878,68890500.0,,,,,
2018-04-13,,,,,,SPY,233.70852661132812,235.8151334939362,232.70372171705588,235.70054458081614,85079200.0,,,,,
2018-04-16,,,,,,SPY,235.63006591796875,236.3969241380238,234.51949468322138,235.3392090680808,63405300.0,,,,,
2018-04-17,,,,,,SPY,238.1509246826172,238.75028395961277,236.88167744967973,237.3928893273972,64682000.0,,,,,
2018-04-18,,,,,,SPY,238.32720947265625,239.12927814561803,237.8688537751826,238.59162476057676,57303900.0,,,,,
2018-04-19,,,,,,SPY,237.00511169433594,237.8777091627883,235.9738381325913,237.6749728150779,77655900.0,,,,,
2018-04-20,,,,,,SPY,234.99542236328125,237.1549125737747,234.11400217921198,236.9345575277574,99953100.0,,,,,
2018-04-23,,,,,,SPY,234.96018981933594,236.1236709422671,233.88485609641046,235.56837191092225,65558000.0,,,,,
2018-04-24,,,,,,SPY,231.79588317871094,236.20298397525707,230.2974581483618,235.98262893542974,112885500.0,,,,,
2018-04-25,,,,,,SPY,232.36878967285156,232.80949973120806,229.91844282434178,231.73416611286592,103840900.0,,,,,
2018-04-26,,,,,,SPY,234.73104858398438,235.5595858554559,232.95058918082958,233.39129935081172,67731900.0,,,,,
2018-04-27,,,,,,SPY,234.95143127441406,235.63893814441175,234.01712775618176,235.33925842147093,57053600.0,,,,,
2018-04-30,,,,,,SPY,233.14447021484375,236.12367485222273,233.0739415341474,235.5683758116827,82182300.0,,,,,
2018-05-01,,,,,,SPY,233.5587158203125,233.66448193214373,231.02901745124638,232.58032548825824,74203400.0,,,,,
2018-05-02,,,,,,SPY,231.9897918701172,234.17569660455436,231.60196485617357,233.36480513816895,86368900.0,,,,,
2018-05-03,,,,,,SPY,231.47857666015625,232.1308190231915,228.3318999811481,231.1612782885642,136311500.0,,,,,
2018-05-04,,,,,,SPY,234.47540283203125,235.15411363285418,230.18289056208346,230.50901174745036,91222100.0,,,,,
2018-05-07,,,,,,SPY,235.2686767578125,236.23821739751983,234.5547016940085,235.24223522943518,55304900.0,,,,,
2018-05-08,,,,,,SPY,235.2686767578125,235.63003534603325,233.70854588712598,234.89846846172185,67499200.0,,,,,
2018-05-09,,,,,,SPY,237.54275512695312,237.86887631255698,235.41852911669892,235.93856383142008,59666100.0,,,,,
2018-05-10,,,,,,SPY,239.76394653320312,240.09009464765438,238.17740071163087,238.28316684656053,72063900.0,,,,,
2018-05-11,,,,,,SPY,240.4955291748047,240.75994449971634,239.37610820211677,239.88734702869564,59871500.0,,,,,
2018-05-14,,,,,,SPY,240.61007690429688,241.579617528788,240.06357382839562,240.92737523984502,54790600.0,,,,,
2018-05-15,,,,,,SPY,238.9530487060547,239.40255476785495,238.0099225293542,239.38493604542785,87036100.0,,,,,
2018-05-16,,,,,,SPY,239.9578094482422,240.4161651346409,238.96180038979318,238.98826881675424,53942600.0,,,,,
2018-05-17,,,,,,SPY,239.75509643554688,240.83043006232478,238.97944242294543,239.69339057117915,56536400.0,,,,,
2018-05-18,,,,,,SPY,239.15574645996094,239.7727513992917,238.80318373697688,239.4113658661193,64368000.0,,,,,
2018-05-21,,,,,,SPY,240.95382690429688,241.49150719389405,240.2487015297659,240.6365285554006,58025900.0,,,,,
2018-05-22,,,,,,SPY,240.28392028808594,241.7294621619401,239.95779915524992,241.47384280155237,52966400.0,,,,,
2018-05-23,,,,,,SPY,240.94493103027344,240.9713994501306,238.85597017040791,239.01464619554758,64694200.0,,,,,
2018-05-24,,,,,,SPY,240.45147705078125,240.82168545840236,238.6710175064342,240.54844728325048,76043800.0,,,,,
2018-05-25,,,,,,SPY,239.87850952148438,240.5043103513088,239.3760935361218,239.87850952148438,56374800.0,,,,,
2018-05-29,,,,,,SPY,237.11964416503906,239.0147190473101,236.00907304336295,238.25668371463993,115908600.0,,,,,
2018-05-30,,,,,,SPY,240.28392028808594,240.72463033760636,238.3536350180888,238.4241367905371,69678400.0,,,,,
2018-05-31,,,,,,SPY,238.81201171875,240.1782023869531,238.21265238681653,239.87852272098635,93519900.0,,,,,
2018-06-01,,,,,,SPY,241.15660095214844,241.45628062814544,240.0371799489807,240.1077086367524,71258400.0,,,,,
2018-06-04,,,,,,SPY,242.30245971679688,242.5580791614445,241.73836465484743,241.9763384764614,45385200.0,,,,,
2018-06-05,,,,,,SPY,242.4787139892578,242.8577182376583,241.66779553102288,242.43462683786473,51135000.0,,,,,
2018-06-06,,,,,,SPY,244.50592041015625,244.61168651404307,242.4698422139183,243.0868470183322,62732200.0,,,,,
2018-06-07,,,,,,SPY,244.47947692871094,245.28157240851118,243.57161534586987,244.99071562514888,72969400.0,,,,,
2018-06-08,,,,,,SPY,245.20228576660156,245.25516882630356,243.85371394658182,244.0211859352413,72139700.0,,,,,
2018-06-11,,,,,,SPY,245.5283966064453,246.2423447812001,245.3080415673529,245.4226304914903,58892500.0,,,,,
2018-06-12,,,,,,SPY,245.84571838378906,246.20707697185418,245.20227199514045,245.9426616881948,72329000.0,,,,,
2018-06-13,,,,,,SPY,245.06124877929688,246.33931878526906,244.85851245663383,246.08369940431285,79070600.0,,,,,
2018-06-14,,,,,,SPY,245.67822265625,246.20705317244978,245.0876593814196,245.92501919674507,77097600.0,,,,,
2018-06-15,,,,,,SPY,245.3648223876953,245.70127036855243,243.78885054546487,244.89557310376134,120041600.0,,,,,
2018-06-18,,,,,,SPY,244.860107421875,244.98407329604225,243.43466198648548,243.91274659361608,52917600.0,,,,,
2018-06-19,,,,,,SPY,243.92172241210938,244.14306698780095,242.17752607487577,242.59365495795998,97531500.0,,,,,
2018-06-20,,,,,,SPY,244.3378143310547,245.00184795767245,244.0013663037661,244.60341697386283,53785500.0,,,,,
2018-06-21,,,,,,SPY,242.80612182617188,244.34669834937597,242.3103121693889,244.328973491891,71061400.0,,,,,
2018-06-22,,,,,,SPY,243.2488250732422,244.17848849838836,243.02748049862663,244.06338499645207,54898500.0,,,,,
2018-06-25,,,,,,SPY,239.93751525878906,242.2572020425829,238.25530192104247,242.09784043597134,137854200.0,,,,,
2018-06-26,,,,,,SPY,240.4686737060547,241.31862903294743,239.7515196771776,240.50409639205643,68547400.0,,,,,
2018-06-27,,,,,,SPY,238.47666931152344,242.47856981599526,238.3261431000306,241.05312361001518,105110700.0,,,,,
2018-06-28,,,,,,SPY,239.8400421142578,240.6014541700107,237.7151134516379,238.42343201237466,76650500.0,,,,,
2018-06-29,,,,,,SPY,240.1854248046875,242.29262948762698,240.07032130223428,240.9291393363835,97592500.0,,,,,
2018-07-02,,,,,,SPY,240.69883728027344,240.85822584666744,238.3791513670578,238.6182207068534,63554800.0,,,,,
2018-07-03,,,,,,SPY,239.84893798828125,241.69053969089012,239.4239737642924,241.59313404316126,42187100.0,,,,,
2018-07-05,,,,,,SPY,241.80560302734375,241.86758597984274,239.90204549181354,240.9733724606823,56925900.0,,,,,
2018-07-06,,,,,,SPY,243.85092163085938,244.22276541387367,241.4515268031284,241.83226003568575,66493700.0,,,,,
2018-07-09,,,,,,SPY,246.04661560058594,246.09973613516857,244.80709142765713,244.85134953327582,50550400.0,,,,,
2018-07-10,,,,,,SPY,246.93191528320312,247.0293209120054,246.20589884882935,246.49808871564431,51966800.0,,,,,
2018-07-11,,,,,,SPY,245.12574768066406,246.1705142878191,244.82472239371876,245.38251487407948,77054700.0,,,,,
2018-07-12,,,,,,SPY,247.34808349609375,247.40120402224898,245.7809739353221,246.3830245781455,60124700.0,,,,,
2018-07-13,,,,,,SPY,247.5429229736328,247.8439483621809,246.71952761499222,247.1710792076155,48216000.0,,,,,
2018-07-16,,,,,,SPY,247.3214874267578,247.72875374151752,246.87879842649093,247.58711703867334,48201000.0,,,,,
2018-07-17,,,,,,SPY,248.32199096679688,248.71155948323252,246.4981142851185,246.55123480830568,52315500.0,,,,,
2018-07-18,,,,,,SPY,248.84439086914062,248.95063192835636,247.95901268287895,248.4017017760098,44593500.0,,,,,
2018-07-19,,,,,,SPY,247.9059295654297,248.56110087586566,247.4278177072078,248.18039468302325,61412100.0,,,,,
2018-07-20,,,,,,SPY,247.62254333496094,248.33086203476083,247.4631817598543,247.70222412251422,82337700.0,,,,,
2018-07-23,,,,,,SPY,248.08299255371094,248.2866122554626,247.0736483951872,247.41895887666095,47047600.0,,,,,
2018-07-24,,,,,,SPY,249.3312530517578,250.17237284975738,248.46360001759905,249.49064160583424,68026900.0,,,,,
2018-07-25,,,,,,SPY,251.45616149902344,251.77488454253336,249.0390703407268,249.08332842357433,78882900.0,,,,,
2018-07-26,,,,,,SPY,250.86300659179688,251.54473794462018,250.64166208534337,250.73906771837133,57919500.0,,,,,
2018-07-27,,,,,,SPY,249.16311645507812,251.2880184882975,248.24231566683144,251.1906128472391,76768700.0,,,,,
2018-07-30,,,,,,SPY,247.86166381835938,249.40221340119325,247.3392668484823,249.24285179323138,63742500.0,,,,,
2018-07-31,,,,,,SPY,249.08340454101562,249.69431758068527,248.24231157277697,248.6230176642827,68570500.0,,,,,
2018-08-01,,,,,,SPY,248.66726684570312,249.79171426487278,248.0209581599443,249.28704229026565,53853300.0,,,,,
2018-08-02,,,,,,SPY,250.02198791503906,250.19018493185882,247.16220631548583,247.36585304894294,63426400.0,,,,,
2018-08-03,,,,,,SPY,251.09324645996094,251.14636698690998,249.96879892714696,250.14588536337493,53935400.0,,,,,
2018-08-06,,,,,,SPY,252.01400756835938,252.32386825352035,250.73906108335714,251.12862956597405,39400900.0,,,,,
2018-08-07,,,,,,SPY,252.84625244140625,253.22698553901878,252.54522714579193,252.67805546939303,43196600.0,,,,,
2018-08-08,,,,,,SPY,252.74008178710938,253.1385128296892,252.2796947984672,252.67812584104703,42114600.0,,,,,
2018-08-09,,,,,,SPY,252.394775390625,253.19161038385442,252.2619740616866,252.80204180590246,35717000.0,,,,,
2018-08-10,,,,,,SPY,250.70361328125,251.50044799964812,249.99529473854864,250.96038044170362,77076000.0,,,,,
2018-08-13,,,,,,SPY,249.76512145996094,251.58899784882067,249.47293160974718,250.97808491065413,65732900.0,,,,,
2018-08-14,,,,,,SPY,251.35887145996094,251.5979408721001,250.10164951750664,250.49121809619365,43842000.0,,,,,
2018-08-15,,,,,,SPY,249.4818115234375,250.15470744907108,248.04750348792777,250.01304372685388,102925400.0,,,,,
2018-08-16,,,,,,SPY,251.50048828125,252.36816850268517,250.8807128345686,250.91613552227457,69967900.0,,,,,
2018-08-17,,,,,,SPY,252.38589477539062,252.82858385301807,250.8896035314421,251.2968699173722,65618500.0,,,,,
2018-08-20,,,,,,SPY,252.92601013183594,253.1916127922392,252.38591536288368,252.83746690516844,39807500.0,,,,,
2018-08-21,,,,,,SPY,253.5191192626953,254.37793695600215,252.96132683039625,253.43943848945128,67272000.0,,,,,
2018-08-22,,,,,,SPY,253.36868286132812,253.891052739408,252.8462859636508,253.1119156264762,44993300.0,,,,,
2018-08-23,,,,,,SPY,253.0322265625,254.0504060210551,252.7134763814482,253.1915881432276,49204900.0,,,,,
2018-08-24,,,,,,SPY,254.5550079345703,254.6966716405088,253.5545265873472,253.6076470996255,57487400.0,,,,,
2018-08-27,,,,,,SPY,256.56488037109375,256.6711214264323,255.5909589978284,255.75032058083627,57072400.0,,,,,
2018-08-28,,,,,,SPY,256.6887512207031,257.13144013373443,256.2283374586149,257.02517209815386,46943500.0,,,,,
2018-08-29,,,,,,SPY,258.0700988769531,258.30027888148373,256.6623505008469,256.9013929354146,61485500.0,,,,,
2018-08-30,,,,,,SPY,257.0252685546875,257.96376724094705,256.4320803195823,257.5919235454238,61229500.0,,,,,
2018-08-31,,,,,,SPY,257.0342102050781,257.47689942068666,256.13113393229463,256.61808126162185,66140800.0,,,,,
2018-09-04,,,,,,SPY,256.5913391113281,256.9454848288669,255.59085787008118,256.61789936465385,57594400.0,,,,,
2018-09-05,,,,,,SPY,255.9008026123047,256.4408972432379,254.8914857411,256.23725057590366,72452400.0,,,,,
2018-09-06,,,,,,SPY,255.13052368164062,256.30806451437036,254.10348197555564,256.007039241489,65909900.0,,,,,
2018-09-07,,,,,,SPY,254.63478088378906,255.6087023274441,253.84678130041397,254.0858507118014,73524800.0,,,,,
2018-09-10,,,,,,SPY,255.07740783691406,255.90966532054676,254.882623595647,255.6440357081322,50210900.0,,,,,
2018-09-11,,,,,,SPY,255.9185028076172,256.3611918123144,254.0857908630611,254.4310742365368,50530500.0,,,,,
2018-09-12,,,,,,SPY,255.98048400878906,256.58253456637283,255.1925116359852,255.92736349015473,59810800.0,,,,,
2018-09-13,,,,,,SPY,257.49456787109375,257.68051677454054,256.759715745688,257.04304329604304,51034200.0,,,,,
2018-09-14,,,,,,SPY,257.5387268066406,257.8840101360217,256.75958993473887,257.6980883432781,55079900.0,,,,,
2018-09-17,,,,,,SPY,256.17523193359375,257.5209965808677,255.9007669530286,257.48560091985763,68244000.0,,,,,
2018-09-18,,,,,,SPY,257.5653076171875,258.15849572409456,256.36117953190404,256.38773979012984,61930400.0,,,,,
2018-09-19,,,,,,SPY,257.8397521972656,258.2558808895619,257.4944418480969,257.6184077230567,49080600.0,,,,,
2018-09-20,,,,,,SPY,259.9292297363281,260.24797982774675,257.8574487106688,259.0969993755768,100360600.0,,,,,
2018-09-21,,,,,,SPY,259.6917724609375,260.78572685618775,259.5316895177993,260.67010234995365,105479700.0,,,,,
2018-09-24,,,,,,SPY,258.8291015625,259.25601660965026,258.2510060962114,259.1137115939335,53409600.0,,,,,
2018-09-25,,,,,,SPY,258.58905029296875,259.38949248372154,258.3489257783172,259.2827704772097,44370000.0,,,,,
2018-09-26,,,,,,SPY,257.815185546875,259.91412321436593,257.3971730938539,258.7312519258059,79739700.0,,,,,
2018-09-27,,,,,,SPY,258.5356140136719,259.6206660004718,258.0108795398294,258.2865870236804,59249500.0,,,,,
2018-09-28,,,,,,SPY,258.5623474121094,259.0604014939994,257.8775298349885,257.9130857394722,70091400.0,,,,,
2018-10-01,,,,,,SPY,259.4606628417969,260.52791006634834,258.79362314823425,259.7986068206603,62078900.0,,,,,
2018-10-02,,,,,,SPY,259.30926513671875,260.0207627648232,258.9357383816271,259.30926513671875,47258200.0,,,,,
2018-10-03,,,,,,SPY,259.4516906738281,260.77686715736866,259.09594169443756,260.35885464256023,64694600.0,,,,,
2018-10-04,,,,,,SPY,257.4239196777344,259.0248038303383,255.84081347636905,258.9714428347122,111545900.0,,,,,
2018-10-05,,,,,,SPY,255.9830322265625,258.16201119191044,254.56000949174071,257.6461793607619,105951700.0,,,,,
2018-10-08,,,,,,SPY,255.9830322265625,256.33878112479266,253.91965061816597,255.2981877770208,87742200.0,,,,,
2018-10-09,,,,,,SPY,255.60952758789062,256.9080235309674,255.04921007260296,255.6006521845047,74339000.0,,,,,
2018-10-10,,,,,,SPY,247.5161590576172,255.17378805809057,247.1426320674937,255.10262196536394,214731000.0,,,,,
2018-10-11,,,,,,SPY,242.064208984375,248.04975962653202,240.45439529116155,246.43107052946968,274840500.0,,,,,
2018-10-12,,,,,,SPY,245.42608642578125,246.43997238862877,242.24206923125192,246.15536234428615,183186500.0,,,,,
2018-10-15,,,,,,SPY,244.04750061035156,246.3954925595385,243.9585565864753,245.07028903016487,102263700.0,,,,,
2018-10-16,,,,,,SPY,249.38389587402344,249.75745003667606,245.53286540334358,246.00423902412305,118255800.0,,,,,
2018-10-17,,,,,,SPY,249.42835998535156,250.05091401359377,246.8580209490984,249.41945743831997,110626000.0,,,,,
2018-10-18,,,,,,SPY,245.82630920410156,249.0903680882972,244.55449361278917,248.49446746711695,134557500.0,,,,,
2018-10-19,,,,,,SPY,245.69288635253906,248.405502838311,244.9991663473376,246.47555038751653,139901600.0,,,,,
2018-10-22,,,,,,SPY,244.59007263183594,246.68010818995015,244.0564355596308,246.35994223177246,82415800.0,,,,,
2018-10-23,,,,,,SPY,243.3449249267578,244.46556013102136,238.89799429639206,240.97918171628453,146352700.0,,,,,
2018-10-24,,,,,,SPY,235.97189331054688,243.47831310802016,235.42047834896334,243.09585651106832,177806700.0,,,,,
2018-10-25,,,,,,SPY,240.2053680419922,241.74401565139752,236.78125352573443,237.8040420361195,138061500.0,,,,,
2018-10-26,,,,,,SPY,235.98080444335938,241.0236356256426,233.2770902132027,236.5055661327389,201574600.0,,,,,
2018-10-29,,,,,,SPY,234.67332458496094,240.35651288536744,231.10690597699337,239.06689261627125,160749100.0,,,,,
2018-10-30,,,,,,SPY,238.15089416503906,238.46218471265607,234.01525443786565,234.50443305323765,157116000.0,,,,,
2018-10-31,,,,,,SPY,240.69456481933594,243.0069741099624,240.24096922248452,240.71234277026565,128296300.0,,,,,
2018-11-01,,,,,,SPY,243.25599670410156,243.4516627284058,240.4722139163721,241.55726602534855,99495000.0,,,,,
2018-11-02,,,,,,SPY,241.8152313232422,244.78577802798284,239.7696267410668,244.35886287316657,122634100.0,,,,,
2018-11-05,,,,,,SPY,243.14930725097656,243.70072235454933,241.3349517957428,242.3043795007196,65622500.0,,,,,
2018-11-06,,,,,,SPY,244.68788146972656,244.8479644418792,243.02473392791143,243.0869974643845,60085900.0,,,,,
2018-11-07,,,,,,SPY,249.92637634277344,250.0064178282418,246.43106862587547,246.85798369028106,102752100.0,,,,,
2018-11-08,,,,,,SPY,249.47276306152344,250.11312204168914,248.3343501125517,249.12588950722693,65584900.0,,,,,
2018-11-09,,,,,,SPY,247.03587341308594,248.35214737217913,245.63062828033082,248.1653839048309,98812600.0,,,,,
2018-11-12,,,,,,SPY,242.4199676513672,246.7690514205457,241.9041085312186,246.52892695269585,99673600.0,,,,,
2018-11-13,,,,,,SPY,241.96633911132812,244.8746213934451,241.24593866399726,242.88240555311336,98176600.0,,,,,
2018-11-14,,,,,,SPY,240.31214904785156,244.23431809199508,238.75572328236524,243.83411060887397,125335900.0,,,,,
2018-11-15,,,,,,SPY,242.82012939453125,243.2826274347736,237.4749385755685,239.04914185232997,135101400.0,,,,,
2018-11-16,,,,,,SPY,243.45159912109375,244.3587629193547,241.21032940248097,241.72618839628007,126668000.0,,,,,
2018-11-19,,,,,,SPY,239.33377075195312,243.14034163054626,238.41770428548043,242.8468290600021,103061700.0,,,,,
2018-11-20,,,,,,SPY,234.9045867919922,237.4660223874147,234.04188143022697,236.0074165626149,136021300.0,,,,,
2018-11-21,,,,,,SPY,235.70509338378906,237.599490110918,235.69621797932788,236.45217444737756,75563700.0,,,,,
2018-11-23,,,,,,SPY,234.13084411621094,235.52718652870087,233.9707611642056,234.06858058757408,42807900.0,,,,,
2018-11-26,,,,,,SPY,237.91075134277344,238.1330978393555,235.98967435527595,236.38100636061282,79981400.0,,,,,
2018-11-27,,,,,,SPY,238.71119689941406,238.71119689941406,236.27428794556133,236.8790639113208,75502400.0,,,,,
2018-11-28,,,,,,SPY,244.20761108398438,244.20761108398438,238.6489482392209,239.77848590009825,127629600.0,,,,,
2018-11-29,,,,,,SPY,243.67396545410156,245.07028072822635,242.29540098548318,243.43381388358048,82346400.0,,,,,
2018-11-30,,,,,,SPY,245.1592559814453,245.71957352817088,243.20262298270973,243.52278892831978,98204200.0,,,,,
2018-12-03,,,,,,SPY,248.4054718017578,249.3838017232441,246.813490577875,249.2770797576099,103176300.0,,,,,
2018-12-04,,,,,,SPY,240.35653686523438,248.00526095056608,240.0452463752336,247.57834595211617,177986000.0,,,,,
2018-12-06,,,,,,SPY,239.9918670654297,240.1074915650488,233.41041740788427,236.50548984099865,204185400.0,,,,,
2018-12-07,,,,,,SPY,234.41549682617188,241.2192949448085,233.5794717353162,239.65396675054097,161018900.0,,,,,
2018-12-10,,,,,,SPY,234.8601837158203,235.82961126558462,230.01301882509009,234.23760261616204,151445900.0,,,,,
2018-12-11,,,,,,SPY,234.91351318359375,238.23980792098703,233.446031807797,238.05304447291599,121504400.0,,,,,
2018-12-12,,,,,,SPY,236.09640502929688,239.24483913662817,236.01636354460717,237.88407961308872,97976700.0,,,,,
2018-12-13,,,,,,SPY,236.01638793945312,237.90188215211614,234.90465530067445,237.03917653874748,96662700.0,,,,,
2018-12-14,,,,,,SPY,231.6583709716797,234.8245829393611,231.10695599803614,233.87293341160515,116961100.0,,,,,
2018-12-17,,,,,,SPY,227.11361694335938,231.81846306627645,225.4860388815235,230.70673052985472,165492300.0,,,,,
2018-12-18,,,,,,SPY,226.86463928222656,229.41718696925932,225.26374136740526,228.75014730233016,134515100.0,,,,,
2018-12-19,,,,,,SPY,223.4671173095703,230.70671867180351,221.76840039515483,226.9446197617869,214992800.0,,,,,
2018-12-20,,,,,,SPY,219.8295440673828,223.7873091985889,217.58828746517864,222.22199466662704,252053400.0,,,,,
2018-12-21,,,,,,SPY,215.3253173828125,223.38548870397216,214.68121894770843,220.72858607171847,255345600.0,,,,,
2018-12-24,,,,,,SPY,209.63584899902344,215.45061830766886,209.57323550457585,213.84037176907972,147311600.0,,,,,
2018-12-26,,,,,,SPY,220.2275848388672,220.2275848388672,209.11690857829768,211.09393536988443,218485400.0,,,,,
2018-12-27,,,,,,SPY,221.91842651367188,222.11522151944322,213.76880366004917,216.99823741467299,186267300.0,,,,,
2018-12-28,,,,,,SPY,221.63209533691406,224.8973054085378,220.46913912982842,223.269177638779,153100200.0,,,,,
2018-12-31,,,,,,SPY,223.57337951660156,223.81491988199966,221.38166176077164,223.2513302461389,144299400.0,,,,,
2019-01-02,,,,,,SPY,223.8059539794922,224.72738367473102,220.02188548142522,220.0487217817502,126925200.0,,,,,
2019-01-03,,,,,,SPY,218.46531677246094,222.36568485027112,217.9822360854176,222.06151737501295,144140700.0,,,,,
2019-01-04,,,,,,SPY,225.78297424316406,226.42707273146465,221.11326702808634,221.48898887122783,142628800.0,,,,,
2019-01-07,,,,,,SPY,227.56320190429688,228.967685018204,225.1567801850317,226.05135993790628,103139100.0,,,,,
2019-01-08,,,,,,SPY,229.70123291015625,230.18431361996602,227.22325682723428,229.74597827796512,102512600.0,,,,,
2019-01-09,,,,,,SPY,230.7747344970703,231.61564162896792,229.18238366653358,230.40795353099523,95006600.0,,,,,
2019-01-10,,,,,,SPY,231.58877563476562,231.8392568355287,228.56509216100946,229.2449814061106,96823900.0,,,,,
2019-01-11,,,,,,SPY,231.6782989501953,231.70513525362898,229.93385732577602,230.51532876711232,73858100.0,,,,,
2019-01-14,,,,,,SPY,230.26483154296875,231.06994789059002,229.3792062906262,229.7817508142326,70908200.0,,,,,
2019-01-15,,,,,,SPY,232.90383911132812,233.2169474781809,230.6315989437874,230.64055347725395,85208300.0,,,,,
2019-01-16,,,,,,SPY,233.46743774414062,234.3530629785704,233.1274930641431,233.33322893857783,77636700.0,,,,,
2019-01-17,,,,,,SPY,235.2386932373047,236.09750948945432,232.55495387525625,232.59969924486884,96118400.0,,,,,
2019-01-18,,,,,,SPY,238.36972045898438,238.83491941669797,235.2744820652817,237.04575985726618,127900300.0,,,,,
2019-01-22,,,,,,SPY,235.14920043945312,237.11728664606434,233.53896794342953,236.9025962600359,115531200.0,,,,,
2019-01-23,,,,,,SPY,235.64126586914062,236.87579034797807,233.18117144550067,236.17801920347108,86030300.0,,,,,
2019-01-24,,,,,,SPY,235.76644897460938,236.3479475705065,234.4514158353714,235.46229517851125,59204100.0,,,,,
2019-01-25,,,,,,SPY,237.76141357421875,238.58443898655247,235.86490880279874,237.60932299896712,96883400.0,,,,,
2019-01-28,,,,,,SPY,235.954345703125,236.0169455325683,234.19202263725006,235.62335558879,85613700.0,,,,,
2019-01-29,,,,,,SPY,235.64126586914062,236.6610726340007,234.80931321615319,236.09751029838282,66136300.0,,,,,
2019-01-30,,,,,,SPY,239.37167358398438,240.2125808598044,236.39273457951535,237.15313294174558,92473700.0,,,,,
2019-01-31,,,,,,SPY,241.47393798828125,241.95701876265906,239.0943522557528,239.309069989038,104012100.0,,,,,
2019-02-01,,,,,,SPY,241.5902099609375,242.61004400064866,240.80297539703585,241.6707188640082,85782500.0,,,,,
2019-02-04,,,,,,SPY,243.2898712158203,243.3524983427084,240.963958692069,241.63489342197394,60744800.0,,,,,
2019-02-05,,,,,,SPY,244.3097381591797,244.61389200183342,243.21834975887742,243.71931224094328,79552800.0,,,,,
2019-02-06,,,,,,SPY,243.98765563964844,244.52440891312497,243.25412104298292,244.03240100434138,58347800.0,,,,,
2019-02-07,,,,,,SPY,241.66175842285156,242.92309169804167,240.006780619395,242.37741121874424,95482000.0,,,,,
2019-02-08,,,,,,SPY,241.9569091796875,242.05529981672302,239.59520628605011,240.41823140666887,75788900.0,,,,,
2019-02-11,,,,,,SPY,242.09117126464844,242.86945129093857,241.56337248015748,242.61004281578042,68021400.0,,,,,
2019-02-12,,,,,,SPY,245.20437622070312,245.58008452137835,243.62990673105475,243.70148841717378,72270200.0,,,,,
2019-02-13,,,,,,SPY,246.0004425048828,246.84134953696977,245.61577981797595,246.03623333401944,65277200.0,,,,,
2019-02-14,,,,,,SPY,245.4547882080078,246.581967392561,244.10396409321197,244.9180349153441,83234400.0,,,,,
2019-02-15,,,,,,SPY,248.12960815429688,248.1653989923437,247.02033787853892,247.22607377138476,97088700.0,,,,,
2019-02-19,,,,,,SPY,248.55899047851562,249.21201622764568,247.32446604809505,247.33342058177877,59120800.0,,,,,
2019-02-20,,,,,,SPY,249.0600128173828,249.51625733838685,248.022296775743,248.5232593750982,76610800.0,,,,,
2019-02-21,,,,,,SPY,248.17431640625,248.7826240600063,247.21710955964718,248.4247976342912,64214700.0,,,,,
2019-02-22,,,,,,SPY,249.7130584716797,249.90983985080476,248.15647080608954,248.7916149217034,78114600.0,,,,,
2019-02-25,,,,,,SPY,250.0528564453125,251.6541614228157,249.97234756493305,251.13531731579243,69030700.0,,,,,
2019-02-26,,,,,,SPY,249.87400817871094,250.75067881182883,249.4982726927991,249.70403585179915,56844100.0,,,,,
2019-02-27,,,,,,SPY,249.76670837402344,250.1155803239667,248.2280299194689,249.1583733195915,56921600.0,,,,,
2019-02-28,,,,,,SPY,249.30149841308594,249.99034234875845,248.97946278114267,249.5519796714006,69268300.0,,,,,
2019-03-01,,,,,,SPY,250.85806274414062,251.26956178049417,249.42672969982436,250.875944510797,78880500.0,,,,,
2019-03-04,,,,,,SPY,249.94558715820312,252.155200325263,247.65546508632025,251.913673610794,106494600.0,,,,,
2019-03-05,,,,,,SPY,249.60560607910156,250.26761358958612,249.05992559250146,250.07080497302118,59114600.0,,,,,
2019-03-06,,,,,,SPY,248.0937042236328,249.7307998879835,247.7716687292413,249.72184535745106,75039800.0,,,,,
2019-03-07,,,,,,SPY,246.0184326171875,247.78968338711277,245.1775253080747,247.64654732381564,94885100.0,,,,,
2019-03-08,,,,,,SPY,245.5263214111328,245.69629372749952,243.7013985939388,244.1665701806032,85795800.0,,,,,
2019-03-11,,,,,,SPY,249.08676147460938,249.2477792605108,246.21516842441596,246.2420047220662,65098900.0,,,,,
2019-03-12,,,,,,SPY,250.02609252929688,250.54496408692307,249.45357566962204,249.6414297782207,79667500.0,,,,,
2019-03-13,,,,,,SPY,251.68101501464844,252.6113854192015,250.75064461009535,250.91168968232336,80639200.0,,,,,
2019-03-14,,,,,,SPY,251.52005004882812,252.12835773703998,251.08171470002955,251.7079041553978,67518400.0,,,,,
2019-03-15,,,,,,SPY,252.76260375976562,253.57126609888462,251.88204448079483,252.0707533824196,81309000.0,,,,,
2019-03-18,,,,,,SPY,253.67919921875,253.9757262440812,252.75372449783706,252.97835455068642,62199800.0,,,,,
2019-03-19,,,,,,SPY,253.74208068847656,255.50317247562955,252.85255452926685,254.73945229726,90268100.0,,,,,
2019-03-20,,,,,,SPY,252.97830200195312,254.7304270184905,251.87313992072177,253.52641347579527,84609200.0,,,,,
2019-03-21,,,,,,SPY,255.8356170654297,256.23993462503853,252.11573099309788,252.1606734468245,79550400.0,,,,,
2019-03-22,,,,,,SPY,250.91175842285156,255.00001424357242,250.84885542975505,254.47888460808878,122659300.0,,,,,
2019-03-25,,,,,,SPY,250.7230987548828,251.75639156038153,249.46517588642084,250.57033824697652,85575200.0,,,,,
2019-03-26,,,,,,SPY,252.59181213378906,253.5442406654948,251.19012382597154,252.4750002046975,68125900.0,,,,,
2019-03-27,,,,,,SPY,251.2711639404297,253.16705578717867,249.7257081273142,252.58299573112288,72224700.0,,,,,
2019-03-28,,,,,,SPY,252.22366333007812,252.67292354704202,250.7501040771837,251.90020913578456,56238500.0,,,,,
2019-03-29,,,,,,SPY,253.81398010253906,254.13743419240424,252.6099664002764,253.73311658007276,82186800.0,,,,,
2019-04-01,,,,,,SPY,256.823974609375,257.12050158234626,255.53909751491526,255.80866998313059,77617900.0,,,,,
2019-04-02,,,,,,SPY,256.9498596191406,257.18348367932794,256.1591573421968,257.0127626231394,40070400.0,,,,,
2019-04-03,,,,,,SPY,257.3541259765625,258.55813955865335,256.75210547518907,258.16278854117206,68243200.0,,,,,
2019-04-04,,,,,,SPY,258.03692626953125,258.28851073297454,256.9856733911128,257.6775238104194,48997500.0,,,,,
2019-04-05,,,,,,SPY,259.28594970703125,259.3398587189356,258.41438412036786,258.70191713096256,58621700.0,,,,,
2019-04-08,,,,,,SPY,259.4835510253906,259.591369018369,258.2076407936316,258.8635701451157,53566300.0,,,,,
2019-04-09,,,,,,SPY,258.1537780761719,258.8456286022435,257.6056940400608,258.522174565323,66142300.0,,,,,
2019-04-10,,,,,,SPY,259.03436279296875,259.1242202855344,258.1538032388763,258.56711479989013,52601500.0,,,,,
2019-04-11,,,,,,SPY,258.96240234375,259.5284742454136,258.3963304420864,259.5194802721649,55093100.0,,,,,
2019-04-12,,,,,,SPY,260.7146911621094,260.99323030165215,259.00750782987916,260.5709246028829,69727800.0,,,,,
2019-04-15,,,,,,SPY,260.5438232421875,260.8852652003275,259.7441273485804,260.7864137500308,49596700.0,,,,,
2019-04-16,,,,,,SPY,260.7146911621094,261.4784390114582,260.1216643880503,261.4245299793317,52153200.0,,,,,
2019-04-17,,,,,,SPY,260.07672119140625,261.8557739004012,259.66338209560803,261.8288193872547,58268300.0,,,,,
2019-04-18,,,,,,SPY,260.5887451171875,260.8583175536374,259.36677115136985,260.6606420685019,68708500.0,,,,,
2019-04-22,,,,,,SPY,260.8133850097656,260.96614547162113,259.73517748497306,259.8250349672025,40160100.0,,,,,
2019-04-23,,,,,,SPY,263.1585693359375,263.3921933348262,260.94821758401093,261.1818141622424,52246600.0,,,,,
2019-04-24,,,,,,SPY,262.5745849609375,263.41020222021825,262.4308184291265,263.07775411194496,50392900.0,,,,,
2019-04-25,,,,,,SPY,262.41278076171875,263.06871029746924,261.22675508512435,262.47568374884355,57770900.0,,,,,
2019-04-26,,,,,,SPY,263.6347351074219,263.7066046365047,261.68493480047965,262.45767619654384,50916400.0,,,,,
2019-04-29,,,,,,SPY,264.0480651855469,264.56922213553327,263.6347536677554,263.72461115092415,57197700.0,,,,,
2019-04-30,,,,,,SPY,264.1827697753906,264.4703026793409,262.29590021725363,263.70655539975604,81111700.0,,,,,
2019-05-01,,,,,,SPY,262.1971435546875,265.0185097807534,262.1881495792361,264.8118402899683,71671900.0,,,,,
2019-05-02,,,,,,SPY,261.63104248046875,262.9968104059952,260.13949601586444,262.0803024726753,65030200.0,,,,,
2019-05-03,,,,,,SPY,264.1918029785156,264.47034195162666,261.73883379978037,263.10460158602905,56543700.0,,,,,
2019-05-06,,,,,,SPY,263.1047058105469,263.54497195780687,259.5824943704813,259.896981941665,107198100.0,,,,,
2019-05-07,,,,,,SPY,258.7109680175781,261.29871111513995,256.8061091876135,260.70568437022655,144729900.0,,,,,
2019-05-08,,,,,,SPY,258.35137939453125,260.0585614140836,257.758353076459,258.35137939453125,91568300.0,,,,,
2019-05-09,,,,,,SPY,257.5697937011719,258.1717868559465,254.5507516890629,256.2849164466201,103471100.0,,,,,
2019-05-10,,,,,,SPY,258.86358642578125,259.6183398447477,253.65215459865416,256.6352472217009,112429300.0,,,,,
2019-05-13,,,,,,SPY,252.3582763671875,254.72138800173758,251.52265947288163,253.7599925849476,127290500.0,,,,,
2019-05-14,,,,,,SPY,254.6405029296875,256.1679975405137,253.24780822384145,253.37358673566888,77003200.0,,,,,
2019-05-15,,,,,,SPY,256.1321105957031,256.7700521218785,252.80757560681195,253.01424507952993,73956400.0,,,,,
2019-05-16,,,,,,SPY,258.50433349609375,259.86108067213627,256.7612017031912,256.83307127105655,76749600.0,,,,,
2019-05-17,,,,,,SPY,256.8329772949219,259.312901499198,256.1860417381828,256.2040296890674,100353000.0,,,,,
2019-05-20,,,,,,SPY,255.1348114013672,256.9408182840054,254.3890243100717,255.23363545743854,62877600.0,,,,,
2019-05-21,,,,,,SPY,257.4349670410156,257.81233007528556,256.5723681213772,256.82395261777503,46847100.0,,,,,
2019-05-22,,,,,,SPY,256.644287109375,257.59671617184193,256.1680725781415,256.48256008080267,49482500.0,,,,,
2019-05-23,,,,,,SPY,253.50848388671875,254.46987959084603,252.09780069472387,254.42496455238847,98733800.0,,,,,
2019-05-24,,,,,,SPY,254.08349609375,255.35940661704134,253.46351507181586,254.9460676553149,55268100.0,,,,,
2019-05-28,,,,,,SPY,251.72039794921875,255.31447831235778,251.7024374188396,254.3620492097785,70029400.0,,,,,
2019-05-29,,,,,,SPY,250.0312042236328,251.01058794348035,248.6295149162675,250.6062703090443,104972900.0,,,,,
2019-05-30,,,,,,SPY,250.71408081054688,251.62159495277587,249.61788511125124,250.78595035873343,62523800.0,,,,,
2019-05-31,,,,,,SPY,247.33563232421875,248.99790008924552,247.30867781649005,248.1712769051262,86862800.0,,,,,
2019-06-03,,,,,,SPY,246.7066650390625,248.48571724890928,245.37684544872747,247.37156112390167,96428000.0,,,,,
2019-06-04,,,,,,SPY,252.06182861328125,252.1966011366948,248.54861192613726,248.99787195128627,77231900.0,,,,,
2019-06-05,,,,,,SPY,254.2451629638672,254.27211746189298,251.87308487565122,253.6790910846767,71169700.0,,,,,
2019-06-06,,,,,,SPY,255.89845275878906,256.5723426738006,253.89477096070462,254.54170637594174,69430400.0,,,,,
2019-06-07,,,,,,SPY,258.4593505859375,259.5375858798903,256.7431735770717,256.9138946222919,74272200.0,,,,,
2019-06-10,,,,,,SPY,259.6453857421875,261.3076536120134,259.55552823720706,260.0047883414486,60799100.0,,,,,
2019-06-11,,,,,,SPY,259.5824890136719,261.8287895891115,258.9355533511188,261.46039300426,58641300.0,,,,,
2019-06-12,,,,,,SPY,259.1242980957031,259.9060064165086,258.6121349128771,259.348928184241,47096300.0,,,,,
2019-06-13,,,,,,SPY,260.19342041015625,260.55285036170267,259.33084885188674,260.0316933843536,48945200.0,,,,,
2019-06-14,,,,,,SPY,259.90594482421875,260.50793796326803,259.1421972200491,259.90594482421875,52324700.0,,,,,
2019-06-17,,,,,,SPY,260.0047607421875,260.7685083224592,259.83403972704474,260.13953327502185,39205700.0,,,,,
2019-06-18,,,,,,SPY,262.7273254394531,263.7786062363526,261.4604085491026,261.81983859907155,85434800.0,,,,,
2019-06-19,,,,,,SPY,263.32037353515625,263.85049725511794,261.89172945851396,262.8621193786363,78674400.0,,,,,
2019-06-20,,,,,,SPY,265.836181640625,266.2405267117123,263.38323896605675,265.9979361214567,116570000.0,,,,,
2019-06-21,,,,,,SPY,265.44976806640625,266.8221515056671,265.23308319547755,265.5671482228351,83309500.0,,,,,
2019-06-24,,,,,,SPY,265.1246643066406,265.9733556577188,264.97116086464666,265.6573661634113,47582700.0,,,,,
2019-06-25,,,,,,SPY,262.5243835449219,265.2059687471691,262.41604112123906,265.1788831412484,82028700.0,,,,,
2019-06-26,,,,,,SPY,262.2625427246094,263.92385754593755,262.1542002988309,263.41824118962137,51584900.0,,,,,
2019-06-27,,,,,,SPY,263.19256591796875,263.6981823651526,262.6418159699409,263.0210145283139,40355200.0,,,,,
2019-06-28,,,,,,SPY,264.54681396484375,265.04339252576335,263.65296153358025,264.1675879780534,59350900.0,,,,,
2019-07-01,,,,,,SPY,266.9485168457031,268.08616730223594,265.7476574629136,267.86945491993043,78705600.0,,,,,
2019-07-02,,,,,,SPY,267.6437072753906,267.6978784773819,266.0636495912675,266.90333077615117,61504500.0,,,,,
2019-07-03,,,,,,SPY,269.78363037109375,269.80170581299336,268.1764866215848,268.32095238664516,40898900.0,,,,,
2019-07-05,,,,,,SPY,269.4765930175781,269.6391341895929,267.2645286286108,268.5556549615941,51677300.0,,,,,
2019-07-08,,,,,,SPY,267.9958801269531,269.2960442403786,267.4541404873554,268.16743147205943,45841800.0,,,,,
2019-07-09,,,,,,SPY,268.3299255371094,268.6278671624564,266.7859910977244,266.8401623023329,41101300.0,,,,,
2019-07-10,,,,,,SPY,269.6120300292969,270.5600812739369,268.8626432853066,269.39534519807506,58448500.0,,,,,
2019-07-11,,,,,,SPY,270.24407958984375,270.4878500388574,269.24188463431943,270.253117309667,50826100.0,,,,,
2019-07-12,,,,,,SPY,271.4539794921875,271.526226150782,270.42469881644513,270.7316782304043,40326000.0,,,,,
2019-07-15,,,,,,SPY,271.54425048828125,271.88735320178154,271.03863413807807,271.88735320178154,33900000.0,,,,,
2019-07-16,,,,,,SPY,270.66839599609375,271.6615806276131,270.3614166652641,271.4539059829256,36650100.0,,,,,
2019-07-17,,,,,,SPY,268.8265686035156,270.8039007082595,268.8265686035156,270.641387055438,36036300.0,,,,,
2019-07-18,,,,,,SPY,269.8106689453125,270.18989495674094,267.8875359461371,268.3299433311183,51392600.0,,,,,
2019-07-19,,,,,,SPY,268.31195068359375,270.93032731709434,268.1403993042997,270.90324170741786,58678600.0,,,,,
2019-07-22,,,,,,SPY,268.97100830078125,269.51274797837686,268.1945358876464,268.70916240503885,43638100.0,,,,,
2019-07-23,,,,,,SPY,270.8941650390625,270.8941650390625,269.259935864137,270.090607031503,44564500.0,,,,,
2019-07-24,,,,,,SPY,272.1672668457031,272.1672668457031,270.04546903159616,270.1357635765845,47213200.0,,,,,
2019-07-25,,,,,,SPY,270.8670349121094,271.76992502848304,270.0634494826073,271.7157538258222,55394100.0,,,,,
2019-07-26,,,,,,SPY,272.68182373046875,272.8804606370098,271.4267933768651,271.55321120558057,45084100.0,,,,,
2019-07-29,,,,,,SPY,272.185302734375,272.68190893290586,271.6345528760698,272.5645287849981,38126500.0,,,,,
2019-07-30,,,,,,SPY,271.51708984375,271.9234013772406,270.40652519182134,270.7857511266804,45849000.0,,,,,
2019-07-31,,,,,,SPY,268.5466613769531,271.9505755193534,266.5332335970876,271.7609487131754,104245200.0,,,,,
2019-08-01,,,,,,SPY,266.2081604003906,271.65258755474997,265.4136125645929,268.70014633011544,142646600.0,,,,,
2019-08-02,,,,,,SPY,264.2037048339844,265.55804002591907,262.6507327117384,265.31426961081803,116749700.0,,,,,
2019-08-05,,,,,,SPY,256.2583312988281,260.2220053837113,254.36225615994783,260.1136629564653,178745400.0,,,,,
2019-08-06,,,,,,SPY,259.8517761230469,260.0684884974278,256.67361269034296,258.1453280546701,120711700.0,,,,,
2019-08-07,,,,,,SPY,260.00537109375,260.77283350802816,254.65123719190635,256.7820454862,140572300.0,,,,,
2019-08-08,,,,,,SPY,265.10662841796875,265.10662841796875,260.94431762874206,261.4950674503696,87713900.0,,,,,
2019-08-09,,,,,,SPY,263.3008728027344,264.76355072411707,261.52217775603447,264.167639801697,93730000.0,,,,,
2019-08-12,,,,,,SPY,260.09552001953125,263.2917306713518,259.1474690195382,261.8019677330944,65527600.0,,,,,
2019-08-13,,,,,,SPY,264.1404724121094,265.5851019991185,259.4544708605961,259.79757348733773,94299800.0,,,,,
2019-08-14,,,,,,SPY,256.33056640625,260.7005524202266,256.20417608457865,260.09563131231886,135622100.0,,,,,
2019-08-15,,,,,,SPY,257.0076599121094,257.901539842479,254.96714703508582,257.2153345533102,99556600.0,,,,,
2019-08-16,,,,,,SPY,260.7997741699219,261.23314372232244,257.06179645637553,258.65992934289835,83018300.0,,,,,
2019-08-19,,,,,,SPY,263.9420166015625,264.6191846019183,263.13845823590594,263.8156262362617,53571800.0,,,,,
2019-08-20,,,,,,SPY,261.9194030761719,263.9689538188934,261.79301278192634,263.4362519312439,51596400.0,,,,,
2019-08-21,,,,,,SPY,264.0502624511719,264.4204232030708,263.39114265467236,264.077348056287,49524700.0,,,,,
2019-08-22,,,,,,SPY,263.9689636230469,265.38650783914835,262.1993065597355,264.75450123640525,51666400.0,,,,,
2019-08-23,,,,,,SPY,257.18829345703125,264.33015864750445,255.94230050225514,262.6688438924776,149161500.0,,,,,
2019-08-26,,,,,,SPY,260.03240966796875,260.03240966796875,257.84740299073746,259.37328982123614,72423800.0,,,,,
2019-08-27,,,,,,SPY,259.0120849609375,261.7930019677156,258.2536605647307,261.42281371111113,66668900.0,,,,,
2019-08-28,,,,,,SPY,260.8359375,260.9984511070822,257.5494042686789,258.3529896937288,59696700.0,,,,,
2019-08-29,,,,,,SPY,264.1676330566406,264.6913248632864,262.3889380553566,263.3911606210267,57899400.0,,,,,
2019-08-30,,,,,,SPY,264.0502624511719,265.66641614641384,263.12028660352104,265.64836826101157,62901200.0,,,,,
2019-09-03,,,,,,SPY,262.5063171386719,263.2647416845759,261.17906729483354,262.3528412178477,69101400.0,,,,,
2019-09-04,,,,,,SPY,265.4858093261719,265.5038572084943,263.92379955368773,264.6732137573608,46887300.0,,,,,
2019-09-05,,,,,,SPY,268.8987731933594,269.8106735830968,265.44972592383255,267.96879736456265,83258100.0,,,,,
2019-09-06,,,,,,SPY,269.1064147949219,269.7474866798832,268.53761711069353,269.21478476498777,49584300.0,,,,,
2019-09-09,,,,,,SPY,269.2419128417969,270.1808989649801,268.3028991645869,270.0906319733859,51260300.0,,,,,
2019-09-10,,,,,,SPY,269.17864990234375,269.2418588270002,267.22840383509777,268.4834068391647,57947100.0,,,,,
2019-09-11,,,,,,SPY,271.0928649902344,271.17412182646217,268.83563880380444,269.4857210476575,68821100.0,,,,,
2019-09-12,,,,,,SPY,272.0318298339844,273.0881960688336,271.23728195073244,271.99570650637503,72908700.0,,,,,
2019-09-13,,,,,,SPY,271.8511962890625,272.82633309685326,271.4810080151809,272.47419270681183,62104800.0,,,,,
2019-09-16,,,,,,SPY,271.0115661621094,271.896408609539,270.3705217396185,270.7226346420475,58191200.0,,,,,
2019-09-17,,,,,,SPY,271.69775390625,271.7880208906066,270.64136015983695,270.8129115165538,41475500.0,,,,,
2019-09-18,,,,,,SPY,271.86029052734375,271.96863296095114,269.2780097922511,271.3095130844703,73375800.0,,,,,
2019-09-19,,,,,,SPY,271.84222412109375,273.2417207457767,271.5081590883585,272.24853581465317,76560500.0,,,,,
2019-09-20,,,,,,SPY,270.5577697753906,272.7256557739762,269.7686322549902,272.44444179650503,89565000.0,,,,,
2019-09-23,,,,,,SPY,270.4942321777344,271.2108170035137,269.64159394991134,269.89556952748023,43476800.0,,,,,
2019-09-24,,,,,,SPY,268.3717956542969,271.9728243964235,267.41031441968806,271.5827953011382,94869400.0,,,,,
2019-09-25,,,,,,SPY,269.95916748046875,270.4036179808236,266.97493260928337,268.4534446997761,71854000.0,,,,,
2019-09-26,,,,,,SPY,269.3968200683594,270.1768783815456,267.99088814051237,269.9682722975083,56179700.0,,,,,
2019-09-27,,,,,,SPY,267.9454040527344,270.25842267385457,266.3943398657859,270.14955226807103,84746600.0,,,,,
2019-09-30,,,,,,SPY,269.1881408691406,269.8956464426555,268.41716214409126,268.4625040639401,51662400.0,,,,,
2019-10-01,,,,,,SPY,265.9861145019531,270.7209661205217,265.76842908357344,270.067882184124,88242400.0,,,,,
2019-10-02,,,,,,SPY,261.28765869140625,264.4170262525811,259.99964920337914,264.4079467960568,122539500.0,,,,,
2019-10-03,,,,,,SPY,263.4283142089844,263.4555248952082,258.3487738908161,261.0608737824399,85278800.0,,,,,
2019-10-04,,,,,,SPY,266.9930419921875,267.2470176140269,264.0269389043035,264.0813879558739,65091200.0,,,,,
2019-10-07,,,,,,SPY,265.84112548828125,267.818537273,265.5599391103268,266.1948921658021,59610500.0,,,,,
2019-10-08,,,,,,SPY,261.71392822265625,264.72537300214316,261.67763808472165,263.99065687623875,95708100.0,,,,,
2019-10-09,,,,,,SPY,264.1993103027344,265.13358083305707,263.1017756443016,263.72764914999317,62359400.0,,,,,
2019-10-10,,,,,,SPY,265.9861145019531,266.8659633095825,263.9543101137197,264.1175741775045,55296300.0,,,,,
2019-10-11,,,,,,SPY,268.74371337890625,270.97507304287916,268.6167393837116,268.7346339216523,98720400.0,,,,,
2019-10-14,,,,,,SPY,268.4443664550781,269.0974506367518,268.0996792923519,268.42620754255415,40394800.0,,,,,
2019-10-15,,,,,,SPY,271.10205078125,271.8458464973218,269.3695631563232,269.4874853651235,46754500.0,,,,,
2019-10-16,,,,,,SPY,270.6666564941406,271.35603084525394,270.2312854776649,270.6394458056109,48928200.0,,,,,
2019-10-17,,,,,,SPY,271.46484375,272.3356133684746,270.77546947468795,271.8276621175921,45736600.0,,,,,
2019-10-18,,,,,,SPY,270.276611328125,271.5737002063706,269.4239728965291,270.9296954952778,64304000.0,,,,,
2019-10-21,,,,,,SPY,272.1088562011719,272.30841046123777,271.15645449887944,271.5918531611871,39048600.0,,,,,
2019-10-22,,,,,,SPY,271.219970703125,272.93429940069217,271.12925918317654,272.6440336093649,48594700.0,,,,,
2019-10-23,,,,,,SPY,272.009033203125,272.063454563809,270.75728654487045,270.96592021500015,34352200.0,,,,,
2019-10-24,,,,,,SPY,272.45361328125,273.0885663666014,271.62818534280314,272.9434334419132,35453100.0,,,,,
2019-10-25,,,,,,SPY,273.5692138671875,274.1134552290327,271.82764704553614,271.8820684135941,45205400.0,,,,,
2019-10-28,,,,,,SPY,275.1111755371094,275.61007494387354,274.7574366745982,274.7846473563298,42147000.0,,,,,
2019-10-29,,,,,,SPY,275.0295715332031,275.9547901689378,274.7120950931229,274.8390967416614,44284900.0,,,,,
2019-10-30,,,,,,SPY,275.8731689453125,276.24503908773704,273.9229683145181,275.22913658461215,49643900.0,,,,,
2019-10-31,,,,,,SPY,275.138427734375,275.864092158819,273.68715424802167,275.864092158819,69053800.0,,,,,
2019-11-01,,,,,,SPY,277.68731689453125,277.7326588147076,276.41741095435447,276.5807027657832,71141500.0,,,,,
2019-11-04,,,,,,SPY,278.80303955078125,279.37449180392974,278.43114161331516,279.2384383344362,60606900.0,,,,,
2019-11-05,,,,,,SPY,278.49456787109375,279.30186437599883,278.2043020930648,279.00251914201027,42933200.0,,,,,
2019-11-06,,,,,,SPY,278.55810546875,278.8302123707764,277.61475540627197,278.4946046311865,46487100.0,,,,,
2019-11-07,,,,,,SPY,279.53759765625,280.8709762647031,279.0659366686972,279.8913641578595,54272300.0,,,,,
2019-11-08,,,,,,SPY,280.2270202636719,280.28144163006976,278.49453294996727,279.19295893958304,49032100.0,,,,,
2019-11-11,,,,,,SPY,279.69189453125,279.864238107545,278.7122544469131,278.84833556176477,35797300.0,,,,,
2019-11-12,,,,,,SPY,280.281494140625,281.17947453569053,279.5104877305214,280.05472917772806,46484600.0,,,,,
2019-11-13,,,,,,SPY,280.37225341796875,280.7713620351493,279.0660847947005,279.2928497962224,53917700.0,,,,,
2019-11-14,,,,,,SPY,280.78033447265625,280.8619942096514,279.45603498872856,280.090987886083,51219900.0,,,,,
2019-11-15,,,,,,SPY,282.81219482421875,282.85753674364037,281.4243943784293,282.11374103249324,62023600.0,,,,,
2019-11-18,,,,,,SPY,283.0207214355469,283.25656578539156,282.1227413053871,282.5762710973889,49228000.0,,,,,
2019-11-19,,,,,,SPY,282.9390869140625,283.6284610498649,282.29508236581955,283.6193815961007,67804700.0,,,,,
2019-11-20,,,,,,SPY,281.886962890625,282.86660297199927,280.3358983899287,282.34957224467774,79406200.0,,,,,
2019-11-21,,,,,,SPY,281.4333801269531,282.1046230732926,280.63519090852355,281.99578034720054,54664700.0,,,,,
2019-11-22,,,,,,SPY,282.05938720703125,282.3133629154098,281.0525638320836,282.177309443292,44850200.0,,,,,
2019-11-25,,,,,,SPY,284.24530029296875,284.24530029296875,282.984501675249,282.984501675249,48647200.0,,,,,
2019-11-26,,,,,,SPY,284.88934326171875,285.0707663027961,283.96415218727157,284.28162866852205,37569000.0,,,,,
2019-11-27,,,,,,SPY,286.15924072265625,286.15924072265625,285.15238993261636,285.3700754304547,44444600.0,,,,,
2019-11-29,,,,,,SPY,285.0980224609375,285.84181829420453,284.87125746405906,285.59689438156045,36592700.0,,,,,
2019-12-02,,,,,,SPY,282.6761474609375,285.41545826710006,282.24982822038623,285.3519574335292,75767800.0,,,,,
2019-12-03,,,,,,SPY,280.78033447265625,280.8619942096514,278.5852653796921,279.9639862341054,73941700.0,,,,,
2019-12-04,,,,,,SPY,282.51287841796875,283.1115412943075,281.4788444906727,281.8235316935288,49080000.0,,,,,
2019-12-05,,,,,,SPY,283.0207214355469,283.2293551051219,281.71455342008073,283.21122387869605,40709000.0,,,,,
2019-12-06,,,,,,SPY,285.60595703125,286.00506561677,284.91658262330225,284.92566208065074,48927000.0,,,,,
2019-12-09,,,,,,SPY,284.70794677734375,285.88711349587976,284.63536648869166,285.21589807283027,34838500.0,,,,,
2019-12-10,,,,,,SPY,284.3904724121094,285.31566348978197,283.73738821573176,284.6535275182076,52649800.0,,,,,
2019-12-11,,,,,,SPY,285.19775390625,285.4517295424743,284.30882533883084,284.84398729797243,53429100.0,,,,,
2019-12-12,,,,,,SPY,287.6559143066406,288.43597254390977,284.971024718016,285.206841471859,96389600.0,,,,,
2019-12-13,,,,,,SPY,287.828125,289.05266085196234,286.64893105019,287.4199371555929,81503900.0,,,,,
2019-12-16,,,,,,SPY,289.8056335449219,290.3952169345024,287.7647488016478,289.5516578841208,82749700.0,,,,,
2019-12-17,,,,,,SPY,289.86907958984375,290.48587355216506,289.7874475372953,290.18655602615394,61097700.0,,,,,
2019-12-18,,,,,,SPY,289.8872985839844,290.4859614985211,289.83287719914233,290.2591965012545,48133000.0,,,,,
2019-12-19,,,,,,SPY,291.0755615234375,291.1481418282076,289.82381423827144,290.07778994241556,85310500.0,,,,,
2019-12-20,,,,,,SPY,292.3515930175781,293.48186803995895,291.13016050237536,292.1054650052227,147142100.0,,,,,
2019-12-23,,,,,,SPY,292.7983093261719,293.19025605431125,292.65246286090326,293.13556710700664,52990000.0,,,,,
2019-12-24,,,,,,SPY,292.807373046875,293.0716936318886,292.50655608135855,293.02612879098643,20270000.0,,,,,
2019-12-26,,,,,,SPY,294.3660888671875,294.3752129631039,293.18112472741444,293.1902210059652,30911200.0,,,,,
2019-12-27,,,,,,SPY,294.29302978515625,295.14985992527306,293.7643609710234,295.09517100716806,42528800.0,,,,,
2019-12-30,,,,,,SPY,292.670654296875,294.5119413986182,292.1875500985432,294.3752190438764,49729100.0,,,,,
2019-12-31,,,,,,SPY,293.3816223144531,293.62775035689424,291.82293192090606,292.16931374555315,57077300.0,,,,,
2020-01-02,,,,,,SPY,296.1252746582031,296.1435228475682,293.9923228046252,294.91296621198353,59151200.0,,,,,
2020-01-03,,,,,,SPY,293.8829650878906,295.0041439336054,292.688876931802,292.74356586892327,77709700.0,,,,,
2020-01-06,,,,,,SPY,295.0041198730469,295.08615327203825,292.0143098616565,292.1328118215423,55653900.0,,,,,
2020-01-07,,,,,,SPY,294.17474365234375,294.9130723359084,293.72808011259553,294.43906431963455,40496400.0,,,,,
2020-01-08,,,,,,SPY,295.7425231933594,296.9548319309042,294.1200195395933,294.3661197989049,68296000.0,,,,,
2020-01-09,,,,,,SPY,297.74774169921875,297.82067881308217,296.71772055042567,297.3011061918994,48473300.0,,,,,
2020-01-10,,,,,,SPY,296.89093017578125,298.48608887965315,296.42607426931494,298.3311461832845,53029300.0,,,,,
2020-01-13,,,,,,SPY,298.93267822265625,298.9417744971928,297.0822956969778,297.51071075550203,47086800.0,,,,,
2020-01-14,,,,,,SPY,298.4770202636719,299.54348231822837,297.9209789989077,298.49524063629786,62832800.0,,,,,
2020-01-15,,,,,,SPY,299.1515197753906,299.9080685509151,298.3038135068561,298.38584690535674,72056600.0,,,,,
2020-01-16,,,,,,SPY,301.63995361328125,301.63995361328125,300.30001924233943,300.5278990481638,54050300.0,,,,,
2020-01-17,,,,,,SPY,302.5788269042969,302.7884585291991,301.5761501633732,302.3509470912397,95846000.0,,,,,
2020-01-21,,,,,,SPY,301.9863586425781,302.7885001455664,301.5488471444855,301.62175645504635,77742400.0,,,,,
2020-01-22,,,,,,SPY,302.02276611328125,303.4903264792452,301.8678234281699,302.8431278236257,48914900.0,,,,,
2020-01-23,,,,,,SPY,302.3692321777344,302.77942705597485,300.2636244798141,301.37567931823935,51963000.0,,,,,
2020-01-24,,,,,,SPY,299.6802062988281,303.1075279519649,298.39496067890184,303.0254945486543,87578400.0,,,,,
2020-01-27,,,,,,SPY,294.8764953613281,296.3531521856209,294.1108224827082,294.4480801750021,84062500.0,,,,,
2020-01-28,,,,,,SPY,297.9665832519531,298.84163406721996,294.9676767051918,296.298487210109,63834000.0,,,,,
2020-01-29,,,,,,SPY,297.7203674316406,299.55252974536654,297.5198321146291,299.3246499677332,53888900.0,,,,,
2020-01-30,,,,,,SPY,298.6866455078125,298.89630496665,294.91296997027223,295.6603946749964,75491800.0,,,,,
2020-01-31,,,,,,SPY,293.26312255859375,298.22178991387807,292.3516032332454,298.0668193889295,113845600.0,,,,,
2020-02-03,,,,,,SPY,295.4416198730469,297.30112696346464,294.6212580975968,294.73976005288546,69083000.0,,,,,
2020-02-04,,,,,,SPY,299.944580078125,300.8105346597248,298.7231473854342,299.0421847479902,62573200.0,,,,,
2020-02-05,,,,,,SPY,303.40826416015625,303.61792358805616,301.41206272649225,302.8704711762649,65951100.0,,,,,
2020-02-06,,,,,,SPY,304.4292907714844,304.62070207645655,303.35367662683126,304.3654777307045,50359700.0,,,,,
2020-02-07,,,,,,SPY,302.8067932128906,304.4383931119409,302.25987594185665,303.3719308599242,64139400.0,,,,,
2020-02-10,,,,,,SPY,305.06732177734375,305.1311348147873,301.88612780958465,301.9225963763189,42070000.0,,,,,
2020-02-11,,,,,,SPY,305.5960388183594,307.2002942348692,305.0673419265735,306.4164008111858,54864500.0,,,,,
2020-02-12,,,,,,SPY,307.56488037109375,307.77451202465284,306.66245727222037,307.02705945948134,43992700.0,,,,,
2020-02-13,,,,,,SPY,307.2366638183594,308.2028719590965,305.86938499837,306.14282963542433,54501900.0,,,,,
2020-02-14,,,,,,SPY,307.7289123535156,307.84741430987003,306.4527909338537,307.64687895696886,64582200.0,,,,,
2020-02-18,,,,,,SPY,306.9359436035156,307.7927740817303,305.5504162851949,306.73540821888315,57226200.0,,,,,
2020-02-19,,,,,,SPY,308.4034729003906,309.077988360176,307.6195795625174,307.9021483533661,48814700.0,,,,,
2020-02-20,,,,,,SPY,307.1365051269531,308.6769752996938,304.1558185736376,307.8565854998732,74163400.0,,,,,
2020-02-21,,,,,,SPY,303.9735107421875,306.0973387829116,303.1531209980254,305.7874255135602,113788200.0,,,,,
2020-02-24,,,,,,SPY,293.89208984375,304.0464012409805,292.8164758374308,294.5483849080448,161088400.0,,,,,
2020-02-25,,,,,,SPY,284.9864501953125,295.88821119223576,284.11139962009605,295.2775089533604,218913200.0,,,,,
2020-02-26,,,,,,SPY,283.93829345703125,289.9634233462724,283.2090890630601,286.3811587759355,194773800.0,,,,,
2020-02-27,,,,,,SPY,271.1861877441406,283.9930261776727,271.1861877441406,278.4327514100049,284353500.0,,,,,
2020-02-28,,,,,,SPY,270.0466613769531,271.5324419822393,260.2751753707995,263.15557910658106,384975800.0,,,,,
2020-03-02,,,,,,SPY,281.7415466308594,281.80535966924487,268.40601247661044,271.82421045255126,238703600.0,,,,,
2020-03-03,,,,,,SPY,273.67449951171875,286.07116546161603,271.2407589694564,282.11517570579525,300139100.0,,,,,
2020-03-04,,,,,,SPY,285.177978515625,285.39676211227726,276.4911987598748,279.03434596352906,176613400.0,,,,,
2020-03-05,,,,,,SPY,275.6980285644531,281.1762666483222,273.46482370799674,277.9950742443368,186366800.0,,,,,
2020-03-06,,,,,,SPY,271.1405334472656,272.3437456449538,264.5502664620457,267.2118873410211,228667200.0,,,,,
2020-03-09,,,,,,SPY,249.96595764160156,259.04468244351574,249.25497367188592,250.94126219037892,309417300.0,,,,,
2020-03-10,,,,,,SPY,262.90032958984375,262.99145923851665,249.30045348894666,259.45478878594474,276444100.0,,,,,
2020-03-11,,,,,,SPY,250.08448791503906,256.99382161350735,246.91241771549264,255.8635462842316,255316300.0,,,,,
2020-03-12,,,,,,SPY,226.15707397460938,243.06576125881952,225.76511340861424,233.3489613279396,392220700.0,,,,,
2020-03-13,,,,,,SPY,245.49037170410156,247.45925662714072,226.53076847464146,239.8115967480577,329566100.0,,,,,
2020-03-16,,,,,,SPY,218.6278839111328,234.1692750182009,216.35819611440786,219.84019219766736,297240000.0,,,,,
2020-03-17,,,,,,SPY,230.43209838867188,233.50392810842425,216.09390266325667,223.35869921057358,262070500.0,,,,,
2020-03-18,,,,,,SPY,218.76467895507812,226.3940926828577,207.84467929166857,215.34648084640503,327597100.0,,,,,
2020-03-19,,,,,,SPY,219.2295379638672,225.4916860447425,211.67304784141282,218.0810284637233,289322000.0,,,,,
2020-03-20,,,,,,SPY,209.78196716308594,224.1494627814303,209.50690060052804,222.37071486608463,347158800.0,,,,,
2020-03-23,,,,,,SPY,204.41824340820312,210.58883736917826,200.11807712080454,209.22269612416616,326025200.0,,,,,
2020-03-24,,,,,,SPY,222.939208984375,223.81025556170377,214.3663954320049,214.9348561536564,235494500.0,,,,,
2020-03-25,,,,,,SPY,226.27667236328125,235.0420516206146,219.8218472180857,224.51626550550066,299430300.0,,,,,
2020-03-26,,,,,,SPY,239.48895263671875,240.95593755024464,228.3488575711158,228.77979208422354,257632800.0,,,,,
2020-03-27,,,,,,SPY,232.35557556152344,239.13131375893414,230.18257586335054,232.21804924789328,224341200.0,,,,,
2020-03-30,,,,,,SPY,239.90151977539062,240.61668467866326,232.45646258210547,234.44608945305336,171369500.0,,,,,
2020-03-31,,,,,,SPY,236.3256378173828,241.44181196172076,234.92281361805342,238.90206639274638,194881100.0,,,,,
2020-04-01,,,,,,SPY,225.68984985351562,236.24314028710725,223.62687128450554,227.36774076850008,189554600.0,,,,,
2020-04-02,,,,,,SPY,230.89773559570312,231.67707467324524,224.25952385795503,224.8096570813122,177660400.0,,,,,
2020-04-03,,,,,,SPY,227.56028747558594,232.26388300481995,224.83715469449982,229.91666012342145,135561200.0,,,,,
2020-04-06,,,,,,SPY,242.84471130371094,244.80684702910452,227.54200291744624,236.40822674709685,188061200.0,,,,,
2020-04-07,,,,,,SPY,243.0922088623047,252.16930817093797,242.8721667882083,251.4174604431951,201427200.0,,,,,
2020-04-08,,,,,,SPY,251.2524871826172,253.05874090906812,243.20228632655915,245.6870219261838,153774500.0,,,,,
2020-04-09,,,,,,SPY,255.07586669921875,257.8265049685233,252.5727758010134,254.50737795290667,189999200.0,,,,,
2020-04-13,,,,,,SPY,252.74696350097656,254.44319588474661,248.8502262862596,254.10395500418002,114839100.0,,,,,
2020-04-14,,,,,,SPY,260.2012023925781,261.21892505517496,252.60944238232008,257.6247736197147,134143400.0,,,,,
2020-04-15,,,,,,SPY,254.67239379882812,260.338700945521,252.56355469912342,254.49818449986756,121775000.0,,,,,
2020-04-16,,,,,,SPY,255.90090942382812,256.75360009486184,252.8385372215808,255.94674217696698,131798300.0,,,,,
2020-04-17,,,,,,SPY,262.8143005371094,263.4194162623719,258.9267132107058,261.65902364519036,146684800.0,,,,,
2020-04-20,,,,,,SPY,258.1840515136719,262.95183530213035,257.96400942467557,259.11925837284326,100109300.0,,,,,
2020-04-21,,,,,,SPY,250.34466552734375,254.92906081178347,249.40943098152397,253.7279514857345,126385700.0,,,,,
2020-04-22,,,,,,SPY,255.90090942382812,257.6429737569609,253.89294237208824,255.2132502412028,92951600.0,,,,,
2020-04-23,,,,,,SPY,255.88270568847656,260.3387543846184,255.58014778029658,257.17550907621705,104709700.0,,,,,
2020-04-24,,,,,,SPY,259.4493713378906,260.11870338954105,255.35091919954365,257.39557038512345,85063200.0,,,,,
2020-04-27,,,,,,SPY,263.19024658203125,264.30884067979105,260.9622361353189,261.42067588061485,77896600.0,,,,,
2020-04-28,,,,,,SPY,261.9799499511719,267.1786402598977,261.67736409264813,266.8302216256885,105270000.0,,,,,
2020-04-29,,,,,,SPY,268.8381652832031,270.36936598916276,266.27091449702925,267.2978148114988,118745600.0,,,,,
2020-04-30,,,,,,SPY,266.3350830078125,268.9390166066362,264.6021678699744,267.4628265283742,122901700.0,,,,,
2020-05-01,,,,,,SPY,259.2843322753906,266.5001686462375,258.11987753446385,261.59485828058166,125180000.0,,,,,
2020-05-04,,,,,,SPY,259.99951171875,260.3020696248995,255.92856473218876,257.40472721224256,80873200.0,,,,,
2020-05-05,,,,,,SPY,262.40179443359375,265.2074439793071,260.1279227837245,262.81440147658856,79569900.0,,,,,
2020-05-06,,,,,,SPY,260.6229248046875,264.48297858278846,260.19199044127004,264.09790497007816,73632600.0,,,,,
2020-05-07,,,,,,SPY,263.767822265625,265.6932743331002,263.2635498583758,263.8320105300923,75250400.0,,,,,
2020-05-08,,,,,,SPY,268.1321105957031,268.5997278633129,265.7665469864243,266.8943182867482,76452400.0,,,,,
2020-05-11,,,,,,SPY,268.1872253417969,269.56254444611375,265.7850057832069,266.20676247386785,79514200.0,,,,,
2020-05-12,,,,,,SPY,262.8418273925781,269.7825831185984,262.7042730991444,269.37000418111256,95870800.0,,,,,
2020-05-13,,,,,,SPY,258.1932373046875,263.31858964743844,255.7726623265701,262.2825114779081,144721100.0,,,,,
2020-05-14,,,,,,SPY,261.28314208984375,261.4114906647709,250.29891603317049,255.76353778728304,121977900.0,,,,,
2020-05-15,,,,,,SPY,262.4842224121094,262.5300551877956,257.95483612918537,258.8992207520091,111146300.0,,,,,
2020-05-18,,,,,,SPY,270.4794006347656,272.08393945209053,268.3705893815132,268.6914747602291,119703800.0,,,,,
2020-05-19,,,,,,SPY,267.70123291015625,271.58879193513707,267.6829053984864,269.88340997902395,95189300.0,,,,,
2020-05-20,,,,,,SPY,272.2489318847656,273.1108005640989,271.0019896139452,271.2312094120459,85861700.0,,,,,
2020-05-21,,,,,,SPY,270.36944580078125,272.9275475763484,269.27835689934,272.12068909653203,78293900.0,,,,,
2020-05-22,,,,,,SPY,270.8829040527344,271.05711341057327,268.8474302756722,270.0852232989164,63958200.0,,,,,
2020-05-26,,,,,,SPY,274.2202453613281,277.07175449936034,270.90114681308035,276.83335693039163,88951400.0,,,,,
2020-05-27,,,,,,SPY,278.3004455566406,278.33712857289146,272.1940244647287,277.0076420479935,104817400.0,,,,,
2020-05-28,,,,,,SPY,277.7869873046875,281.3353065447308,277.11765518674065,279.3273381718324,90405200.0,,,,,
2020-05-29,,,,,,SPY,279.02471923828125,279.61150744849493,274.5778489741923,277.3193091660714,119090800.0,,,,,
2020-06-01,,,,,,SPY,280.15240478515625,280.75754836392883,277.8693847232331,278.3828347935377,55758300.0,,,,,
2020-06-02,,,,,,SPY,282.47216796875,282.51802872321025,279.739885508997,281.06934373149255,74267200.0,,,,,
2020-06-03,,,,,,SPY,286.2314147949219,287.1849772402928,284.17761381806736,284.4526664557033,92567600.0,,,,,
2020-06-04,,,,,,SPY,285.47955322265625,286.9832488519643,283.38906933428206,285.2503333753304,75794400.0,,,,,
2020-06-05,,,,,,SPY,292.7962646484375,294.565835177491,290.7974742690629,290.8616625425781,150524700.0,,,,,
2020-06-08,,,,,,SPY,296.3353576660156,296.5278944562294,293.06209232772414,293.60304767799335,73641200.0,,,,,
2020-06-09,,,,,,SPY,294.1257019042969,296.408722278723,292.8145433136846,293.6764120455833,77479200.0,,,,,
2020-06-10,,,,,,SPY,292.48455810546875,295.5927930158741,291.76939322056137,294.7034187889176,95000800.0,,,,,
2020-06-11,,,,,,SPY,275.6230773925781,286.20387252008595,275.0729721884442,285.5712235543959,209243600.0,,,,,
2020-06-12,,,,,,SPY,278.9237976074219,283.38899457849544,273.7801190211421,282.61881945235933,194678900.0,,,,,
2020-06-15,,,,,,SPY,281.5278015136719,282.65557322051234,272.0747773753375,273.2483818586524,135782700.0,,,,,
2020-06-16,,,,,,SPY,286.94647216796875,289.4037293946427,282.09620192820154,289.2570253825331,137627500.0,,,,,
2020-06-17,,,,,,SPY,285.7546081542969,288.25769873534205,285.0210879201945,287.96429064170104,83398900.0,,,,,
2020-06-18,,,,,,SPY,285.8647155761719,286.341482886705,283.78340899366174,284.2418487856552,80828700.0,,,,,
2020-06-19,,,,,,SPY,284.2309875488281,289.5170263493881,282.2878438676283,289.32364222607004,135549600.0,,,,,
2020-06-22,,,,,,SPY,286.0543518066406,286.4503381503588,282.49041850503755,283.6323430698322,74649400.0,,,,,
2020-06-23,,,,,,SPY,287.3712463378906,289.6274972240298,286.9660418676936,288.69736494870455,68471200.0,,,,,
2020-06-24,,,,,,SPY,280.0407409667969,285.95302134093265,278.2081310603143,285.3359965817493,132813500.0,,,,,
2020-06-25,,,,,,SPY,283.0429992675781,283.31007226818923,277.4530430466422,279.469847494696,89468000.0,,,,,
2020-06-26,,,,,,SPY,276.3203125,282.15893364058905,275.7401601235611,281.94711324330086,127961000.0,,,,,
2020-06-29,,,,,,SPY,280.3815612792969,280.5196928041572,275.28890629956817,277.5727838921979,79773300.0,,,,,
2020-06-30,,,,,,SPY,283.9731140136719,285.66762102118946,279.7921834155964,279.94872310498295,113394800.0,,,,,
2020-07-01,,,,,,SPY,285.9622497558594,287.22392574002134,284.62694111006857,285.08739818187286,72396500.0,,,,,
2020-07-02,,,,,,SPY,287.537109375,290.73268342432607,286.8740498917253,289.38812818341444,69344200.0,,,,,
2020-07-06,,,,,,SPY,291.97576904296875,292.55594935283244,290.6036161923204,291.34955427526955,61713800.0,,,,,
2020-07-07,,,,,,SPY,288.9644775390625,292.4086879039096,288.5868993171508,290.4379459868934,82910000.0,,,,,
2020-07-08,,,,,,SPY,291.1745910644531,291.2850962513282,287.96982822881216,289.7287492933504,54638600.0,,,,,
2020-07-09,,,,,,SPY,289.51702880859375,292.0219167134949,286.10963481375455,291.78247001320926,83354200.0,,,,,
2020-07-10,,,,,,SPY,292.4731140136719,292.74018697945144,288.02511114921197,289.45251680342045,57550400.0,,,,,
2020-07-13,,,,,,SPY,289.94061279296875,297.18820278628755,289.2867716039281,294.8122566026346,102997500.0,,,,,
2020-07-14,,,,,,SPY,293.6979675292969,294.4715320808562,287.32522893206374,288.522406144319,93657000.0,,,,,
2020-07-15,,,,,,SPY,296.3962097167969,297.4920997478603,294.02023559241456,296.9119193662305,87196500.0,,,,,
2020-07-16,,,,,,SPY,295.4200439453125,295.87128286396967,293.85447872341933,294.49912983927373,54622500.0,,,,,
2020-07-17,,,,,,SPY,296.2764892578125,297.0592718738817,294.4530691984586,296.42383888823116,62774900.0,,,,,
2020-07-20,,,,,,SPY,298.67083740234375,299.4167754994566,295.26344433587724,296.00938243299004,56308800.0,,,,,
2020-07-21,,,,,,SPY,299.3063659667969,301.0745056864678,298.320980919731,300.6324848085871,57292200.0,,,,,
2020-07-22,,,,,,SPY,301.010009765625,301.32314533336705,298.83666568694713,298.9471708971752,57792900.0,,,,,
2020-07-23,,,,,,SPY,297.41845703125,301.35077884843804,296.0555219337203,300.6508750281461,75738000.0,,,,,
2020-07-24,,,,,,SPY,295.50299072265625,296.5251921252175,294.00189588834417,295.56746146986495,73766600.0,,,,,
2020-07-27,,,,,,SPY,297.6578063964844,297.8327822943415,295.40155598984086,296.1935565965724,48293000.0,,,,,
2020-07-28,,,,,,SPY,295.77001953125,298.04467867981947,295.47532024869815,296.9303522871835,57495000.0,,,,,
2020-07-29,,,,,,SPY,299.40765380859375,299.96942614775605,296.60806645726814,296.6449108985429,48454200.0,,,,,
2020-07-30,,,,,,SPY,298.33929443359375,298.7537169791964,294.3609672745089,296.4422138237154,61861700.0,,,,,
2020-07-31,,,,,,SPY,300.6968078613281,300.7981230082648,295.9172622915835,300.1258457184252,84986800.0,,,,,
2020-08-03,,,,,,SPY,302.7873840332031,303.551730444188,301.8112172413089,302.35455324026356,53077900.0,,,,,
2020-08-04,,,,,,SPY,303.9569091796875,303.9569091796875,301.9308868941844,301.9308868941844,41917900.0,,,,,
2020-08-05,,,,,,SPY,305.8447570800781,306.1026399985558,304.988313743364,305.2553866917395,42697700.0,,,,,
2020-08-06,,,,,,SPY,307.8891906738281,308.00891400036295,304.9422824929676,305.2646080403921,43679400.0,,,,,
2020-08-07,,,,,,SPY,308.1101989746094,308.3956800618827,306.0197062402385,306.92221206378724,57308300.0,,,,,
2020-08-10,,,,,,SPY,309.0312194824219,309.2153854806249,306.6276185368531,308.56154419446693,44282100.0,,,,,
2020-08-11,,,,,,SPY,306.480224609375,310.84537688701096,305.7527226498275,310.2099438612299,69601100.0,,,,,
2020-08-12,,,,,,SPY,310.7532958984375,311.52686046889016,308.88384116049235,308.91146746286313,53774400.0,,,,,
2020-08-13,,,,,,SPY,310.1914978027344,311.4992082489788,309.2705836615696,309.9888955675153,41816100.0,,,,,
2020-08-14,,,,,,SPY,310.20068359375,310.73482947821054,309.0771673345119,309.80469729931406,47260400.0,,,,,
2020-08-17,,,,,,SPY,311.1860656738281,311.5820519648369,310.2098990427494,311.2136919707807,35481000.0,,,,,
2020-08-18,,,,,,SPY,311.8583679199219,312.281980541681,309.98888529540005,311.58207682428633,38733900.0,,,,,
2020-08-19,,,,,,SPY,310.5599060058594,312.7516581960092,309.99813372934017,312.2359484919656,68054200.0,,,,,
2020-08-20,,,,,,SPY,311.5267639160156,312.00562904338244,308.7087695313061,308.83768286772437,42207800.0,,,,,
2020-08-21,,,,,,SPY,312.6319274902344,312.85293788001695,310.8545419255064,311.1953037485117,55106600.0,,,,,
2020-08-24,,,,,,SPY,315.7998352050781,315.87349595788055,312.60426256204136,315.0630871567319,48588700.0,,,,,
2020-08-25,,,,,,SPY,316.90496826171875,316.9878471615432,315.2012714878101,316.36163229349035,38463400.0,,,,,
2020-08-26,,,,,,SPY,320.0821838378906,320.3492287448196,316.95108089894495,317.49441695300277,50790200.0,,,,,
2020-08-27,,,,,,SPY,320.7820129394531,322.2278548973866,319.1243787139967,320.94779884525434,58034100.0,,,,,
2020-08-28,,,,,,SPY,322.85406494140625,322.983006410203,320.61625033931085,321.804237442081,48588900.0,,,,,
2020-08-31,,,,,,SPY,321.6844787597656,323.517088692937,321.4542502514148,322.64223722364346,66099200.0,,,,,
2020-09-01,,,,,,SPY,324.71429443359375,324.81558148751446,321.6200086611954,322.5132963995055,54908700.0,,,,,
2020-09-02,,,,,,SPY,329.4109802246094,330.3779287745175,325.47865908576307,326.6206116646277,69540000.0,,,,,
2020-09-03,,,,,,SPY,318.0745849609375,328.19542353260755,315.49600820932886,327.7257482737778,148011100.0,,,,,
2020-09-04,,,,,,SPY,315.4776306152344,320.3216209085487,308.3865789911979,318.7560834008521,139156300.0,,,,,
2020-09-08,,,,,,SPY,306.85772705078125,315.54196689159204,306.5538378154059,310.0809258509965,114465300.0,,,,,
2020-09-09,,,,,,SPY,312.9173583984375,315.37618290240937,309.9888306834143,310.85449204324215,91462300.0,,,,,
2020-09-10,,,,,,SPY,307.4839782714844,315.44066034104674,306.52621987560775,314.78681929289183,90569500.0,,,,,
2020-09-11,,,,,,SPY,307.6405944824219,310.32045816888535,304.8225992871863,309.26141246287096,84680200.0,,,,,
2020-09-14,,,,,,SPY,311.692626953125,313.4607946662511,307.78795955439836,310.79933901286097,65605700.0,,,,,
2020-09-15,,,,,,SPY,313.26739501953125,314.97106380213984,311.70182964170226,314.14224664496544,52920900.0,,,,,
2020-09-16,,,,,,SPY,312.0242004394531,315.9288682104032,311.7479092776505,314.50146223868563,82096000.0,,,,,
2020-09-17,,,,,,SPY,309.27984619140625,310.9927613539666,306.65523489152685,307.18016277231743,91523300.0,,,,,
2020-09-18,,,,,,SPY,305.7191467285156,310.19420971929947,303.24122418442806,310.08326217502207,105877900.0,,,,,
2020-09-21,,,,,,SPY,302.31658935546875,302.4645288032245,297.47169236186676,301.14235702314835,99450800.0,,,,,
2020-09-22,,,,,,SPY,305.39556884765625,305.9503348545205,301.2903399000604,303.7960278580259,63612100.0,,,,,
2020-09-23,,,,,,SPY,298.313232421875,306.22781345736723,297.813940061172,305.95041627183053,93112200.0,,,,,
2020-09-24,,,,,,SPY,299.1082763671875,302.1594468796686,295.6872430633771,297.0001882528296,76681300.0,,,,,
2020-09-25,,,,,,SPY,303.94390869140625,304.72979648153216,297.38849504638966,298.25759348900306,71069400.0,,,,,
2020-09-28,,,,,,SPY,308.9922790527344,309.70421136202526,307.106085914168,308.0954153354496,64584600.0,,,,,
2020-09-29,,,,,,SPY,307.3095397949219,309.5285759012924,306.61608924814516,308.78890660469386,51304000.0,,,,,
2020-09-30,,,,,,SPY,309.63946533203125,312.78310129067506,307.78100935569034,307.97516755399596,104081100.0,,,,,
2020-10-01,,,,,,SPY,311.6274108886719,313.1992150632846,309.7504726983646,312.2283956676877,88698700.0,,,,,
2020-10-02,,,,,,SPY,308.66864013671875,311.59963625667905,306.2184543549931,306.69000965854815,89431100.0,,,,,
2020-10-05,,,,,,SPY,314.1423034667969,314.3272066536649,310.675051276602,310.7212700191764,45713100.0,,,,,
2020-10-06,,,,,,SPY,309.6764221191406,316.3705485681372,309.16790315798374,314.28094252067115,90128900.0,,,,,
2020-10-07,,,,,,SPY,315.06683349609375,315.87123130943417,312.59813807421335,312.6258749568608,56999600.0,,,,,
2020-10-08,,,,,,SPY,317.85919189453125,317.9239207082548,316.08394633419226,316.99932011187576,45242500.0,,,,,
2020-10-09,,,,,,SPY,320.69769287109375,321.15999312657567,318.8854837702439,319.5049503113114,59528600.0,,,,,
2020-10-12,,,,,,SPY,325.85693359375,327.3270449402805,322.74103455582997,323.23107167134015,80388500.0,,,,,
2020-10-13,,,,,,SPY,323.7303161621094,325.89387753565416,322.7687239239019,325.71820121665775,73255500.0,,,,,
2020-10-14,,,,,,SPY,321.6961975097656,325.39459896157194,320.96578353895984,324.3035773052644,57727900.0,,,,,
2020-10-15,,,,,,SPY,321.2986755371094,321.7794576418191,317.2581758442864,317.79443172197927,60357700.0,,,,,
2020-10-16,,,,,,SPY,321.1045227050781,324.30363260576735,320.92884634883575,322.648589773227,89501900.0,,,,,
2020-10-19,,,,,,SPY,316.2226257324219,322.99067994136914,315.3257621196153,322.36195837394564,68425600.0,,,,,
2020-10-20,,,,,,SPY,317.4893493652344,320.7254513716909,316.8051539703146,317.5633049958053,60051900.0,,,,,
2020-10-21,,,,,,SPY,316.8882751464844,319.60660232157625,316.58314124219487,317.4430127605339,63575000.0,,,,,
2020-10-22,,,,,,SPY,318.62652587890625,319.2090286374741,314.9651162463488,317.1009408833877,55399300.0,,,,,
2020-10-23,,,,,,SPY,319.7083435058594,319.9025017003484,317.25815794875194,319.8470279304944,49143900.0,,,,,
2020-10-26,,,,,,SPY,313.8000793457031,317.11939071922075,310.3143184895195,316.3334748960819,91473000.0,,,,,
2020-10-27,,,,,,SPY,312.7184143066406,314.475149793473,312.5057460118679,314.14230712329396,65994100.0,,,,,
2020-10-28,,,,,,SPY,302.0300598144531,312.7461782493359,301.54002258547484,307.0598897426626,127094300.0,,,,,
2020-10-29,,,,,,SPY,305.0997009277344,308.2618190207296,300.57839067530114,302.26117045534187,90597700.0,,,,,
2020-10-30,,,,,,SPY,301.9190368652344,304.8315226203362,298.2761088587803,303.52783260839107,120287300.0,,,,,
2020-11-02,,,,,,SPY,305.30316162109375,307.3002742972392,302.56632324038145,305.30316162109375,86068300.0,,,,,
2020-11-03,,,,,,SPY,310.69354248046875,312.7461569674992,305.3863439975958,308.5299804346644,93294200.0,,,,,
2020-11-04,,,,,,SPY,317.63726806640625,321.7055046793928,313.98508475423665,315.1593172475223,126959700.0,,,,,
2020-11-05,,,,,,SPY,323.8320617675781,325.63504398286517,322.55610859572175,322.9074612913422,82039700.0,,,,,
2020-11-06,,,,,,SPY,323.7580871582031,325.00630337123437,321.43733106964845,323.5454189031764,74973000.0,,,,,
2020-11-09,,,,,,SPY,327.82635498046875,336.9059387720614,327.36405472488747,336.52684917649657,172304200.0,,,,,
2020-11-10,,,,,,SPY,327.3455505371094,328.39958037530033,324.0817120840673,326.8370033607283,85552000.0,,,,,
2020-11-11,,,,,,SPY,329.7773132324219,330.6001931058199,328.28869157206935,329.5276530081711,58649000.0,,,,,
2020-11-12,,,,,,SPY,326.5781555175781,329.8235125087104,324.7752013576145,328.76945432758134,67546200.0,,,,,
2020-11-13,,,,,,SPY,331.0994567871094,331.8391259274995,327.96504743366876,328.48282147525566,62892200.0,,,,,
2020-11-16,,,,,,SPY,335.232421875,335.42658008620566,332.4771021299016,333.762310414162,74541100.0,,,,,
2020-11-17,,,,,,SPY,333.42938232421875,334.63137974023823,331.32129460037004,332.8283977244911,66111000.0,,,,,
2020-11-18,,,,,,SPY,329.41668701171875,334.2431030727179,329.3796950886092,333.69759212727365,70591300.0,,,,,
2020-11-19,,,,,,SPY,330.8034973144531,331.17333179461673,327.4471936792584,328.7878754134838,59940900.0,,,,,
2020-11-20,,,,,,SPY,328.53826904296875,330.74807768636424,328.46431342145667,330.54466445649757,70417300.0,,,,,
2020-11-23,,,,,,SPY,330.5076599121094,331.7651311623136,328.112948198128,330.3412386076394,63230600.0,,,,,
2020-11-24,,,,,,SPY,335.8334045410156,336.37891546594994,332.1997312419318,333.0503479254816,62415900.0,,,,,
2020-11-25,,,,,,SPY,335.31561279296875,335.77791303204526,334.22459100072433,335.75017614636334,45330900.0,,,,,
2020-11-27,,,,,,SPY,336.24951171875,336.7210388362217,335.24167223686067,336.4066780190502,28514100.0,,,,,
2020-11-30,,,,,,SPY,334.7608337402344,335.7409079513326,332.0887531357319,335.4727659225405,83872700.0,,,,,
2020-12-01,,,,,,SPY,338.4222717285156,339.95711197569057,337.4144605490259,338.00621842500254,74231400.0,,,,,
2020-12-02,,,,,,SPY,339.1342468261719,339.2914131198718,336.73953476512753,337.3127825968703,45927000.0,,,,,
2020-12-03,,,,,,SPY,339.04180908203125,340.42871003443537,337.94153206913154,339.03255404637883,62882000.0,,,,,
2020-12-04,,,,,,SPY,341.96356201171875,341.96356201171875,339.53185774514355,339.62432345507125,50749900.0,,,,,
2020-12-07,,,,,,SPY,341.2608337402344,341.75087093197277,339.9941354266788,341.1961049259402,48944300.0,,,,,
2020-12-08,,,,,,SPY,342.2593688964844,342.82336164005824,339.9478677180988,339.9940864550397,42458900.0,,,,,
2020-12-09,,,,,,SPY,339.18975830078125,343.0730641489794,338.3576233487797,342.91589783781166,74098300.0,,,,,
2020-12-10,,,,,,SPY,339.0787353515625,340.1235101648178,336.9521373730438,337.8212640589187,57735400.0,,,,,
2020-12-11,,,,,,SPY,338.68115234375,339.0879788216525,335.8703871356922,337.38671728522763,57698600.0,,,,,
2020-12-14,,,,,,SPY,337.1648864746094,341.9173192847848,336.9892100885421,340.8448073293693,69216200.0,,,,,
2020-12-15,,,,,,SPY,341.7231140136719,341.7231140136719,338.329845795208,339.6982365511047,63865300.0,,,,,
2020-12-16,,,,,,SPY,342.2593688964844,343.1747143338236,341.0573713537836,341.935753088197,58420500.0,,,,,
2020-12-17,,,,,,SPY,344.1733703613281,344.37678365275156,343.0730932236162,343.8960014260122,64119500.0,,,,,
2020-12-18,,,,,,SPY,342.7991027832031,344.6283315180656,340.79344881476123,344.4612007715748,136542300.0,,,,,
2020-12-21,,,,,,SPY,341.5734558105469,351.4160069456763,336.1600682714953,338.88998409270874,96386700.0,,,,,
2020-12-22,,,,,,SPY,340.99761962890625,342.00972660665593,339.87409218928934,341.8983061447887,47949000.0,,,,,
2020-12-23,,,,,,SPY,341.3041076660156,343.20760697353194,340.979112376798,341.9633643931626,46201400.0,,,,,
2020-12-24,,,,,,SPY,342.6319274902344,342.659782611028,341.19269902115246,341.7776565578183,26457900.0,,,,,
2020-12-28,,,,,,SPY,345.5753479003906,345.9653195129683,344.5539464489038,345.1760534669629,39000400.0,,,,,
2020-12-29,,,,,,SPY,344.9161376953125,347.27464186044676,344.3311518128284,347.09821664709926,53680500.0,,,,,
2020-12-30,,,,,,SPY,345.40826416015625,346.4389603203097,345.0182924625775,345.733259466037,49455300.0,,,,,
2020-12-31,,,,,,SPY,347.1632385253906,347.8875000497571,344.7026082398412,345.2132949330659,78520700.0,,,,,
2021-01-04,,,,,,SPY,342.43695068359375,348.6210426946345,338.7506384714175,348.4910332362678,110210800.0,,,,,
2021-01-05,,,,,,SPY,344.79541015625,345.88181651795514,341.74979422078724,341.7962383123607,66426200.0,,,,,
2021-01-06,,,,,,SPY,346.8568115234375,350.04173174075373,342.74337775337597,343.291214067815,107997700.0,,,,,
2021-01-07,,,,,,SPY,352.01019287109375,352.7530149569909,349.04814233936133,349.22456754371,68766800.0,,,,,
2021-01-08,,,,,,SPY,354.0158386230469,354.2293850911422,350.1531015213458,353.3937031789076,71677200.0,,,,,
2021-01-11,,,,,,SPY,351.6295166015625,353.3844459686813,350.72882987062206,350.84954484541544,51034700.0,,,,,
2021-01-12,,,,,,SPY,351.7037658691406,352.71587302635754,349.4659767403623,351.8152146876118,52547700.0,,,,,
2021-01-13,,,,,,SPY,352.6508483886719,353.6443664384586,350.84947528394184,351.6294468854472,45303600.0,,,,,
2021-01-14,,,,,,SPY,351.41595458984375,353.8951738961369,351.08169311224,353.39375334288167,49989100.0,,,,,
2021-01-15,,,,,,SPY,348.8531799316406,350.59881478443,346.9960962553196,349.800282405299,107160000.0,,,,,
2021-01-19,,,,,,SPY,351.59234619140625,352.13091630295105,349.8281224423444,351.3045005009363,51233300.0,,,,,
2021-01-20,,,,,,SPY,356.4579162597656,357.29359819142803,353.48657123958117,353.87654291716206,61836100.0,,,,,
2021-01-21,,,,,,SPY,356.782958984375,357.4422441883791,355.86371149800453,357.01509447785054,47840100.0,,,,,
2021-01-22,,,,,,SPY,355.5200500488281,356.6807271719311,354.5543587480902,354.9350642448892,52860500.0,,,,,
2021-01-25,,,,,,SPY,356.9222106933594,357.27503278883,351.4159360582794,356.25365943655754,70402000.0,,,,,
2021-01-26,,,,,,SPY,356.3650817871094,358.2778757163541,356.1329463264064,357.869315038569,42665300.0,,,,,
2021-01-27,,,,,,SPY,347.6553039550781,353.1429888444501,345.4268095254111,353.05012900637144,123351100.0,,,,,
2021-01-28,,,,,,SPY,350.645263671875,354.6379822958076,349.02960991918064,349.46599738570745,94198100.0,,,,,
2021-01-29,,,,,,SPY,343.6255187988281,349.7539012035363,341.9541263228981,348.7882096621224,126765100.0,,,,,
2021-02-01,,,,,,SPY,349.34527587890625,350.375943628793,343.9133009262217,347.01462699809997,75817600.0,,,,,
2021-02-02,,,,,,SPY,354.2851257324219,355.83580306474755,349.42887007201125,352.52090191367535,64450700.0,,,,,
2021-02-03,,,,,,SPY,354.56365966796875,356.281467508707,353.2915620518551,355.11149587959494,52427100.0,,,,,
2021-02-04,,,,,,SPY,358.593505859375,358.63992160762723,354.67505892160796,355.59430609700564,47142600.0,,,,,
2021-02-05,,,,,,SPY,360.0049743652344,360.710675281438,358.54718510912704,360.4599791681368,48669800.0,,,,,
2021-02-08,,,,,,SPY,362.6048583984375,362.6512741525483,360.59920475972706,361.4534473259199,38365200.0,,,,,
2021-02-09,,,,,,SPY,362.36346435546875,362.95774475328056,361.3606516052226,361.76918395765694,35551100.0,,,,,
2021-02-10,,,,,,SPY,362.20556640625,364.24836966450124,359.8099410732521,364.09979957873327,59154400.0,,,,,
2021-02-11,,,,,,SPY,362.7904968261719,363.7004778361302,360.36701674347415,363.2826227627068,42913300.0,,,,,
2021-02-12,,,,,,SPY,364.5826721191406,364.82407372216704,361.91773330512245,361.9920325190132,50593300.0,,,,,
2021-02-16,,,,,,SPY,364.26690673828125,366.0033035639086,363.5519398125603,365.80828939947554,50972400.0,,,,,
2021-02-17,,,,,,SPY,364.35052490234375,364.6012209832248,361.5091609681263,362.52129645099154,52290600.0,,,,,
2021-02-18,,,,,,SPY,362.7998046875,363.542626693373,360.0327402924635,361.7505480599932,59712800.0,,,,,
2021-02-19,,,,,,SPY,362.15911865234375,364.3411973179349,361.71340843442175,364.05335165745737,83241000.0,,,,,
2021-02-22,,,,,,SPY,359.37353515625,361.7784550408201,359.1042500973584,359.4013902770424,67414200.0,,,,,
2021-02-23,,,,,,SPY,359.8099060058594,361.15630279532843,353.0315629822929,357.1728509983925,107284100.0,,,,,
2021-02-24,,,,,,SPY,363.77484130859375,364.2019909749651,357.7393191021612,358.7235712258007,72433900.0,,,,,
2021-02-25,,,,,,SPY,355.0093994140625,363.8769912428288,353.57017085547034,362.5120335653563,146670500.0,,,,,
2021-02-26,,,,,,SPY,353.1801452636719,358.0271345906392,351.20237503364604,356.8850463128118,152701600.0,,,,,
2021-03-01,,,,,,SPY,361.7413024902344,362.9855734404292,353.37516012939244,358.03642977075657,105348800.0,,,,,
2021-03-02,,,,,,SPY,358.9186096191406,362.1963615356677,358.41718903694675,361.9642260505401,79595300.0,,,,,
2021-03-03,,,,,,SPY,354.1644287109375,359.18781495345684,354.06227437694446,358.22215187611573,119940200.0,,,,,
2021-03-04,,,,,,SPY,349.7817687988281,356.5601137940259,345.3061897362982,353.97876827034526,183433000.0,,,,,
2021-03-05,,,,,,SPY,356.2165222167969,357.265779064072,346.01185613057277,353.2730320198999,152039600.0,,,,,
2021-03-08,,,,,,SPY,354.4429626464844,359.9770636155982,354.1644114525265,357.1728776946545,123149200.0,,,,,
2021-03-09,,,,,,SPY,359.5035095214844,362.04770476168795,357.77640719038783,358.2778276525571,113633600.0,,,,,
2021-03-10,,,,,,SPY,361.7413024902344,363.431255369481,360.4320834867978,361.84345682354007,109899400.0,,,,,
2021-03-11,,,,,,SPY,365.4090576171875,367.3775617218999,363.7469598417814,364.201964598063,86245000.0,,,,,
2021-03-12,,,,,,SPY,365.9012145996094,366.04049021562264,363.2455983981242,364.0534253078508,64653600.0,,,,,
2021-03-15,,,,,,SPY,368.0832824707031,368.34327305827475,364.01626458616573,366.15189953144346,73427200.0,,,,,
2021-03-16,,,,,,SPY,367.6190185546875,369.40180309295295,366.8483129268186,368.6961305342788,73722500.0,,,,,
2021-03-17,,,,,,SPY,368.87255859375,369.6710910137919,365.19551232371896,366.33762904443535,97959300.0,,,,,
2021-03-18,,,,,,SPY,363.5055847167969,368.371135091279,362.82773894437463,366.2912103516865,115349100.0,,,,,
2021-03-19,,,,,,SPY,362.83294677734375,364.77995178052817,360.66234252833834,363.205574280837,113624500.0,,,,,
2021-03-22,,,,,,SPY,365.730224609375,367.1089779028957,363.2894813107104,363.34537402520954,73778600.0,,,,,
2021-03-23,,,,,,SPY,362.8515625,366.5406230570263,362.0690362260645,365.09668084256,90686600.0,,,,,
2021-03-24,,,,,,SPY,361.0070495605469,365.87923909623805,360.9604817803928,364.248968775631,97588600.0,,,,,
2021-03-25,,,,,,SPY,363.0378723144531,363.82969504622673,357.63467436503356,359.5723827433269,116128600.0,,,,,
2021-03-26,,,,,,SPY,368.8882141113281,369.28878794295866,363.587505033435,364.18370331754596,114409100.0,,,,,
2021-03-29,,,,,,SPY,368.7019958496094,369.6056326861167,365.93519262274987,367.41640649152026,108107600.0,,,,,
2021-03-30,,,,,,SPY,367.7237854003906,368.39452632963565,366.13075792489735,367.43499693096027,76262200.0,,,,,
2021-03-31,,,,,,SPY,369.2142333984375,370.76998933005086,368.26402908759354,368.2919754370403,112734200.0,,,,,
2021-04-01,,,,,,SPY,373.201416015625,373.2573371455199,370.93767636691575,371.1426257443496,99682900.0,,,,,
2021-04-05,,,,,,SPY,378.55804443359375,379.0983784802134,375.7819453604423,375.8564594894642,91684800.0,,,,,
2021-04-06,,,,,,SPY,378.33447265625,379.3778410378448,377.663731778131,377.9991164320186,62021000.0,,,,,
2021-04-07,,,,,,SPY,378.7723693847656,379.11705058317233,377.7103794337197,378.16684605543014,55836300.0,,,,,
2021-04-08,,,,,,SPY,380.57025146484375,380.62614416673193,379.08903800549706,380.02062094317336,57863100.0,,,,,
2021-04-09,,,,,,SPY,383.3371276855469,383.5048342531352,380.3281324128653,380.44924276681104,61104600.0,,,,,
2021-04-12,,,,,,SPY,383.476806640625,383.7469452179368,382.13532496213276,382.74084817389485,56704900.0,,,,,
2021-04-13,,,,,,SPY,384.6133728027344,385.2375459689583,382.992427357714,383.3743798281407,56551000.0,,,,,
2021-04-14,,,,,,SPY,383.2998352050781,385.63808919365846,382.7595011466084,384.58539585907903,61659900.0,,,,,
2021-04-15,,,,,,SPY,387.41748046875,387.687647542853,385.38663602263046,385.43320380831716,60229800.0,,,,,
2021-04-16,,,,,,SPY,388.7123107910156,389.31783402254797,387.28699001478793,388.70298586402646,82037300.0,,,,,
2021-04-19,,,,,,SPY,386.8026123046875,388.227933315343,385.4797802188034,387.78079162080644,78498500.0,,,,,
2021-04-20,,,,,,SPY,383.9706115722656,386.6908182521964,382.4986943815011,385.59155703811007,81851800.0,,,,,
2021-04-21,,,,,,SPY,387.60382080078125,387.8087702377132,383.2160435505105,383.35580377133965,66793000.0,,,,,
2021-04-22,,,,,,SPY,384.0636901855469,388.2651383615414,383.0017004125384,387.43604432459205,97582800.0,,,,,
2021-04-23,,,,,,SPY,388.22784423828125,389.63454349879055,384.548108882875,384.6226230049808,73209200.0,,,,,
2021-04-26,,,,,,SPY,389.0384216308594,389.60670212994864,388.2931664903758,388.88006841759574,52182400.0,,,,,
2021-04-27,,,,,,SPY,388.9545593261719,389.5321647196547,387.81802682554365,389.3365118024942,51303100.0,,,,,
2021-04-28,,,,,,SPY,388.84271240234375,390.342575715046,388.3769209336228,389.2246648182536,51238900.0,,,,,
2021-04-29,,,,,,SPY,391.32080078125,391.9356490483459,387.94847445568877,391.56302148849824,78544300.0,,,,,
2021-04-30,,,,,,SPY,388.7494812011719,389.9046631760144,387.8551696961729,389.0569194379732,85527000.0,,,,,
2021-05-03,,,,,,SPY,389.58795166015625,391.1157327210051,389.09421389645087,390.7337803483799,68128300.0,,,,,
2021-05-04,,,,,,SPY,387.1845397949219,388.09750141176715,383.5048038327527,387.60376353614816,101591200.0,,,,,
2021-05-05,,,,,,SPY,387.3056640625,389.0570447951,386.74670853065714,388.82414902597037,60162200.0,,,,,
2021-05-06,,,,,,SPY,390.39849853515625,390.52890537303807,385.3772524687335,387.38015025282107,74321400.0,,,,,
2021-05-07,,,,,,SPY,393.23980712890625,393.8919265936675,390.4823294392389,391.16239525650957,67733800.0,,,,,
2021-05-10,,,,,,SPY,389.3457946777344,393.81738162988034,389.2246843410474,393.59381081117,81852400.0,,,,,
2021-05-11,,,,,,SPY,385.87091064453125,386.85838615611584,382.00484764015937,384.8368673639602,116888000.0,,,,,
2021-05-12,,,,,,SPY,377.673095703125,384.3618553205323,376.3595601632733,383.0949159919616,134811000.0,,,,,
2021-05-13,,,,,,SPY,382.20977783203125,384.1381609895196,379.1728089035994,379.21940509990077,106394000.0,,,,,
2021-05-14,,,,,,SPY,388.0788879394531,388.9266319996469,384.9115109821357,384.93945733886034,82201600.0,,,,,
2021-05-17,,,,,,SPY,387.0913391113281,387.9018401628468,385.07911651757036,386.97025720812496,65129200.0,,,,,
2021-05-18,,,,,,SPY,383.7563171386719,387.59443468838975,383.5979355139091,387.3522140021612,59810200.0,,,,,
2021-05-19,,,,,,SPY,382.75018310546875,382.9271861523255,377.5985301803542,379.0797721892408,106467100.0,,,,,
2021-05-20,,,,,,SPY,386.8677978515625,388.1254406224363,383.5047967743601,383.62587868681237,78022200.0,,,,,
2021-05-21,,,,,,SPY,386.5511474609375,389.58811788611155,386.0946807760484,388.349096270464,76578700.0,,,,,
2021-05-24,,,,,,SPY,390.4916076660156,391.56292229029447,388.5445744319748,388.78679507785904,51376700.0,,,,,
2021-05-25,,,,,,SPY,389.625244140625,391.9262551656702,389.0476672600288,391.5722490957163,57451400.0,,,,,
2021-05-26,,,,,,SPY,390.39849853515625,390.90153289083105,389.1781270673312,390.21217056143115,43088600.0,,,,,
2021-05-27,,,,,,SPY,390.6033935546875,391.93555024942225,390.3239016330106,391.4231910374945,56707700.0,,,,,
2021-05-28,,,,,,SPY,391.30218505859375,392.42939268320663,391.0692892765859,392.16855054454425,58520200.0,,,,,
2021-06-01,,,,,,SPY,390.9574890136719,393.79880607447905,390.5196438229263,393.6590742965092,54216600.0,,,,,
2021-06-02,,,,,,SPY,391.5722351074219,392.41068247668926,390.6034093428114,391.60950638441597,49097100.0,,,,,
2021-06-03,,,,,,SPY,390.1189880371094,391.2555203916502,387.79935555163786,389.2619476298755,58138800.0,,,,,
2021-06-04,,,,,,SPY,393.6869812011719,393.9850945840739,390.18422002621526,391.96354696648706,55938800.0,,,,,
2021-06-07,,,,,,SPY,393.3050231933594,393.85465374362394,392.3734402072181,393.6776507018846,51555000.0,,,,,
2021-06-08,,,,,,SPY,393.3888244628906,394.2551897336642,391.5629299457471,394.1620257580678,47134300.0,,,,,
2021-06-09,,,,,,SPY,392.8019104003906,394.301773600504,392.57833960967673,394.22723105049744,48436300.0,,,,,
2021-06-10,,,,,,SPY,394.6278991699219,395.5781321168516,392.70884027859677,394.0223758472598,51020100.0,,,,,
2021-06-11,,,,,,SPY,395.280029296875,395.39181472194224,393.89197955285624,395.1775688004502,45570800.0,,,,,
2021-06-14,,,,,,SPY,396.1650085449219,396.26746903201445,394.1527857880061,395.3917787091995,42358500.0,,,,,
2021-06-15,,,,,,SPY,395.4383850097656,396.3513182077345,394.5626946646038,396.31407535492747,51508500.0,,,,,
2021-06-16,,,,,,SPY,393.2304992675781,395.8016775286566,391.19035858653814,395.5781066988787,80386100.0,,,,,
2021-06-17,,,,,,SPY,393.1000671386719,394.0782178856841,390.63137795315737,392.82060361942723,90949700.0,,,,,
2021-06-18,,,,,,SPY,387.79693603515625,390.5166859456781,387.5913161649363,389.8250684379665,118676300.0,,,,,
2021-06-21,,,,,,SPY,393.3486022949219,393.53553981527546,388.7408804970825,389.55400451756464,72822000.0,,,,,
2021-06-22,,,,,,SPY,395.45159912109375,396.28343417143736,392.61966911686017,393.339353041914,57700300.0,,,,,
2021-06-23,,,,,,SPY,394.9749755859375,396.33017311106846,394.8908622379778,395.52640432656335,49445400.0,,,,,
2021-06-24,,,,,,SPY,397.3114929199219,397.73205959660106,396.8628599421337,397.11522847080494,45110300.0,,,,,
2021-06-25,,,,,,SPY,398.72283935546875,399.17147241602134,397.73213297075046,398.05925946140326,58129500.0,,,,,
2021-06-28,,,,,,SPY,399.526611328125,399.69483801915226,398.04990728021846,399.2462335097463,53159600.0,,,,,
2021-06-29,,,,,,SPY,399.7416076660156,400.5453764693619,399.2088612604478,399.9098343658785,35970500.0,,,,,
2021-06-30,,,,,,SPY,400.0780029296875,400.75093815402226,399.25552337520446,399.2835611544407,64827900.0,,,,,
2021-07-01,,,,,,SPY,402.2931213378906,402.4520211210759,400.7696685970019,400.83509959729395,53441000.0,,,,,
2021-07-02,,,,,,SPY,405.3680419921875,405.72320623377107,402.3772122424309,403.45206040174946,57697700.0,,,,,
2021-07-06,,,,,,SPY,404.62969970703125,405.6391169295271,401.9005937821132,405.4241415803903,68710400.0,,,,,
2021-07-07,,,,,,SPY,406.0596923828125,406.34009873848606,403.3025486160357,405.31199914635374,63549500.0,,,,,
2021-07-08,,,,,,SPY,402.7511291503906,403.5081778396305,399.57336151548776,400.7510054866028,97595200.0,,,,,
2021-07-09,,,,,,SPY,407.0503845214844,407.349473214676,402.55481277928465,404.25584763381096,76238600.0,,,,,
2021-07-12,,,,,,SPY,408.5084228515625,408.76079142536776,406.53636552867664,406.9662877159468,52889600.0,,,,,
2021-07-13,,,,,,SPY,407.1157531738281,409.21867209378087,406.8540577380294,407.72325737950405,52911300.0,,,,,
2021-07-14,,,,,,SPY,407.7232971191406,409.29349840963926,406.4802508086064,408.8074721795963,64130400.0,,,,,
2021-07-15,,,,,,SPY,406.3307800292969,407.0597909836697,404.4334804606937,406.3868556009662,55126400.0,,,,,
2021-07-16,,,,,,SPY,403.14361572265625,407.555073909898,402.75108678868395,407.5083537824567,75874700.0,,,,,
2021-07-19,,,,,,SPY,397.1900634765625,403.209088281005,394.38617099707693,398.33031422579336,147987000.0,,,,,
2021-07-20,,,,,,SPY,402.8818664550781,404.152978910122,397.05910751566546,397.85354923473506,99608200.0,,,,,
2021-07-21,,,,,,SPY,406.1438293457031,406.2840467930264,402.8352566332123,404.0783031286955,64724400.0,,,,,
2021-07-22,,,,,,SPY,406.9942626953125,407.23727579624176,405.33997668113454,406.3213274734552,47878500.0,,,,,
2021-07-23,,,,,,SPY,411.18145751953125,411.5179109011736,408.2373763394922,408.91963853760046,63766600.0,,,,,
2021-07-26,,,,,,SPY,412.1907958984375,412.2001513321197,410.54586536220575,410.59258548528925,43719200.0,,,,,
2021-07-27,,,,,,SPY,410.3121643066406,411.18136386724484,407.48956180885915,411.1533260918273,67397100.0,,,,,
2021-07-28,,,,,,SPY,410.1440124511719,411.51792083805464,408.7233839343774,410.93845431834467,52472400.0,,,,,
2021-07-29,,,,,,SPY,411.84503173828125,412.91985138960683,411.05994533585215,411.0693007705477,47435300.0,,,,,
2021-07-30,,,,,,SPY,409.84490966796875,411.29357581662805,409.1532635675781,409.28412555399376,68951200.0,,,,,
2021-08-02,,,,,,SPY,408.9849853515625,412.10664801469085,408.6298211733792,411.55521940428144,58783300.0,,,,,
2021-08-03,,,,,,SPY,412.3123779296875,412.4338844991458,407.5925037276187,409.7795364098606,58053900.0,,,,,
2021-08-04,,,,,,SPY,410.2841796875,412.28427447929056,410.0505220211944,411.03187281061224,46732200.0,,,,,
2021-08-05,,,,,,SPY,412.8824462890625,412.96655962509095,411.1253360982536,411.4431070974712,38969700.0,,,,,
2021-08-06,,,,,,SPY,413.5647277832031,413.9853230057107,412.9198303207797,413.20023664333985,46930000.0,,,,,
2021-08-09,,,,,,SPY,413.228271484375,413.85445807390835,412.46186747322616,413.5366870620658,41222600.0,,,,,
2021-08-10,,,,,,SPY,413.7422790527344,414.45260745639985,412.99458596031207,413.6768480634151,43339300.0,,,,,
2021-08-11,,,,,,SPY,414.7703857421875,414.86385451105014,413.6862107732414,414.8077789542653,44034300.0,,,,,
2021-08-12,,,,,,SPY,416.0134582519531,416.1536756754447,413.7236301446858,414.6208676326382,38909400.0,,,,,
2021-08-13,,,,,,SPY,416.7705993652344,416.7892817139917,415.9761574416634,416.4621552133837,39470300.0,,,,,
2021-08-16,,,,,,SPY,417.7518615722656,417.88269503110484,413.91987021373245,415.4713605109986,73740000.0,,,,,
2021-08-17,,,,,,SPY,415.01348876953125,415.87333317500145,412.032014089514,415.2003978250957,92673900.0,,,,,
2021-08-18,,,,,,SPY,410.47113037109375,415.5648794226537,410.2281457688839,414.004033503329,89351900.0,,,,,
2021-08-19,,,,,,SPY,411.106689453125,412.30304425730367,407.6111793930043,407.7513683082851,92812200.0,,,,,
2021-08-20,,,,,,SPY,414.37786865234375,414.7049951138694,410.96647217681397,411.4524984131377,72008700.0,,,,,
2021-08-23,,,,,,SPY,418.02288818359375,418.9294809997778,414.4525924726287,416.06015823361497,54973000.0,,,,,
2021-08-24,,,,,,SPY,418.6865234375,419.21926979163254,418.1724879522138,418.6865234375,38744700.0,,,,,
2021-08-25,,,,,,SPY,419.5650939941406,420.0791294982954,418.49960124676494,418.87347636542324,40529700.0,,,,,
2021-08-26,,,,,,SPY,417.0882568359375,419.5182735553926,416.9947880722672,419.28461590754796,57829600.0,,,,,
2021-08-27,,,,,,SPY,420.8175048828125,421.19135148689224,417.83603043980827,417.8921060042868,77235100.0,,,,,
2021-08-30,,,,,,SPY,422.6680908203125,423.4531772582027,421.24743377041483,421.4904469021432,48357400.0,,,,,
2021-08-31,,,,,,SPY,422.0419006347656,422.91110047218524,421.4437517278113,422.57464706002395,59300200.0,,,,,
2021-09-01,,,,,,SPY,422.26617431640625,423.49053835442544,422.03251662178167,422.97650283531857,48721400.0,,,,,
2021-09-02,,,,,,SPY,423.5653381347656,424.369106938718,422.36901184150173,423.68684470342555,42501000.0,,,,,
2021-09-03,,,,,,SPY,423.4624938964844,423.9765579301553,422.0325099688313,422.4344228744772,47170500.0,,,,,
2021-09-07,,,,,,SPY,421.9483947753906,423.2101520054819,421.27545948751975,423.1166832249812,51671500.0,,,,,
2021-09-08,,,,,,SPY,421.4342956542969,422.14462405168274,419.51828577257527,421.4156133100836,56181900.0,,,,,
2021-09-09,,,,,,SPY,419.6304626464844,422.98578312246457,419.387449559995,421.2380284408069,57970400.0,,,,,
2021-09-10,,,,,,SPY,416.32196044921875,421.9764655786585,416.2004538773262,421.5558988174952,89948200.0,,,,,
2021-09-13,,,,,,SPY,417.38739013671875,419.57445120398825,415.07885103030503,419.31275573342043,83738600.0,,,,,
2021-09-14,,,,,,SPY,415.13494873046875,419.03234294728094,414.2470381175579,418.82672304337876,78197100.0,,,,,
2021-09-15,,,,,,SPY,418.6024169921875,419.0977701394543,414.4526542585058,415.5555116773011,78792200.0,,,,,
2021-09-16,,,,,,SPY,417.9388427734375,419.0510271190857,414.99473310868217,418.07903168064803,77786700.0,,,,,
2021-09-17,,,,,,SPY,413.8677062988281,417.59007902636665,413.5114041887088,417.1681649070518,118425000.0,,,,,
2021-09-20,,,,,,SPY,406.96673583984375,409.32954038102963,402.10981691745377,407.7543373535724,166445500.0,,,,,
2021-09-21,,,,,,SPY,406.58233642578125,410.59537031179264,406.05726871090457,409.30144322368784,92526100.0,,,,,
2021-09-22,,,,,,SPY,410.5484313964844,412.58309005146594,406.69480673198865,408.8513325900805,102350100.0,,,,,
2021-09-23,,,,,,SPY,415.53662109375,417.1399803704705,412.17993634176355,412.41434258074156,76396000.0,,,,,
2021-09-24,,,,,,SPY,416.2211608886719,416.9337651199925,413.6895616772255,413.90522575092706,62094800.0,,,,,
2021-09-27,,,,,,SPY,415.0302429199219,416.35226866843027,414.3363811309175,415.18962310734213,61371100.0,,,,,
2021-09-28,,,,,,SPY,406.6667175292969,412.59251441684535,405.93537117136833,412.26433994291904,130436300.0,,,,,
2021-09-29,,,,,,SPY,407.3511962890625,409.77964162679973,406.7886155612909,408.045029638689,82329200.0,,,,,
2021-09-30,,,,,,SPY,402.3724365234375,409.5264917761639,402.0348766187246,408.8232729732289,140506000.0,,,,,
2021-10-01,,,,,,SPY,407.1542663574219,408.8326231008619,400.58153463739126,404.0976283486504,129240100.0,,,,,
2021-10-04,,,,,,SPY,401.903564453125,406.8917073430287,399.7657521393978,405.9915954205408,128570000.0,,,,,
2021-10-05,,,,,,SPY,406.08538818359375,408.3262970264828,402.6068074886927,403.4037658375677,90682500.0,,,,,
2021-10-06,,,,,,SPY,407.7730407714844,407.9793193826561,400.8721356232664,402.49420829771526,113032200.0,,,,,
2021-10-07,,,,,,SPY,411.2986145019531,414.1302318975777,410.867314983928,411.04546603542565,72437500.0,,,,,
2021-10-08,,,,,,SPY,410.5484313964844,412.4518374427157,409.9202387275282,412.0674077940218,74557400.0,,,,,
2021-10-11,,,,,,SPY,407.5762634277344,412.79884218436496,407.5106228023292,409.89219860577384,65233300.0,,,,,
2021-10-12,,,,,,SPY,406.572998046875,408.89831863461245,405.78539638345933,408.4951467022772,71181200.0,,,,,
2021-10-13,,,,,,SPY,408.03558349609375,408.8513125536215,404.6226438533049,407.5948986632403,72974000.0,,,,,
2021-10-14,,,,,,SPY,414.8990173339844,415.0490407513381,411.2235151439211,411.69232759288604,70236800.0,,,,,
2021-10-15,,,,,,SPY,418.058837890625,418.42452536112467,416.3898666001841,417.00870250976914,66260200.0,,,,,
2021-10-18,,,,,,SPY,419.2965393066406,419.6340705825797,415.6210366001597,416.2773855665458,62213200.0,,,,,
2021-10-19,,,,,,SPY,422.5312805175781,422.596892511088,420.3090855642555,420.9185646143034,46996800.0,,,,,
2021-10-20,,,,,,SPY,424.1908874511719,424.4909342886698,422.87821830467027,422.9907287152216,49571600.0,,,,,
2021-10-21,,,,,,SPY,425.2972412109375,425.52226201258947,423.15945775312747,423.5907571609733,41305400.0,,,,,
2021-10-22,,,,,,SPY,424.8565979003906,426.3099336904653,422.91570745443045,424.8659833060559,58845100.0,,,,,
2021-10-25,,,,,,SPY,427.1350402832031,427.4632147429343,424.17217058163135,425.9442668817109,45214500.0,,,,,
2021-10-26,,,,,,SPY,427.5195007324219,429.89169091412384,427.1444564431734,428.68217522735085,56075100.0,,,,,
2021-10-27,,,,,,SPY,425.6254577636719,428.6446111455954,425.5504317463337,427.97890546543795,72438000.0,,,,,
2021-10-28,,,,,,SPY,429.73223876953125,429.8072361692125,427.0412599615864,427.05061675277136,51437900.0,,,,,
2021-10-29,,,,,,SPY,430.6042175292969,430.8948789471614,427.1443795021593,427.43504092002377,70162400.0,,,,,
2021-11-01,,,,,,SPY,431.34503173828125,431.9638676988326,429.6198050970678,431.5887947913139,48433600.0,,,,,
2021-11-02,,,,,,SPY,433.0890197753906,433.3984520764042,431.38253525829714,431.51381650455664,48908400.0,,,,,
2021-11-03,,,,,,SPY,435.7331237792969,436.1362956921223,432.0857485213813,432.52643344894864,52509800.0,,,,,
2021-11-04,,,,,,SPY,437.7864990234375,437.8708818410705,435.9862464051318,436.3331630823048,52847100.0,,,,,
2021-11-05,,,,,,SPY,439.305419921875,441.29318025230174,437.79585747597196,440.00863863956613,66390600.0,,,,,
2021-11-08,,,,,,SPY,439.6804504394531,440.8993800137787,438.99600255528054,440.4024399467041,50405200.0,,,,,
2021-11-09,,,,,,SPY,438.2272033691406,440.2806045314554,436.8207657847632,440.0461982673925,51149100.0,,,,,
2021-11-10,,,,,,SPY,434.70172119140625,438.2272005366199,433.2202862022842,436.53945827784827,69429700.0,,,,,
2021-11-11,,,,,,SPY,434.84228515625,436.26749330276374,434.8235429594951,436.19246728766257,34848500.0,,,,,
2021-11-12,,,,,,SPY,438.1240234375,438.6772187538003,435.1611250038921,436.1081354103615,53466700.0,,,,,
2021-11-15,,,,,,SPY,438.2740783691406,439.56800554034606,437.14894545673525,439.40862530276064,46980500.0,,,,,
2021-11-16,,,,,,SPY,440.0086975097656,441.14321584749956,437.93655408966225,438.01155150607127,48857500.0,,,,,
2021-11-17,,,,,,SPY,438.939697265625,439.9241918816736,438.3208614503229,439.74604087663033,47858300.0,,,,,
2021-11-18,,,,,,SPY,440.4305725097656,440.6931063478928,437.25201023461375,439.9711168325113,50625600.0,,,,,
2021-11-19,,,,,,SPY,439.6429748535156,441.5650945480242,439.2772873896782,440.31803734544474,57315600.0,,,,,
2021-11-22,,,,,,SPY,438.4053039550781,444.00292604113224,438.1990253218852,441.518225650883,72762000.0,,,,,
2021-11-23,,,,,,SPY,438.9866943359375,439.83993660377723,435.47998564656854,438.0771968516729,73206500.0,,,,,
2021-11-24,,,,,,SPY,440.15869140625,440.2805872370219,436.17378507370955,436.98951426235885,61858800.0,,,,,
2021-11-26,,,,,,SPY,430.3417053222656,434.96418925297854,429.2165439866492,433.50149668510204,112669600.0,,,,,
2021-11-29,,,,,,SPY,435.62054443359375,437.45828126856935,432.9295654860119,435.12360436955294,86268800.0,,,,,
2021-11-30,,,,,,SPY,427.1443786621094,435.08606236584416,426.9005870421709,433.1826850458105,148559600.0,,,,,
2021-12-01,,,,,,SPY,422.4001159667969,435.68627648871933,422.20322270380683,432.8452735236711,131939200.0,,,,,
2021-12-02,,,,,,SPY,428.86968994140625,430.43553635703284,422.22193180478286,422.61574691393747,127637800.0,,,,,
2021-12-03,,,,,,SPY,425.1379089355469,431.58874442702455,420.9185967447433,430.5292522904625,137331600.0,,,,,
2021-12-06,,,,,,SPY,430.1729736328125,432.0482235973753,425.2691846744251,427.6788877462588,98977500.0,,,,,
2021-12-07,,,,,,SPY,439.07098388671875,439.63356454550274,430.04165158605986,435.44238012792107,95484700.0,,,,,
2021-12-08,,,,,,SPY,440.23370361328125,440.68377393878586,437.71148993714627,439.4648728181905,72238800.0,,,,,
2021-12-09,,,,,,SPY,437.2614440917969,440.3368530852221,437.06455084489505,438.9491577219033,61272600.0,,,,,
2021-12-10,,,,,,SPY,441.3775634765625,441.52758690349503,437.41142821807136,439.9617692478392,77159800.0,,,,,
2021-12-13,,,,,,SPY,437.4676818847656,441.20879629669554,437.1863772299923,440.86187964178026,87724700.0,,,,,
2021-12-14,,,,,,SPY,434.4579162597656,436.6894683893485,431.5419161774256,434.20476780499797,97264100.0,,,,,
2021-12-15,,,,,,SPY,441.246337890625,441.49010093703475,432.00134036114184,434.5141971486355,116899300.0,,,,,
2021-12-16,,,,,,SPY,437.355224609375,443.3747615247552,435.80812035524764,443.0934854498481,116568600.0,,,,,
2021-12-17,,,,,,SPY,432.700439453125,437.2827106378424,430.99737826772844,434.28117656754216,135511600.0,,,,,
2021-12-20,,,,,,SPY,428.099365234375,428.4945351603184,424.4862394814665,427.62890570329984,107134800.0,,,,,
2021-12-21,,,,,,SPY,435.70196533203125,435.8430974441347,429.3507618562461,431.5148641473523,69806300.0,,,,,
2021-12-22,,,,,,SPY,440.0584716796875,440.1713773813337,435.2503599777173,435.44797367017134,58890200.0,,,,,
2021-12-23,,,,,,SPY,442.7965393066406,444.2925972471357,440.9523458894644,441.0558332086626,56439700.0,,,,,
2021-12-27,,,,,,SPY,449.0631103515625,449.1101448261274,444.12328451008153,444.17031898464637,56808600.0,,,,,
2021-12-28,,,,,,SPY,448.6961364746094,450.5215220285828,447.9339942160981,449.4959235413833,47274600.0,,,,,
2021-12-29,,,,,,SPY,449.2701110839844,450.28629118812887,447.8022794254561,448.79965148280036,54503000.0,,,,,
2021-12-30,,,,,,SPY,448.0280456542969,450.70025247373695,447.56700448030426,449.6934621372565,55329000.0,,,,,
2021-12-31,,,,,,SPY,446.89892578125,448.68666632067624,446.6260799179109,447.5387725895835,65237400.0,,,,,
2022-01-03,,,,,,SPY,449.4864501953125,449.61819265083415,445.8545162929149,448.15975083339737,72668200.0,,,,,
2022-01-04,,,,,,SPY,449.3359069824219,451.6223622300133,447.4822951975026,450.9072545217483,71178700.0,,,,,
2022-01-05,,,,,,SPY,440.70770263671875,449.7405319442751,440.61360498167255,448.9689713732978,104538900.0,,,,,
2022-01-06,,,,,,SPY,440.2936706542969,443.0035221624816,437.9319546066855,440.2466361867598,86858900.0,,,,,
2022-01-07,,,,,,SPY,438.552978515625,441.47925183914367,437.1980527186537,440.3031029677847,85111600.0,,,,,
2022-01-10,,,,,,SPY,438.0072937011719,438.2236867337772,429.6237004184561,435.36331312046167,119362000.0,,,,,
2022-01-11,,,,,,SPY,441.9967346191406,442.0908322693714,434.75164626994354,437.7437907456816,74303100.0,,,,,
2022-01-12,,,,,,SPY,443.1916809082031,445.2429062617321,441.2345819172256,443.7280116585806,67605400.0,,,,,
2022-01-13,,,,,,SPY,437.0851135253906,444.9417931268879,436.0595152339108,444.2925567024861,91173100.0,,,,,
2022-01-14,,,,,,SPY,437.2639465332031,437.6120820227763,432.7287093594842,433.9425030975037,95890900.0,,,,,
2022-01-18,,,,,,SPY,429.52020263671875,432.7851934565631,428.4099248561453,432.5781900809837,109709100.0,,,,,
2022-01-19,,,,,,SPY,425.0601501464844,432.4557595624984,424.78727560160723,431.06321784637055,109357600.0,,,,,
2022-01-20,,,,,,SPY,420.3555908203125,431.6372011815895,418.2385229314581,426.94202425230395,122379700.0,,,,,
2022-01-21,,,,,,SPY,412.1037902832031,421.58824292541317,412.07556385655806,419.23594498974285,202271200.0,,,,,
2022-01-24,,,,,,SPY,413.8538513183594,414.36195566976323,395.90112761933347,406.5052754832323,251783900.0,,,,,
2022-01-25,,,,,,SPY,408.80108642578125,413.7409112645625,401.9135523304981,407.47438716618876,167997300.0,,,,,
2022-01-26,,,,,,SPY,407.7755126953125,417.80571346524874,403.5225401054795,414.6818552495206,186391100.0,,,,,
2022-01-27,,,,,,SPY,405.7619934082031,415.50051303405485,404.07776868651825,412.3672646800451,149878300.0,,,,,
2022-01-28,,,,,,SPY,415.8392333984375,415.88626787051186,402.54404110046244,407.1168944257264,164457400.0,,,,,
2022-01-31,,,,,,SPY,423.3288879394531,423.67702338927,413.82559991033423,415.1711072435179,152251400.0,,,,,
2022-02-01,,,,,,SPY,426.18927001953125,426.82908804425705,420.53433767425685,424.05336552481776,123155400.0,,,,,
2022-02-02,,,,,,SPY,430.3293151855469,431.0538124863708,426.2833462117449,428.58860927324656,117361000.0,,,,,
2022-02-03,,,,,,SPY,420.2144470214844,426.2080966836343,419.3770152968473,424.30745056905977,118024400.0,,,,,
2022-02-04,,,,,,SPY,422.1904296875,426.0293671450485,417.6081293545503,419.97926396514714,118454400.0,,,,,
2022-02-07,,,,,,SPY,420.83551025390625,424.3451203230606,419.5088108002381,422.95257835164983,84472900.0,,,,,
2022-02-08,,,,,,SPY,424.29803466796875,425.2201456654425,418.91597660458353,420.33677354523064,81012000.0,,,,,
2022-02-09,,,,,,SPY,430.50811767578125,430.82802671260504,428.1275935863995,428.32517855026134,92589900.0,,,,,
2022-02-10,,,,,,SPY,422.7737731933594,430.66806944150386,420.7790293131962,424.67441942143387,140103700.0,,,,,
2022-02-11,,,,,,SPY,414.4372253417969,424.92846773085336,413.00703862428105,422.85846290665194,153214600.0,,,,,
2022-02-14,,,,,,SPY,413.082275390625,415.5098626456239,409.6197001412661,413.9291255162954,123006300.0,,,,,
2022-02-15,,,,,,SPY,419.74395751953125,419.91331604233613,416.9964614975675,417.5139841588956,88482700.0,,,,,
2022-02-16,,,,,,SPY,420.2144470214844,421.58818077331404,415.82976087005267,417.7021805621434,84863600.0,,,,,
2022-02-17,,,,,,SPY,411.2380676269531,420.18621676202645,410.63589438127366,417.03413227878895,102259100.0,,,,,
2022-02-18,,,,,,SPY,408.57525634765625,412.7435205102697,406.30763817495443,411.4920821949047,132642900.0,,,,,
2022-02-22,,,,,,SPY,404.1906433105469,409.7702869392554,400.6998126141375,406.37358261467153,124391800.0,,,,,
2022-02-23,,,,,,SPY,397.0208435058594,407.6626367061376,396.45628627766916,407.0980794779474,132578000.0,,,,,
2022-02-24,,,,,,SPY,402.99566650390625,403.42850999389174,386.3790593344902,386.73658449661104,213942900.0,,,,,
2022-02-25,,,,,,SPY,411.88726806640625,411.9719473256861,402.5815659197891,404.22817407311,121804500.0,,,,,
2022-02-28,,,,,,SPY,410.83349609375,412.3107459178309,405.25385292778066,406.5052626502716,145615000.0,,,,,
2022-03-01,,,,,,SPY,404.576416015625,411.3416268267393,401.8759540045587,409.3374644946176,137785900.0,,,,,
2022-03-02,,,,,,SPY,412.01910400390625,413.7409734291532,406.07248803205465,406.82521187285215,117726500.0,,,,,
2022-03-03,,,,,,SPY,409.9678649902344,415.0488225356622,408.1707060110163,414.44664922565886,105501700.0,,,,,
2022-03-04,,,,,,SPY,406.6370544433594,407.7661402300269,402.60050312317946,406.2418557535522,113978200.0,,,,,
2022-03-07,,,,,,SPY,394.6496887207031,406.7593128666358,394.5838174926232,406.0536235461076,137896600.0,,,,,
2022-03-08,,,,,,SPY,391.65753173828125,401.9699958852327,390.5942886794115,394.82842415766316,164772700.0,,,,,
2022-03-09,,,,,,SPY,402.1582336425781,404.134169484024,397.8394184443937,400.02235763522094,116990800.0,,,,,
2022-03-10,,,,,,SPY,400.3423156738281,401.23617169428314,395.6000748169369,397.5571741386675,93972700.0,,,,,
2022-03-11,,,,,,SPY,395.2519226074219,403.4379021571393,394.7438182155745,402.8263104395944,95636300.0,,,,,
2022-03-14,,,,,,SPY,392.36328125,399.46720926881693,391.22477713105775,396.0234704863825,95729200.0,,,,,
2022-03-15,,,,,,SPY,400.9914855957031,401.62188528128036,393.69936293232934,394.9695806826798,106219100.0,,,,,
2022-03-16,,,,,,SPY,409.8831481933594,409.939601038674,399.7023972745846,404.49170046381727,144954800.0,,,,,
2022-03-17,,,,,,SPY,415.0111999511719,415.0111999511719,407.5967527483876,407.9731146505722,102676900.0,,,,,
2022-03-18,,,,,,SPY,419.556640625,419.87754345248976,412.666605461863,413.40280107875645,106345500.0,,,,,
2022-03-21,,,,,,SPY,419.4340515136719,421.3877829881189,415.9323761926658,419.3868421211315,88349800.0,,,,,
2022-03-22,,,,,,SPY,424.3420104980469,425.27640505720075,420.8214687288552,420.8214687288552,74650400.0,,,,,
2022-03-23,,,,,,SPY,418.8771057128906,423.30372739490633,418.79216338171153,421.81246957458256,79426100.0,,,,,
2022-03-24,,,,,,SPY,425.1914978027344,425.2009454427064,419.78329999434203,420.897026967389,64736900.0,,,,,
2022-03-25,,,,,,SPY,427.2678527832031,427.5415750381884,423.2470765001447,425.8237756229709,77101300.0,,,,,
2022-03-28,,,,,,SPY,430.3070373535156,430.3070373535156,424.7855555376232,426.6732396590378,68529800.0,,,,,
2022-03-29,,,,,,SPY,435.63031005859375,436.12112638537604,431.50572468711965,434.18623279666707,86581500.0,,,,,
2022-03-30,,,,,,SPY,432.94049072265625,435.30009656090095,430.83571194558033,434.48837717457803,79666900.0,,,,,
2022-03-31,,,,,,SPY,426.27691650390625,432.997068540125,425.8238618663555,432.1759304126346,121699900.0,,,,,
2022-04-01,,,,,,SPY,427.4849548339844,427.99460880330986,423.91723302983837,427.853038256275,89048800.0,,,,,
2022-04-04,,,,,,SPY,431.1470947265625,431.2509323439472,426.86207198374484,427.683210068739,59601000.0,,,,,
2022-04-05,,,,,,SPY,425.70111083984375,432.119225743506,424.5590699380688,429.6558116325977,74214500.0,,,,,
2022-04-06,,,,,,SPY,421.44439697265625,423.71906006741074,418.5656898647818,421.7936427720497,106898000.0,,,,,
2022-04-07,,,,,,SPY,423.5680847167969,425.3802745470558,418.62236044413095,420.5666732140926,78097200.0,,,,,
2022-04-08,,,,,,SPY,422.43536376953125,425.32351793680107,420.89689672672466,422.81289480244646,79272700.0,,,,,
2022-04-11,,,,,,SPY,415.2150573730469,420.0097628914947,414.7148221783834,419.16972953989875,89770500.0,,,,,
2022-04-12,,,,,,SPY,413.6766357421875,420.71769099701174,412.12872059672054,418.19761946757274,84363600.0,,,,,
2022-04-13,,,,,,SPY,418.4147033691406,419.16976564370555,413.25188513631514,413.4312174671857,74070400.0,,,,,
2022-04-14,,,,,,SPY,413.2046203613281,419.7548865120772,413.1007827575576,418.64113099890267,97869500.0,,,,,
2022-04-18,,,,,,SPY,413.37451171875,415.0545494478205,411.14702946006696,412.2796514632989,66002500.0,,,,,
2022-04-19,,,,,,SPY,420.0475158691406,420.76481631207815,413.10082271070314,413.2707073837323,77821000.0,,,,,
2022-04-20,,,,,,SPY,419.7360534667969,422.4354571159878,418.5751460041488,421.8219654514646,65224400.0,,,,,
2022-04-21,,,,,,SPY,413.4594421386719,424.73836604910855,412.5533618444505,423.3509170968134,85417300.0,,,,,
2022-04-22,,,,,,SPY,402.114501953125,413.47834025677906,401.5481909244776,412.3740611145033,132471800.0,,,,,
2022-04-25,,,,,,SPY,404.44580078125,404.6156854519276,395.31883470061024,399.87760832355883,119647700.0,,,,,
2022-04-26,,,,,,SPY,392.73272705078125,402.1145203899857,392.70441293823944,401.9162927984164,103996300.0,,,,,
2022-04-27,,,,,,SPY,393.8370056152344,399.169736833569,391.70394193167726,393.80869150273776,122030000.0,,,,,
2022-04-28,,,,,,SPY,403.78509521484375,405.51234242525084,394.14847523083597,398.57509707971343,105449100.0,,,,,
2022-04-29,,,,,,SPY,388.86297607421875,401.9540624319965,388.11733269096055,399.8021034252902,145491100.0,,,,,
2022-05-02,,,,,,SPY,391.2037353515625,392.56287045835074,382.2749671742883,388.929072135393,158312500.0,,,,,
2022-05-03,,,,,,SPY,392.9970397949219,395.4038260055901,390.14661777180356,391.7039805238848,100028200.0,,,,,
2022-05-04,,,,,,SPY,404.9649658203125,405.5312769483244,390.4769810805958,393.65772495141096,144247900.0,,,,,
2022-05-05,,,,,,SPY,390.5712890625,401.132884248546,386.4467037789483,400.7081437907731,172929100.0,,,,,
2022-05-06,,,,,,SPY,388.2400817871094,391.50576802589364,382.9451403977338,388.0135688560758,151770800.0,,,,,
2022-05-09,,,,,,SPY,375.8096618652344,383.5869123846669,374.23343271582064,382.3504814055953,155586100.0,,,,,
2022-05-10,,,,,,SPY,376.67791748046875,383.27536414376215,372.6477223262594,381.77465875186067,132497200.0,,,,,
2022-05-11,,,,,,SPY,370.69403076171875,381.35001745771194,369.94838734516037,375.7152782695393,142361000.0,,,,,
2022-05-12,,,,,,SPY,370.3070983886719,373.57278480387015,363.52086969331447,367.5038855005772,125090800.0,,,,,
2022-05-13,,,,,,SPY,379.1602478027344,380.5382491972758,373.39335762056186,374.4315896864937,104174400.0,,,,,
2022-05-16,,,,,,SPY,377.621826171875,381.2839385536254,375.27166828724563,377.5180173546355,78622400.0,,,,,
2022-05-17,,,,,,SPY,385.3896789550781,385.6256395203469,379.9720047899369,383.7001932426954,83029700.0,,,,,
2022-05-18,,,,,,SPY,369.85400390625,381.12348248197793,368.6175728842904,380.84034133335325,117674500.0,,,,,
2022-05-19,,,,,,SPY,367.58880615234375,372.00600991179766,365.3707710345012,366.79598209392395,98510700.0,,,,,
2022-05-20,,,,,,SPY,367.7492980957031,374.7337256994322,359.1697746219984,371.16600278161656,131432200.0,,,,,
2022-05-23,,,,,,SPY,374.6298828125,375.39439273940906,368.45714636210454,370.7695426186861,76414900.0,,,,,
2022-05-24,,,,,,SPY,371.7699279785156,372.9591492760367,365.22908122517975,370.51460202631364,91448800.0,,,,,
2022-05-25,,,,,,SPY,375.0545349121094,377.0177426324369,369.88229858000193,370.2786961363731,91472900.0,,,,,
2022-05-26,,,,,,SPY,382.5486145019531,384.18147159869255,376.0738719405769,376.28151834129653,82168300.0,,,,,
2022-05-27,,,,,,SPY,391.9398498535156,392.0531062882977,384.8044064245167,385.0026051853853,84768700.0,,,,,
2022-05-31,,,,,,SPY,389.74072265625,393.07248421298215,387.00358624823434,390.3259001664865,95937000.0,,,,,
2022-06-01,,,,,,SPY,386.5882873535156,392.86483164009155,384.0776638781302,391.8549424707136,86585800.0,,,,,
2022-06-02,,,,,,SPY,393.95025634765625,393.9974369297573,384.1814851394755,386.4278338799512,79609600.0,,,,,
2022-06-03,,,,,,SPY,387.4850158691406,390.7884638335638,386.5128594774759,389.2405486758481,71874300.0,,,,,
2022-06-06,,,,,,SPY,388.6647644042969,393.21406164588547,387.4943805595861,391.48684319664267,57508900.0,,,,,
2022-06-07,,,,,,SPY,392.3929138183594,392.8459684053957,384.7194727728496,385.1819749982957,59272400.0,,,,,
2022-06-08,,,,,,SPY,388.126708984375,392.46838795175415,387.3338851596179,390.68451274322166,64350000.0,,,,,
2022-06-09,,,,,,SPY,378.8959655761719,388.6175274447086,378.8959655761719,386.352312221375,86289800.0,,,,,
2022-06-10,,,,,,SPY,367.90966796875,373.55385453962793,367.86248738155257,372.70440234363315,132893900.0,,,,,
2022-06-13,,,,,,SPY,353.9407653808594,360.3683273758739,352.3362223896235,358.5184050405398,170004900.0,,,,,
2022-06-14,,,,,,SPY,352.874267578125,356.7157121238985,349.7784664118968,355.6869276147928,104011800.0,,,,,
2022-06-15,,,,,,SPY,357.9049377441406,362.3409783554577,351.22251951050276,356.1682429235863,125666800.0,,,,,
2022-06-16,,,,,,SPY,346.05975341796875,350.1088447146559,343.63407193506487,349.70299946215493,134473300.0,,,,,
2022-06-17,,,,,,SPY,346.8057556152344,350.14245020385545,343.30795986691686,346.474006989018,111113900.0,,,,,
2022-06-21,,,,,,SPY,355.5361022949219,356.92005638665404,352.44587608946637,352.521725834006,76811900.0,,,,,
2022-06-22,,,,,,SPY,354.89154052734375,358.9960185982588,350.9007792220965,351.3178660517575,90059400.0,,,,,
2022-06-23,,,,,,SPY,358.3703308105469,359.1002181811548,353.4696047412398,357.02430174493765,79292100.0,,,,,
2022-06-24,,,,,,SPY,369.7643127441406,369.77380119326506,361.507944524138,361.5363809433128,98050300.0,,,,,
2022-06-27,,,,,,SPY,368.3519287109375,370.9776545538821,367.2618273862305,370.68380190795756,66009600.0,,,,,
2022-06-28,,,,,,SPY,360.825439453125,372.68391795995,360.7116937770823,369.9065216331798,86548900.0,,,,,
2022-06-29,,,,,,SPY,360.5315856933594,362.3610628098229,358.71159702593604,361.37524766838453,65676000.0,,,,,
2022-06-30,,,,,,SPY,357.60260009765625,360.83500878132185,353.1568557172421,356.64519222936855,112508300.0,,,,,
2022-07-01,,,,,,SPY,361.3847351074219,361.82079880218214,354.33221338787916,356.9484798436387,74839700.0,,,,,
2022-07-05,,,,,,SPY,362.06719970703125,362.08617660456315,353.47905430233544,356.3038638558327,81438000.0,,,,,
2022-07-06,,,,,,SPY,363.2900390625,365.7735827766986,359.83013971421116,362.2093972721212,70426200.0,,,,,
2022-07-07,,,,,,SPY,368.7310791015625,369.5273277554807,363.30898013880693,365.06263643850446,64525900.0,,,,,
2022-07-08,,,,,,SPY,368.42779541015625,370.29519752923926,365.5745491503481,367.10068528955685,72397800.0,,,,,
2022-07-11,,,,,,SPY,364.2190246582031,366.7215164411496,363.5270331899998,365.7546492181339,58366900.0,,,,,
2022-07-12,,,,,,SPY,360.99609375,366.0485198112267,359.251925711996,363.6692331147653,62219200.0,,,,,
2022-07-13,,,,,,SPY,359.1002197265625,362.02931552702955,355.1474128412304,355.56449960571507,84224600.0,,,,,
2022-07-14,,,,,,SPY,358.22821044921875,359.30882348190096,351.71600904471353,354.1521398256336,89704800.0,,,,,
2022-07-15,,,,,,SPY,365.0721130371094,365.18585870852,360.7211675364694,362.6264653889919,79060400.0,,,,,
2022-07-18,,,,,,SPY,362.0578308105469,368.82596036630525,360.83500666975766,368.1529456840062,63203600.0,,,,,
2022-07-19,,,,,,SPY,371.8403015136719,372.40905889172745,365.31864088700104,365.97267860433266,78506000.0,,,,,
2022-07-20,,,,,,SPY,374.2100524902344,375.62247177061846,370.66484393622255,372.02984989964705,71843800.0,,,,,
2022-07-21,,,,,,SPY,378.02069091796875,378.0680753048155,371.2335862430008,373.63182056702766,64903900.0,,,,,
2022-07-22,,,,,,SPY,374.5134582519531,379.3383643459128,372.29533041038957,378.1440056178114,72197300.0,,,,,
2022-07-25,,,,,,SPY,374.9684753417969,375.8215969964553,372.73137056679104,375.1390938870878,53631500.0,,,,,
2022-07-26,,,,,,SPY,370.5321960449219,373.5370840827539,369.64114957187473,373.328540675696,52946400.0,,,,,
2022-07-27,,,,,,SPY,380.1535339355469,381.8977018374365,373.52755888438156,373.8214115297532,82342100.0,,,,,
2022-07-28,,,,,,SPY,384.92156982421875,385.61353235014826,377.4140367716771,380.95927437369363,73966600.0,,,,,
2022-07-29,,,,,,SPY,390.5332336425781,391.5190777399874,385.5850941133151,386.35290637404563,87003700.0,,,,,
2022-08-01,,,,,,SPY,389.3767395019531,391.8792599477975,387.13017574109546,387.84111510481983,69997500.0,,,,,
2022-08-02,,,,,,SPY,386.8079833984375,391.4907074923848,385.632572613597,387.81277563609865,63435400.0,,,,,
2022-08-03,,,,,,SPY,392.8651428222656,394.0310649800449,388.6468906090099,388.93125481134643,67820600.0,,,,,
2022-08-04,,,,,,SPY,392.5997619628906,393.4718315474268,390.95985110646615,392.78932847212786,45656600.0,,,,,
2022-08-05,,,,,,SPY,391.9361572265625,392.5807353471059,388.26771450946586,388.3245873478551,56814900.0,,,,,
2022-08-08,,,,,,SPY,391.48114013671875,395.8700106498597,390.3815503961838,393.6234467801919,53886100.0,,,,,
2022-08-09,,,,,,SPY,389.9266357421875,391.2537170647009,388.8554822335221,390.75132095945645,44931800.0,,,,,
2022-08-10,,,,,,SPY,398.1165771484375,398.2587881715667,395.0168917661512,396.9696030117307,68665700.0,,,,,
2022-08-11,,,,,,SPY,398.1165771484375,402.818277227606,397.37720132659865,400.9603347598482,59489700.0,,,,,
2022-08-12,,,,,,SPY,404.8562927246094,404.96054995020353,399.10241628589347,400.0503354779772,61694500.0,,,,,
2022-08-15,,,,,,SPY,406.5246276855469,407.04600061972724,402.5907686609456,402.64764150057266,54048300.0,,,,,
2022-08-16,,,,,,SPY,407.3209228515625,409.2451978170758,404.64778356108576,405.4535207281274,59289000.0,,,,,
2022-08-17,,,,,,SPY,404.4297790527344,407.1313549468698,402.42968313864895,403.7283280008868,63563400.0,,,,,
2022-08-18,,,,,,SPY,405.6051940917969,406.28766820146114,403.33965312992564,404.628809463559,49023200.0,,,,,
2022-08-19,,,,,,SPY,400.1546936035156,403.1121973862413,399.282595061536,402.8467811218481,68016900.0,,,,,
2022-08-22,,,,,,SPY,391.8224792480469,395.5004110497399,390.921944270961,395.3297635768896,77695600.0,,,,,
2022-08-23,,,,,,SPY,390.87451171875,393.7846307828097,390.3247023494631,391.39585573923233,49105200.0,,,,,
2022-08-24,,,,,,SPY,392.1257629394531,393.49074002484474,389.9645082393007,390.64698231789686,49177800.0,,,,,
2022-08-25,,,,,,SPY,397.6616516113281,397.7090360070508,392.52391605971974,393.614017515164,50942300.0,,,,,
2022-08-26,,,,,,SPY,384.20111083984375,398.0881206908962,384.14423800473423,397.5478287573556,103087000.0,,,,,
2022-08-29,,,,,,SPY,381.6607971191406,384.70361032886984,380.3052793040388,381.2531987151374,65370800.0,,,,,
2022-08-30,,,,,,SPY,377.47100830078125,383.05426792751234,375.37611434838135,382.8172880573429,85652400.0,,,,,
2022-08-31,,,,,,SPY,374.5987548828125,380.3431437236325,374.4660612189248,379.10137171228644,76029700.0,,,,,
2022-09-01,,,,,,SPY,375.774169921875,376.1154069737023,369.7264403478649,372.4280160542996,78740100.0,,,,,
2022-09-02,,,,,,SPY,371.8118591308594,380.64647400085363,370.0013297859772,379.4331384469464,99632100.0,,,,,
2022-09-06,,,,,,SPY,370.4089050292969,373.59389956272736,368.19077763747265,372.65546883916255,76637400.0,,,,,
2022-09-07,,,,,,SPY,377.0633239746094,377.8311362647998,369.8781086762223,370.0961115930664,70964200.0,,,,,
2022-09-08,,,,,,SPY,379.52801513671875,379.98299798398256,373.5940297925218,374.79790607505805,80821700.0,,,,,
2022-09-09,,,,,,SPY,385.4240417480469,386.2866518911624,381.4996414658426,381.7650577461701,76706900.0,,,,,
2022-09-12,,,,,,SPY,389.5663757324219,390.2868036201907,387.1870891554379,387.49043025851944,69256300.0,,,,,
2022-09-13,,,,,,SPY,372.6270751953125,382.10626800654813,371.5085373863549,380.90239200547273,122947100.0,,,,,
2022-09-14,,,,,,SPY,374.0489196777344,375.56559617352946,370.7501504689949,373.92568555402255,85023700.0,,,,,
2022-09-15,,,,,,SPY,369.8022155761719,375.33805996184594,368.53200738172376,372.49430250102864,87633800.0,,,,,
2022-09-16,,,,,,SPY,366.9810791015625,367.63783250475103,363.6973120856197,365.6295206827052,103084800.0,,,,,
2022-09-19,,,,,,SPY,369.8269958496094,369.8269958496094,363.7639505998914,363.84011191988435,73278500.0,,,,,
2022-09-20,,,,,,SPY,365.5819091796875,367.51408871168167,362.83118428153335,366.5051690967704,77274900.0,,,,,
2022-09-21,,,,,,SPY,359.2047424316406,370.55033777024784,359.1952150060502,367.50452437829694,106746600.0,,,,,
2022-09-22,,,,,,SPY,356.1875305175781,360.07091552367,355.44511739669144,358.4337956869669,89472600.0,,,,,
2022-09-23,,,,,,SPY,350.2197265625,352.76105188849385,345.7842729569001,352.7229712221048,122346900.0,,,,,
2022-09-26,,,,,,SPY,346.7550964355469,352.3707890222306,345.5367765894628,348.75391014864755,92581200.0,,,,,
2022-09-27,,,,,,SPY,345.8698425292969,352.5515599107997,343.48078239742836,350.2862401271678,108294100.0,,,,,
2022-09-28,,,,,,SPY,352.67535400390625,354.3600529595543,345.127482081543,346.8217084645166,110802200.0,,,,,
2022-09-29,,,,,,SPY,345.3082580566406,349.42006827966514,342.36715927302765,349.13453598884,112952300.0,,,,,
2022-09-30,,,,,,SPY,339.9686584472656,348.27799879138144,339.83541969328155,344.3660311283521,153711200.0,,,,,
2022-10-03,,,,,,SPY,348.94427490234375,350.79079510712245,341.9008619903515,343.68074828998994,89756500.0,,,,,
2022-10-04,,,,,,SPY,359.7568359375,359.78538917158465,348.9061712798272,354.45522944852485,103602800.0,,,,,
2022-10-05,,,,,,SPY,358.9192199707031,361.17501250579096,353.07510228982494,355.397528717206,88065700.0,,,,,
2022-10-06,,,,,,SPY,355.2167053222656,360.47070383972516,354.72174385776447,357.5200770483229,82333500.0,,,,,
2022-10-07,,,,,,SPY,345.3082580566406,355.3022948939197,343.5473981378096,351.19045562386657,107789500.0,,,,,
2022-10-10,,,,,,SPY,342.6717834472656,346.65988314467035,340.43504562807703,346.42192984075376,76042800.0,,,,,
2022-10-11,,,,,,SPY,340.50164794921875,345.5367479558779,338.56946829764377,340.9775545535183,92482800.0,,,,,
2022-10-12,,,,,,SPY,339.3785095214844,342.4814298234217,339.13102879643657,340.91094386553914,76991800.0,,,,,
2022-10-13,,,,,,SPY,348.3350524902344,349.8008528442018,331.3356548770357,332.38265512986965,147254500.0,,,,,
2022-10-14,,,,,,SPY,340.39691162109375,352.41831529855494,339.7591840858435,350.79069404097305,123737000.0,,,,,
2022-10-17,,,,,,SPY,349.1440734863281,350.24818012108415,340.0637687647691,346.4694811126714,93168200.0,,,,,
2022-10-18,,,,,,SPY,353.2464294433594,357.35826934412756,349.81036876588746,357.0536821558411,97162900.0,,,,,
2022-10-19,,,,,,SPY,350.7431640625,353.93174409065676,347.93530350478727,351.2095432352664,79746900.0,,,,,
2022-10-20,,,,,,SPY,347.8020935058594,354.71226720130164,347.04062545500517,350.2958396474553,88283100.0,,,,,
2022-10-21,,,,,,SPY,356.254150390625,356.7395553428867,346.0221590756883,347.5260110650035,131038400.0,,,,,
2022-10-24,,,,,,SPY,360.6134033203125,361.74606316639574,355.13095089201244,357.7770190393889,85436900.0,,,,,
2022-10-25,,,,,,SPY,366.3719787597656,366.6860643599622,360.4231457883191,360.53735873384517,78846300.0,,,,,
2022-10-26,,,,,,SPY,363.61163330078125,368.90371186098525,362.9739347843384,363.2309138667366,104087300.0,,,,,
2022-10-27,,,,,,SPY,361.6700134277344,366.44810554176166,361.0513115703601,364.6111129190357,81971800.0,,,,,
2022-10-28,,,,,,SPY,370.2744140625,370.75032073120525,361.38448097673046,361.5653278346015,100302000.0,,,,,
2022-10-31,,,,,,SPY,367.59979248046875,369.68426585196175,366.6955873080766,367.81871998807645,96631300.0,,,,,
2022-11-01,,,,,,SPY,365.9912414550781,371.5784099530066,364.82052968043666,371.34045662683894,85407600.0,,,,,
2022-11-02,,,,,,SPY,356.8061828613281,369.9031408055681,356.70149735976,365.4010542504777,126990400.0,,,,,
2022-11-03,,,,,,SPY,353.1321716308594,356.1684576069525,351.0191454820897,353.56999750398336,87100100.0,,,,,
2022-11-04,,,,,,SPY,358.2149353027344,360.61349432188257,352.170915138916,358.8336081280306,103505200.0,,,,,
2022-11-07,,,,,,SPY,361.6414794921875,362.23159909806725,357.4344518726958,359.50939792144624,68286900.0,,,,,
2022-11-08,,,,,,SPY,363.5926208496094,366.5622732100706,359.5188617569453,362.745493209243,84641100.0,,,,,
2022-11-09,,,,,,SPY,356.10186767578125,362.77408732506177,355.6069062348671,361.6223724698831,78495500.0,,,,,
2022-11-10,,,,,,SPY,375.6711730957031,376.0043135418382,367.0572748219786,369.351119187772,141455800.0,,,,,
2022-11-11,,,,,,SPY,379.30706787109375,380.10658743180727,374.64316019638335,376.5277606911573,93839900.0,,,,,
2022-11-14,,,,,,SPY,376.0804138183594,380.89658611860307,375.8043798668183,377.5462142284,71903500.0,,,,,
2022-11-15,,,,,,SPY,379.2879943847656,382.9239274120566,375.4807419701021,381.8198207261606,93194500.0,,,,,
2022-11-16,,,,,,SPY,376.3945617675781,378.6122738619531,375.76636153620575,377.66046061084984,68508500.0,,,,,
2022-11-17,,,,,,SPY,375.2428283691406,375.9186366580597,371.3404174691277,371.6449756187588,74496300.0,,,,,
2022-11-18,,,,,,SPY,376.9465637207031,378.64078997970154,374.10065167393867,378.57415608736795,92922500.0,,,,,
2022-11-21,,,,,,SPY,375.5759582519531,376.7466989172969,373.73896579052973,375.6235663390515,51243200.0,,,,,
2022-11-22,,,,,,SPY,380.630126953125,380.79194799230964,376.1090138482937,377.51770796736366,60429000.0,,,,,
2022-11-23,,,,,,SPY,383.02874755859375,383.5141526233082,380.0685928856249,380.29701879843174,68261600.0,,,,,
2022-11-25,,,,,,SPY,382.9429626464844,383.4950305265415,382.191051189936,382.4670560829331,30545400.0,,,,,
2022-11-28,,,,,,SPY,376.8323974609375,381.49627670237254,376.07092941217024,379.8591567063179,67881600.0,,,,,
2022-11-29,,,,,,SPY,376.1850891113281,378.1553200852392,374.34806781537714,376.9655537509073,52310000.0,,,,,
2022-11-30,,,,,,SPY,388.0351867675781,388.0351867675781,374.51945716113363,376.4325818837763,144566700.0,,,,,
2022-12-01,,,,,,SPY,387.74969482421875,390.2434409456629,385.2464212750172,389.07270016589297,76398200.0,,,,,
2022-12-02,,,,,,SPY,387.30230712890625,388.20651222768515,382.76216868711776,382.86685419503635,85342700.0,,,,,
2022-12-05,,,,,,SPY,380.3349914550781,385.41766990087285,378.98343312541476,384.4849116571129,77289800.0,,,,,
2022-12-06,,,,,,SPY,374.85260009765625,380.7157732131678,372.76815579992063,380.1732617355015,77972200.0,,,,,
2022-12-07,,,,,,SPY,374.2149353027344,376.5754428369556,373.0822751072084,374.00553520657735,65927900.0,,,,,
2022-12-08,,,,,,SPY,377.14642333984375,378.212449392276,374.3195371968257,376.0994521400108,60737900.0,,,,,
2022-12-09,,,,,,SPY,374.3290710449219,378.45993659247966,374.205330689029,375.9090843451082,81447700.0,,,,,
2022-12-12,,,,,,SPY,379.7258605957031,379.7258605957031,374.4528077117335,375.119059475854,75405800.0,,,,,
2022-12-13,,,,,,SPY,382.600341796875,390.70977956297014,379.8400894083029,390.45280046353844,123782500.0,,,,,
2022-12-14,,,,,,SPY,380.15411376953125,385.9601789916347,377.2130150280867,382.2576124071932,108111300.0,,,,,
2022-12-15,,,,,,SPY,370.8549499511719,376.2041350287874,369.19880442028864,375.2999009475401,117705900.0,,,,,
2022-12-16,,,,,,SPY,366.4765625,369.6415286124747,364.3442912550409,368.3028770994123,119858000.0,,,,,
2022-12-19,,,,,,SPY,363.3689880371094,367.00250429400353,361.70523742151596,366.6678340994925,79878100.0,,,,,
2022-12-20,,,,,,SPY,363.8663024902344,365.4822559399263,361.2941649486737,362.61370366432016,74427200.0,,,,,
2022-12-21,,,,,,SPY,369.3069152832031,370.43520527298585,365.9220161334383,366.45747677877307,78167400.0,,,,,
2022-12-22,,,,,,SPY,364.038330078125,369.28777027212345,358.34902428686854,366.2662256920997,100120900.0,,,,,
2022-12-23,,,,,,SPY,366.13232421875,366.2757459455611,361.4661428370809,363.0151558474651,59857300.0,,,,,
2022-12-27,,,,,,SPY,364.6885681152344,366.36189009849295,363.01524613197586,366.0176778685383,51638200.0,,,,,
2022-12-28,,,,,,SPY,360.1562194824219,366.59134742365524,359.92674469166934,364.6215818081712,70911500.0,,,,,
2022-12-29,,,,,,SPY,366.6391296386719,367.50926042450396,362.47015297141144,362.9960715854847,66970900.0,,,,,
2022-12-30,,,,,,SPY,365.6733703613281,365.8167920978852,361.8486350909296,363.9618223377231,84022200.0,,,,,
2023-01-03,,,,,,SPY,364.1339416503906,369.4981190554035,361.2749320892196,367.52838265402187,74850700.0,,,,,
2023-01-04,,,,,,SPY,366.9451599121094,368.9722652057651,363.34989894273167,366.3905568832152,85934100.0,,,,,
2023-01-05,,,,,,SPY,362.7570495605469,365.1092537639918,362.16422021646383,364.9945163658359,76970500.0,,,,,
2023-01-06,,,,,,SPY,371.0758361816406,372.19458418736764,362.7857380848977,365.8455090657922,104189600.0,,,,,
2023-01-09,,,,,,SPY,370.8655090332031,376.44964922378716,370.6838609207569,373.2655401902277,73978100.0,,,,,
2023-01-10,,,,,,SPY,373.4663391113281,373.53327899556643,369.34518834804146,370.28225918611713,65358100.0,,,,,
2023-01-11,,,,,,SPY,378.1899108886719,378.2664219549091,374.2313240333408,375.0440863246855,68881100.0,,,,,
2023-01-12,,,,,,SPY,379.56671142578125,381.0296714661986,375.2256580025695,379.28943913488575,90157700.0,,,,,
2023-01-13,,,,,,SPY,381.0392761230469,381.61299228704434,376.10536380133436,376.3730941204777,63903900.0,,,,,
2023-01-17,,,,,,SPY,380.34124755859375,382.69348088927234,379.66236518124305,381.0201591163604,62677300.0,,,,,
2023-01-18,,,,,,SPY,374.3364562988281,382.58832869980466,374.1356658339176,381.52697849057256,99632300.0,,,,,
2023-01-19,,,,,,SPY,371.6113586425781,373.94442072442195,370.2918200719056,372.2997830998825,86958900.0,,,,,
2023-01-20,,,,,,SPY,378.5340881347656,378.68708106087394,371.36270886328373,373.00734634342695,91806400.0,,,,,
2023-01-23,,,,,,SPY,383.0759582519531,385.0074392135379,378.3810918291715,379.3372757234957,84178800.0,,,,,
2023-01-24,,,,,,SPY,382.664794921875,383.57315208650715,380.21696655885887,381.4026252152029,59524900.0,,,,,
2023-01-25,,,,,,SPY,382.8082275390625,383.1428977378186,376.31573073269413,378.6010242444025,84800300.0,,,,,
2023-01-26,,,,,,SPY,387.0154113769531,387.1779754700334,382.5022224600164,385.4663982164665,72287400.0,,,,,
2023-01-27,,,,,,SPY,387.9046325683594,390.2759788703347,385.7627902184548,385.97315181927854,68346200.0,,,,,
2023-01-30,,,,,,SPY,383.0377197265625,387.37880296998725,382.7413050405992,385.1508780562935,74202000.0,,,,,
2023-01-31,,,,,,SPY,388.669677734375,388.717475261581,383.2098461559824,383.5540875652921,86811800.0,,,,,
2023-02-01,,,,,,SPY,392.80029296875,395.5445649835094,384.7205573752073,387.4552290338302,101459200.0,,,,,
2023-02-02,,,,,,SPY,398.5183410644531,399.9813013244029,394.78922953717114,396.68245506156615,101654500.0,,,,,
2023-02-03,,,,,,SPY,394.282470703125,398.70003602985804,393.0776695484089,393.5557615392747,94736800.0,,,,,
2023-02-06,,,,,,SPY,391.872802734375,393.2688521236934,390.21862339860974,391.8345763914126,60295300.0,,,,,
2023-02-07,,,,,,SPY,396.9980163574219,398.24104381969875,389.7118993305467,390.9549267928235,90990700.0,,,,,
2023-02-08,,,,,,SPY,392.6569519042969,396.36695047559357,391.9684982603406,395.02829871801737,76227500.0,,,,,
2023-02-09,,,,,,SPY,389.2528381347656,396.4051030685636,388.02892410560145,396.2521101673666,78694900.0,,,,,
2023-02-10,,,,,,SPY,390.16131591796875,390.5437836705012,387.2640796514173,388.0768126828916,70769700.0,,,,,
2023-02-13,,,,,,SPY,394.74139404296875,394.875273798094,390.3525133608386,390.81149214644563,64913500.0,,,,,
2023-02-14,,,,,,SPY,394.559814453125,396.86419241693784,390.6107695170896,393.22113339110297,88389300.0,,,,,
2023-02-15,,,,,,SPY,395.841064453125,395.9175463340548,391.52866525765285,392.3701118499811,61555700.0,,,,,
2023-02-16,,,,,,SPY,390.3907775878906,394.8179138959173,390.25692701019995,390.8784407346895,76431500.0,,,,,
2023-02-17,,,,,,SPY,389.4154357910156,389.65448174842203,386.34606468801917,388.26800352329917,89257800.0,,,,,
2023-02-21,,,,,,SPY,381.6033935546875,386.45125247879577,381.34523443071777,385.3994444508215,82655900.0,,,,,
2023-02-22,,,,,,SPY,381.0776062011719,383.5541194328464,379.6241877439821,382.0146479112843,83742300.0,,,,,
2023-02-23,,,,,,SPY,383.10467529296875,384.5772067863999,378.88790045751995,383.96523503521115,96242400.0,,,,,
2023-02-24,,,,,,SPY,379.01220703125,379.84408241701556,376.39227228887677,378.0942785897589,108194400.0,,,,,
2023-02-27,,,,,,SPY,380.30303955078125,383.7070519585176,379.365968807818,382.3492579579314,80444700.0,,,,,
2023-02-28,,,,,,SPY,378.8974609375,381.78512595829335,378.79226552930106,379.82496053517093,96438600.0,,,,,
2023-03-01,,,,,,SPY,377.4439697265625,379.3085397388385,376.1435738139038,378.0846256879309,99706800.0,,,,,
2023-03-02,,,,,,SPY,380.3795471191406,381.2209936912257,375.1396483986959,375.4743186281051,85127800.0,,,,,
2023-03-03,,,,,,SPY,386.4800109863281,386.7286281625777,381.54609807414363,382.1962961869598,90120000.0,,,,,
2023-03-06,,,,,,SPY,386.74774169921875,389.5971805098177,386.30790523195174,387.3023155770407,72795900.0,,,,,
2023-03-07,,,,,,SPY,380.8193664550781,386.93896700217493,380.20742390861926,386.699921017692,108310600.0,,,,,
2023-03-08,,,,,,SPY,381.4408874511719,382.19625170885286,379.212962662717,380.9341111603913,74746600.0,,,,,
2023-03-09,,,,,,SPY,374.40338134765625,383.88873887527785,373.41851305631604,382.2249589763906,111945300.0,,,,,
2023-03-10,,,,,,SPY,369.0009765625,375.9333106680976,367.4806474809918,373.85837851710613,189253000.0,,,,,
2023-03-13,,,,,,SPY,368.4750061035156,373.2846390345943,363.9713881978472,365.0805650006383,157790000.0,,,,,
2023-03-14,,,,,,SPY,374.56597900390625,376.2106166958166,370.09101558517847,373.3898621469937,149752400.0,,,,,
2023-03-15,,,,,,SPY,372.2232971191406,372.42408758364206,366.8973453679593,368.9818486133687,172996900.0,,,,,
2023-03-16,,,,,,SPY,378.7539978027344,379.0982391870772,369.36429390384325,369.87107021323396,143254200.0,,,,,
2023-03-17,,,,,,SPY,374.3254089355469,378.558277638752,372.94324653075375,377.42568128509345,140553400.0,,,,,
2023-03-20,,,,,,SPY,377.92474365234375,378.3374942216171,374.4021719427654,375.1028314855244,93055800.0,,,,,
2023-03-21,,,,,,SPY,382.88702392578125,383.3669404738883,379.6907633119906,381.28408976671983,91524200.0,,,,,
2023-03-22,,,,,,SPY,376.360107421875,386.32317875052854,376.3217351915629,382.71422655200143,111746600.0,,,,,
2023-03-23,,,,,,SPY,377.3776550292969,383.25182988301947,374.6709182110407,379.2205184817109,119351300.0,,,,,
2023-03-24,,,,,,SPY,379.8540344238281,379.9404159071664,373.7590870150187,376.1010826470393,107682400.0,,,,,
2023-03-27,,,,,,SPY,380.56427001953125,382.8966870426311,379.6716321408978,382.1288028794633,74010400.0,,,,,
2023-03-28,,,,,,SPY,379.71002197265625,380.5642582938647,377.8767370350477,379.8731772141997,62871700.0,,,,,
2023-03-29,,,,,,SPY,385.22906494140625,385.4690232440617,382.6662973806607,383.8660888939379,77497900.0,,,,,
2023-03-30,,,,,,SPY,387.4846496582031,388.1085353397573,385.6225710265115,387.8589693504225,69840000.0,,,,,
2023-03-31,,,,,,SPY,392.9461364746094,393.24368242982905,388.30051790737826,388.4061147934353,112062600.0,,,,,
2023-04-03,,,,,,SPY,394.4434509277344,394.84656445369103,392.03426030988214,392.42779542260035,67391100.0,,,,,
2023-04-04,,,,,,SPY,392.2550964355469,395.3745547308176,390.8825125238686,395.08658715925804,66601500.0,,,,,
2023-04-05,,,,,,SPY,391.2279968261719,392.2838191469049,389.577082640603,391.52554275858984,65200200.0,,,,,
2023-04-06,,,,,,SPY,392.754150390625,393.0325102209904,389.3851264771968,390.4313411526847,63743300.0,,,,,
2023-04-10,,,,,,SPY,393.1572570800781,393.23406013832266,389.66347951634174,390.27775752337686,63681000.0,,,,,
2023-04-11,,,,,,SPY,393.26287841796875,394.66422675434245,392.4950235384784,393.7811965721071,59297900.0,,,,,
2023-04-12,,,,,,SPY,391.6599426269531,395.6144801885437,391.07445840947173,395.32651264091214,86420400.0,,,,,
2023-04-13,,,,,,SPY,396.8622131347656,397.2173467130726,391.6023169352439,392.7445207254535,85814800.0,,,,,
2023-04-14,,,,,,SPY,395.8927917480469,398.4171577397506,393.58919793642514,396.22873922494233,78161500.0,,,,,
2023-04-17,,,,,,SPY,397.3133850097656,397.3325711300684,394.5778543396015,395.80643975007484,66436400.0,,,,,
2023-04-18,,,,,,SPY,397.5724792480469,399.02183667204184,396.1999248791392,398.8874459715307,63560000.0,,,,,
2023-04-19,,,,,,SPY,397.50531005859375,398.4075262603893,395.60482989922565,395.66241754419593,55227300.0,,,,,
2023-04-20,,,,,,SPY,395.33612060546875,397.08302413683805,393.79077385332334,394.69301944461137,75840400.0,,,,,
2023-04-21,,,,,,SPY,395.6431884765625,396.10388958631245,393.69472858849934,395.6335807728495,73457400.0,,,,,
2023-04-24,,,,,,SPY,396.05596923828125,396.4782981802782,394.1075090570705,395.44166194381876,64332100.0,,,,,
2023-04-25,,,,,,SPY,389.76904296875,394.6450119030647,389.7114553215701,394.088292257947,97766700.0,,,,,
2023-04-26,,,,,,SPY,388.1181335449219,391.4583635816679,387.56144318468967,390.3833550986097,80447000.0,,,,,
2023-04-27,,,,,,SPY,395.8448181152344,396.11357024267807,390.40255091976803,390.65211692803183,92968400.0,,,,,
2023-04-28,,,,,,SPY,399.2233581542969,399.23296585827956,394.9041093784705,394.96169701880575,89433100.0,,,,,
2023-05-01,,,,,,SPY,398.8202819824219,400.845515871164,398.5899021077479,398.781880454679,62122300.0,,,,,
2023-05-02,,,,,,SPY,394.33782958984375,398.1579758951747,391.4391441559721,398.1099666648256,103998500.0,,,,,
2023-05-03,,,,,,SPY,391.6311340332031,397.24616414474065,391.39117573178515,394.83697342513307,91531800.0,,,,,
2023-05-04,,,,,,SPY,388.8572692871094,390.91129731617235,387.5230869408355,390.58495750937874,94901900.0,,,,,
2023-05-05,,,,,,SPY,396.05596923828125,397.1021838881152,392.22624422840113,392.48538864162396,87891800.0,,,,,
2023-05-08,,,,,,SPY,396.1615905761719,396.64150723066325,394.76024214675766,396.3823627822816,50046800.0,,,,,
2023-05-09,,,,,,SPY,394.4242248535156,395.53763480997924,394.1938742734827,394.6162031980649,49220100.0,,,,,
2023-05-10,,,,,,SPY,396.2671203613281,397.8892407221348,392.44697389350114,397.2557473304781,96142900.0,,,,,
2023-05-11,,,,,,SPY,395.5760803222656,395.8640185793233,393.5028369960926,395.4033173680311,70157100.0,,,,,
2023-05-12,,,,,,SPY,395.0577392578125,397.0254148728848,392.63897016343816,396.8142503993596,70481500.0,,,,,
2023-05-15,,,,,,SPY,396.42071533203125,396.8238288685914,393.75238023444746,395.6624389099318,54289400.0,,,,,
2023-05-16,,,,,,SPY,393.7716064453125,396.2383850257728,393.7619987390595,395.31692397910456,57705500.0,,,,,
2023-05-17,,,,,,SPY,398.5515441894531,399.1562144912637,394.14591338269895,395.78721992832476,87287000.0,,,,,
2023-05-18,,,,,,SPY,402.3908386230469,402.81316752783374,398.01400205687503,398.234744921799,97177200.0,,,,,
2023-05-19,,,,,,SPY,401.80535888671875,403.82101441184767,400.58638129995114,403.29311788250186,103793300.0,,,,,
2023-05-22,,,,,,SPY,401.96856689453125,403.50430592203884,400.58640469895295,401.8245977682805,60745400.0,,,,,
2023-05-23,,,,,,SPY,397.4573059082031,401.90133808318683,397.06377080135275,400.3271976557855,86383500.0,,,,,
2023-05-24,,,,,,SPY,394.5778503417969,396.238372422446,393.4164603018304,395.85444497777297,89213700.0,,,,,
2023-05-25,,,,,,SPY,397.99481201171875,399.4441694496832,395.84479511708275,398.0811934806872,90961600.0,,,,,
2023-05-26,,,,,,SPY,403.1491394042969,403.86901432087706,398.5707454798897,398.6475192492727,93830000.0,,,,,
2023-05-30,,,,,,SPY,403.3027038574219,405.6062976614237,401.9205417166639,405.07840112218025,72216000.0,,,,,
2023-05-31,,,,,,SPY,401.06634521484375,402.3813121326053,399.5018122688516,401.47906649861943,110811800.0,,,,,
2023-06-01,,,,,,SPY,404.8768615722656,405.9326839874396,400.0489015795839,401.2966730663804,88865000.0,,,,,
2023-06-02,,,,,,SPY,410.7318115234375,411.51885243910056,406.92127277329087,407.4491692853337,91426200.0,,,,,
2023-06-05,,,,,,SPY,409.94476318359375,412.36353228842165,409.2440744066445,411.0773593229492,65460200.0,,,,,
2023-06-06,,,,,,SPY,410.83746337890625,411.3653599992297,408.8793951634606,409.5321040964684,64022200.0,,,,,
2023-06-07,,,,,,SPY,409.4168701171875,412.36356528982583,408.99454113451293,411.2309690598289,85373300.0,,,,,
2023-06-08,,,,,,SPY,411.89324951171875,412.34437231335727,408.71620378018724,409.48405866767195,61952800.0,,,,,
2023-06-09,,,,,,SPY,412.63232421875,414.63837227354514,411.6436971048215,412.6899118726264,85742800.0,,,,,
2023-06-12,,,,,,SPY,416.3756408691406,416.4524439304632,412.89147087099775,413.61134578902306,76104300.0,,,,,
2023-06-13,,,,,,SPY,419.1207580566406,419.76382988102273,417.1722978814529,417.8345851160925,95899700.0,,,,,
2023-06-14,,,,,,SPY,419.619873046875,421.4243641568749,416.1740753599218,419.45671780561304,100612100.0,,,,,
2023-06-15,,,,,,SPY,424.8221740722656,426.0699454976172,418.7080413628314,418.8040012480244,110303100.0,,,,,
2023-06-16,,,,,,SPY,423.37518310546875,427.3732818174655,422.90312715218045,426.80488011436864,114165800.0,,,,,
2023-06-20,,,,,,SPY,421.1785888671875,422.32503554227975,419.1072877770987,421.4387253030806,76160400.0,,,,,
2023-06-21,,,,,,SPY,419.02056884765625,420.9955241203809,418.43288044222425,420.19591625792975,76982300.0,,,,,
2023-06-22,,,,,,SPY,420.5331115722656,420.6390713007603,417.72961825633774,418.06681362984074,70637200.0,,,,,
2023-06-23,,,,,,SPY,417.3539733886719,419.13626699529476,416.6410677062616,417.0842229087925,92074500.0,,,,,
2023-06-26,,,,,,SPY,415.648681640625,418.70263864501453,415.4078319979814,416.7854848977608,72823600.0,,,,,
2023-06-27,,,,,,SPY,420.20556640625,420.82212620155866,416.0725783167209,416.5253768197751,72813700.0,,,,,
2023-06-28,,,,,,SPY,420.4175720214844,421.4291288943605,418.51003201482644,419.1265918933675,75636000.0,,,,,
2023-06-29,,,,,,SPY,422.0745849609375,422.2383756741101,419.5986726779713,420.00328366247703,67882300.0,,,,,
2023-06-30,,,,,,SPY,427.0553283691406,428.0379843526411,424.96474047999936,425.28267848094407,104964000.0,,,,,
2023-07-03,,,,,,SPY,427.5466613769531,427.82602579498047,426.4291155030701,426.70850932168867,32793400.0,,,,,
2023-07-05,,,,,,SPY,426.9107971191406,427.6429894132442,425.7258063379871,425.7354497315169,58418400.0,,,,,
2023-07-06,,,,,,SPY,423.5678405761719,423.991738320798,421.06299828536083,423.3366343156822,80658300.0,,,,,
2023-07-07,,,,,,SPY,422.49847412109375,426.4388005460157,422.2576244540767,422.5755624788719,86134200.0,,,,,
2023-07-10,,,,,,SPY,423.5678405761719,423.7412452715391,421.57359837767063,422.1420000351028,62443500.0,,,,,
2023-07-11,,,,,,SPY,426.2653503417969,426.7566930521444,423.3558970583311,424.32893908451956,64463800.0,,,,,
2023-07-12,,,,,,SPY,429.6950988769531,431.10168221706397,428.6257403792626,430.0515811101132,91924500.0,,,,,
2023-07-13,,,,,,SPY,433.10546875,433.89546265173254,431.07271183277675,431.50622355890425,72425200.0,,,,,
2023-07-14,,,,,,SPY,432.8357238769531,434.83958003816,432.07463074719146,433.991813962652,69815800.0,,,,,
2023-07-17,,,,,,SPY,434.338623046875,435.3887239970372,432.6430320958501,432.6912196663996,52680200.0,,,,,
2023-07-18,,,,,,SPY,437.5660095214844,438.2114701147798,433.5775252322227,434.0110663595222,80668200.0,,,,,
2023-07-19,,,,,,SPY,438.5390930175781,439.72405458332963,437.48896257877516,438.35604491544507,65891700.0,,,,,
2023-07-20,,,,,,SPY,435.6295471191406,438.44268380742795,434.9166416038705,437.54673021651973,70591600.0,,,,,
2023-07-21,,,,,,SPY,435.6295471191406,437.54673021651973,435.6199331260899,437.34439535359957,71275600.0,,,,,
2023-07-24,,,,,,SPY,437.5757141113281,438.3849655149495,435.74523300726025,436.7760767025835,54023400.0,,,,,
2023-07-25,,,,,,SPY,438.770263671875,440.02267010001805,437.2577208036124,437.3059083742901,55191200.0,,,,,
2023-07-26,,,,,,SPY,438.8376770019531,440.26348802035136,436.7856334140258,437.8357342912967,71052900.0,,,,,
2023-07-27,,,,,,SPY,435.92822265625,442.6238546795818,435.02262562113657,442.2192143317386,92194400.0,,,,,
2023-07-28,,,,,,SPY,440.1960754394531,441.0245840745933,435.92819754722996,439.1941327220315,80011800.0,,,,,
2023-07-31,,,,,,SPY,441.0342712402344,441.39072403261815,439.35793761574195,440.6681750532694,62040400.0,,,,,
2023-08-01,,,,,,SPY,439.772216796875,440.51402315707037,438.81843216166044,439.5698819163366,55291500.0,,,,,
2023-08-02,,,,,,SPY,433.6546630859375,436.92056940230765,432.903213273274,436.6604623365917,93933400.0,,,,,
2023-08-03,,,,,,SPY,432.41180419921875,434.29044314301314,430.995607146359,431.6410971149184,64276100.0,,,,,
2023-08-04,,,,,,SPY,430.4562072753906,436.3233023275456,429.9359637011342,434.22310003969983,100128900.0,,,,,
2023-08-07,,,,,,SPY,434.2133483886719,434.3674956833761,431.5929031798807,432.28655130575453,58357500.0,,,,,
2023-08-08,,,,,,SPY,432.32513427734375,434.2037733620173,428.9724964679823,431.67964426037906,71361300.0,,,,,
2023-08-09,,,,,,SPY,429.4349060058594,432.7586427817327,428.67381291504086,432.5948520910791,78789600.0,,,,,
2023-08-10,,,,,,SPY,429.58905029296875,435.1671361209915,428.4233462814403,431.7855978075418,93005500.0,,,,,
2023-08-11,,,,,,SPY,429.33856201171875,430.3501481391964,427.1227570858758,427.7200594884635,68690900.0,,,,,
2023-08-14,,,,,,SPY,431.70855712890625,431.70855712890625,428.11509896255956,428.4233935882657,47867400.0,,,,,
2023-08-15,,,,,,SPY,426.6795959472656,430.29234049304716,426.1111649328765,429.9358583347008,75707500.0,,,,,
2023-08-16,,,,,,SPY,423.5485534667969,427.9223617239687,423.44256433778145,426.2653150386881,80107200.0,,,,,
2023-08-17,,,,,,SPY,420.3211669921875,425.273020314269,419.8009235363625,425.01291328665195,95711300.0,,,,,
2023-08-18,,,,,,SPY,420.5234680175781,421.5543115245304,417.1612164787308,417.5080258452247,98852000.0,,,,,
2023-08-21,,,,,,SPY,423.25958251953125,424.00138893640195,419.38673031886054,421.5350906095178,68719000.0,,,,,
2023-08-22,,,,,,SPY,422.1130065917969,425.03210259205986,421.5542484514059,425.03210259205986,64994200.0,,,,,
2023-08-23,,,,,,SPY,426.81451416015625,427.4311034249485,423.0283644204359,423.17286834168584,68441000.0,,,,,
2023-08-24,,,,,,SPY,420.8992614746094,428.9243595057039,420.87033128977225,428.4137593836846,88517300.0,,,,,
2023-08-25,,,,,,SPY,423.86651611328125,425.14782341445994,419.07842352366526,422.62372359066535,102325100.0,,,,,
2023-08-28,,,,,,SPY,426.55438232421875,427.1709421526019,423.8664919427265,426.05339622552776,61595400.0,,,,,
2023-08-29,,,,,,SPY,432.7200927734375,432.9994865828607,426.26531078000176,426.44835885508,83081900.0,,,,,
2023-08-30,,,,,,SPY,434.50238037109375,435.13822692888783,432.35399106524045,433.057282576268,69053900.0,,,,,
2023-08-31,,,,,,SPY,433.8665466308594,436.2557562391773,433.6834985527266,435.1189529964718,66084600.0,,,,,
2023-09-01,,,,,,SPY,434.6758728027344,437.0651122233985,433.2211313207377,436.58341286121106,58944100.0,,,,,
2023-09-05,,,,,,SPY,432.79718017578125,434.55057269413254,432.72976461783867,434.23266409054196,55166200.0,,,,,
2023-09-06,,,,,,SPY,429.8876953125,432.09388618903915,427.5659013158959,431.98789706191957,70758500.0,,,,,
2023-09-07,,,,,,SPY,428.56787109375,429.24223247025344,426.5447281630559,426.8915375451562,70355400.0,,,,,
2023-09-08,,,,,,SPY,429.21331787109375,430.74511806057524,428.2595627004295,428.6160154651993,61659700.0,,,,,
2023-09-11,,,,,,SPY,432.0361022949219,432.34436749416994,430.12856253408137,431.83376742594476,60180100.0,,,,,
2023-09-12,,,,,,SPY,429.6661376953125,432.11317840274216,429.0881220484013,430.59102153155527,67565400.0,,,,,
2023-09-13,,,,,,SPY,430.16705322265625,431.32311372742333,428.7893710886088,429.8876594387545,60199300.0,,,,,
2023-09-14,,,,,,SPY,433.8762512207031,434.56989950357433,431.33289378390674,432.6334879893648,83430800.0,,,,,
2023-09-15,,,,,,SPY,428.64874267578125,432.62229333118586,428.21370176743056,432.2935859212208,111848900.0,,,,,
2023-09-18,,,,,,SPY,428.90008544921875,430.1955896700722,427.86560575276553,428.3393267614431,55752200.0,,,,,
2023-09-19,,,,,,SPY,428.0106201171875,428.57137880593234,425.3326034960519,427.981617392204,66514600.0,,,,,
2023-09-20,,,,,,SPY,424.0757751464844,429.68318495179983,423.8727265693422,429.2674693964477,82562600.0,,,,,
2023-09-21,,,,,,SPY,417.0665283203125,421.4944451347644,416.9118372759941,421.2334205936458,104095800.0,,,,,
2023-09-22,,,,,,SPY,416.128662109375,419.6864669998817,415.7129170916107,418.0912582939372,100829700.0,,,,,
2023-09-25,,,,,,SPY,417.87860107421875,417.9172517040119,414.485134786977,414.920205158679,70874500.0,,,,,
2023-09-26,,,,,,SPY,411.7394714355469,415.54865360911657,410.90801075336816,414.84288124552415,96168400.0,,,,,
2023-09-27,,,,,,SPY,411.90380859375,413.4700443597365,408.26867230252077,412.9092856337623,104705800.0,,,,,
2023-09-28,,,,,,SPY,414.2917785644531,415.964347748709,410.76297593705533,411.3527373620953,92258300.0,,,,,
2023-09-29,,,,,,SPY,413.28631591796875,417.5112133076614,411.7684378270295,417.3371969608053,115111300.0,,,,,
2023-10-02,,,,,,SPY,413.1219482421875,414.3691244055631,410.36657139466814,412.454856073705,83798600.0,,,,,
2023-10-03,,,,,,SPY,407.59185791015625,413.1799422139496,406.22867088652805,410.94664397430034,103760600.0,,,,,
2023-10-04,,,,,,SPY,410.55999755859375,411.3044205907774,406.59612415084763,408.0559969911016,87453000.0,,,,,
2023-10-05,,,,,,SPY,410.4052429199219,411.2463514179395,407.1858225474584,410.269877205424,70142700.0,,,,,
2023-10-06,,,,,,SPY,415.27789306640625,416.8150963910029,406.63472757769614,407.9592344326086,113273300.0,,,,,
2023-10-09,,,,,,SPY,417.9366149902344,418.5070215863633,412.8319288458573,413.3829806224,80374400.0,,,,,
2023-10-10,,,,,,SPY,420.1119079589844,422.70291641435927,418.16863686530417,418.56502711101643,78607300.0,,,,,
2023-10-11,,,,,,SPY,421.8327941894531,422.08414129890025,418.79703802262225,421.17537943505704,62451700.0,,,,,
2023-10-12,,,,,,SPY,419.2611083984375,422.8189135801861,416.91179922986146,422.44187816631086,81154200.0,,,,,
2023-10-13,,,,,,SPY,417.17279052734375,421.95844616014017,415.606584539678,420.75959814761615,95143100.0,,,,,
2023-10-16,,,,,,SPY,421.5621032714844,422.6255856986061,419.1741138914331,419.4158131019472,75433200.0,,,,,
2023-10-17,,,,,,SPY,421.54278564453125,423.5924199141401,418.0913430371363,418.43937576892034,75324700.0,,,,,
2023-10-18,,,,,,SPY,415.9256591796875,420.73064064200355,414.8428514424272,419.77352121429993,93559800.0,,,,,
2023-10-19,,,,,,SPY,412.2711486816406,418.44899434083845,411.5944086302288,416.64108906158174,121323000.0,,,,,
2023-10-20,,,,,,SPY,407.2052001953125,412.37756965755136,407.0988371910665,411.8361657385735,123919900.0,,,,,
2023-10-23,,,,,,SPY,406.4993896484375,410.35692908932583,403.92770652261123,405.67760643648245,92035100.0,,,,,
2023-10-24,,,,,,SPY,409.56414794921875,410.7146385432617,406.7700909338865,408.61667642933105,78564200.0,,,,,
2023-10-25,,,,,,SPY,403.6859436035156,407.91086989621283,403.17354254116606,407.8818671758645,94223200.0,,,,,
2023-10-26,,,,,,SPY,398.85205078125,403.47333880031834,397.93361142540357,402.6225823087564,115156800.0,,,,,
2023-10-27,,,,,,SPY,397.044189453125,400.8340467186795,395.62299666658,400.43765640359646,107367700.0,,,,,
2023-10-30,,,,,,SPY,401.7910461425781,402.844851029009,398.5329459102298,399.8284499771529,86562700.0,,,,,
2023-10-31,,,,,,SPY,404.31451416015625,404.63354418586295,400.4569740962496,402.3615653520939,79665200.0,,,,,
2023-11-01,,,,,,SPY,408.62640380859375,409.4385097088223,404.74953858461424,405.28129461149234,98068100.0,,,,,
2023-11-02,,,,,,SPY,416.4574279785156,416.61211901779166,412.39686933434086,412.41619465013827,94938900.0,,,,,
2023-11-03,,,,,,SPY,420.2569274902344,421.80380835994043,418.63271585397734,418.75840416588386,100167800.0,,,,,
2023-11-06,,,,,,SPY,421.2237243652344,421.66844265759465,419.28045324415575,421.01102787683624,67831700.0,,,,,
2023-11-07,,,,,,SPY,422.42254638671875,423.0606358569916,420.0829145000172,421.2237277176419,64256100.0,,,,,
2023-11-08,,,,,,SPY,422.7319030761719,423.544008852029,420.4309219590949,423.0219303160148,61746000.0,,,,,
2023-11-09,,,,,,SPY,419.4351501464844,423.91142437106953,419.00975716373983,423.8727442351021,83174400.0,,,,,
2023-11-10,,,,,,SPY,425.9803771972656,426.28975929301595,419.4254952530958,421.50413223667414,89462200.0,,,,,
2023-11-13,,,,,,SPY,425.5743103027344,426.6764433760795,423.86309048956497,424.64619358239656,52236100.0,,,,,
2023-11-14,,,,,,SPY,433.8307800292969,435.1166069139446,431.2784220719966,431.50079597873554,97176900.0,,,,,
2023-11-15,,,,,,SPY,434.7491149902344,436.39268111396075,433.8983292087427,435.16483047300653,77327600.0,,,,,
2023-11-16,,,,,,SPY,435.2809753417969,435.60000533429076,433.2410185572766,434.3045010394223,66665800.0,,,,,
2023-11-17,,,,,,SPY,435.8223571777344,436.43144390959674,434.37216191303287,435.2906012114316,83133200.0,,,,,
2023-11-20,,,,,,SPY,439.1771545410156,440.0182630951851,435.5613141930735,435.57099160312566,69936200.0,,,,,
2023-11-21,,,,,,SPY,438.2200012207031,439.0514618608499,436.9534996970191,438.13299304399567,49244600.0,,,,,
2023-11-22,,,,,,SPY,439.9118957519531,441.22675482120695,438.8194400859089,439.8732451207241,59394900.0,,,,,
2023-11-24,,,,,,SPY,440.1826171875,440.3759883694041,439.63156537724313,439.96027278304024,29737400.0,,,,,
2023-11-27,,,,,,SPY,439.38983154296875,440.36627627306393,439.00308920962266,439.55417048077294,50506000.0,,,,,
2023-11-28,,,,,,SPY,439.82489013671875,441.1203943936042,438.4423777026132,439.00310690168646,62115000.0,,,,,
2023-11-29,,,,,,SPY,439.5155029296875,443.10234049536746,439.1191421839662,441.97117519611106,63146000.0,,,,,
2023-11-30,,,,,,SPY,441.24603271484375,441.5940948885885,438.2876370073433,440.3565962233876,79752700.0,,,,,
2023-12-01,,,,,,SPY,443.8564758300781,444.38820233909854,440.0472935709732,440.6370255353667,89183400.0,,,,,
2023-12-04,,,,,,SPY,441.5264587402344,443.8757680204174,439.25448022667734,440.47265370720123,72430900.0,,,,,
2023-12-05,,,,,,SPY,441.4394836425781,442.3966031608258,439.76691433401015,440.14397929835064,69793500.0,,,,,
2023-12-06,,,,,,SPY,439.6604919433594,443.6050096339301,439.22542161159066,443.5760069120985,69124700.0,,,,,
2023-12-07,,,,,,SPY,443.0152893066406,443.6630266124851,441.13970123464765,441.73911050428126,66995400.0,,,,,
2023-12-08,,,,,,SPY,444.9198303222656,445.4515566782764,442.0290882746088,442.27078743721233,83194400.0,,,,,
2023-12-11,,,,,,SPY,446.6504821777344,446.8245280398024,444.21416465607524,444.4268611503367,65002200.0,,,,,
2023-12-12,,,,,,SPY,448.6904602050781,448.7871457987425,445.30667095693167,446.30247061264276,68327600.0,,,,,
2023-12-13,,,,,,SPY,454.8778991699219,455.12927578193285,448.709730800554,449.0674408996175,93278000.0,,,,,
2023-12-14,,,,,,SPY,456.3377990722656,458.00069086527446,453.66943027540754,456.8115200961749,119026000.0,,,,,
2023-12-15,,,,,,SPY,455.58642578125,456.91633245678577,453.74207009746453,455.7417439978948,141553700.0,,,,,
2023-12-18,,,,,,SPY,458.149169921875,459.1296032853033,456.13009218585904,457.1881698520897,70375300.0,,,,,
2023-12-19,,,,,,SPY,460.9350891113281,461.0127630324847,458.61509172941334,458.69273602664884,55761800.0,,,,,
2023-12-20,,,,,,SPY,454.5477294921875,461.9639883390121,454.12061185125907,460.08079591053223,102921000.0,,,,,
2023-12-21,,,,,,SPY,458.8577575683594,459.1295570366737,455.1107760152546,457.5278509164755,86667500.0,,,,,
2023-12-22,,,,,,SPY,459.77996826171875,461.4593188510491,457.887088433067,459.9838104781131,67160400.0,,,,,
2023-12-26,,,,,,SPY,461.7213439941406,462.62410332069675,460.1099508863103,460.1876248035588,55387000.0,,,,,
2023-12-27,,,,,,SPY,462.55615234375,462.7017539013479,460.98359627385656,461.51747852635486,68000300.0,,,,,
2023-12-28,,,,,,SPY,462.7309265136719,463.5657286208665,462.3135254600746,462.91536504878167,77158100.0,,,,,
2023-12-29,,,,,,SPY,461.3913269042969,463.06096072132885,459.4401769650659,462.5367654374911,122283100.0,,,,,
2024-01-02,,,,,,SPY,458.8092346191406,459.79938459581,456.7124830275094,458.33359292378987,123623700.0,,,,,
2024-01-03,,,,,,SPY,455.062255859375,457.3919698393569,454.4604162904711,456.6542157231931,103585900.0,,,,,
2024-01-04,,,,,,SPY,453.59649658203125,457.1687269140432,453.3732210773095,454.5866169474703,84232200.0,,,,,
2024-01-05,,,,,,SPY,454.21771240234375,456.6639075045455,452.77132456262234,453.80028176128866,86118900.0,,,,,
2024-01-08,,,,,,SPY,460.7021179199219,460.84771948944723,454.5865853845721,454.71278328613425,74879100.0,,,,,
2024-01-09,,,,,,SPY,460.0032043457031,461.02244496424106,457.54729244084217,458.05205442710235,65931400.0,,,,,
2024-01-10,,,,,,SPY,462.604736328125,463.4686883884697,459.99350610212235,460.275022232607,67310600.0,,,,,
2024-01-11,,,,,,SPY,462.40087890625,464.119036700077,458.4306513904914,463.60455806414546,77940700.0,,,,,
2024-01-12,,,,,,SPY,462.72119140625,464.58498035155515,461.3136700813151,463.8472262405501,58026400.0,,,,,
2024-01-16,,,,,,SPY,461.0224304199219,462.6532272077025,459.2071951071508,461.34278348918724,85014900.0,,,,,
2024-01-17,,,,,,SPY,458.4597473144531,458.9451056102245,456.11060012839494,458.0035093314712,68843900.0,,,,,
2024-01-18,,,,,,SPY,462.5367126464844,463.09002818161,458.58591886010277,460.12935459709723,91856200.0,,,,,
2024-01-19,,,,,,SPY,468.30279541015625,468.5843115147551,462.5852901238366,463.66277131466796,110834500.0,,,,,
2024-01-22,,,,,,SPY,469.2929992675781,471.01115715758357,468.64260604571103,469.83659824827777,75844900.0,,,,,
2024-01-23,,,,,,SPY,470.6616516113281,470.9043307691421,468.7493682867175,469.836566173897,49945300.0,,,,,
2024-01-24,,,,,,SPY,471.1761779785156,474.45717543420074,470.68110299788805,473.525295727068,81765000.0,,,,,
2024-01-25,,,,,,SPY,473.73883056640625,474.0106300348732,471.1761540957068,473.30199623812143,72525000.0,,,,,
2024-01-26,,,,,,SPY,473.1369934082031,474.79691054106985,472.29247468488353,473.3117152908374,76641600.0,,,,,
2024-01-29,,,,,,SPY,476.8839111328125,477.029542315143,472.9039969579279,473.4475958586122,61322800.0,,,,,
2024-01-30,,,,,,SPY,476.5151062011719,477.2237103899132,475.7579187820987,476.19475312019154,58618400.0,,,,,
2024-01-31,,,,,,SPY,468.7396545410156,474.75807991768903,468.7202212489611,474.31155855924624,126011100.0,,,,,
2024-02-01,,,,,,SPY,474.87457275390625,474.9036930669608,469.6326794127357,470.43839078044346,91891600.0,,,,,
2024-02-02,,,,,,SPY,479.8737487792969,481.523949196212,474.97161226030033,475.31136898916844,99228200.0,,,,,
2024-02-05,,,,,,SPY,478.12652587890625,479.90295413015167,475.87448552123806,479.24287384642,75757100.0,,,,,
2024-02-06,,,,,,SPY,479.5146179199219,479.84465802363434,477.6411122849623,479.0680669349689,55918600.0,,,,,
2024-02-07,,,,,,SPY,483.5139465332031,483.93134756331705,480.8541628931194,481.75695184930976,70556500.0,,,,,
2024-02-08,,,,,,SPY,483.7275085449219,484.1060726186496,482.69855130751233,483.513949705615,52343600.0,,,,,
2024-02-09,,,,,,SPY,486.5232238769531,486.96002861938376,483.89256027998283,484.23231705115523,63979400.0,,,,,
2024-02-12,,,,,,SPY,486.3096008300781,488.7557959365899,485.59125041968997,486.4940393494017,56502300.0,,,,,
2024-02-13,,,,,,SPY,479.6116943359375,482.53356108402113,476.35010044182593,480.0485287007201,113099200.0,,,,,
2024-02-14,,,,,,SPY,483.97021484375,484.4555731763151,479.92231331563113,482.2423403647749,68387800.0,,,,,
2024-02-15,,,,,,SPY,487.3094482421875,487.4938867654942,484.19342663721847,484.6690979139186,61683000.0,,,,,
2024-02-16,,,,,,SPY,484.8826599121094,488.14425347916483,484.1449058140717,487.0085316428908,75532900.0,,,,,
2024-02-20,,,,,,SPY,482.2132263183594,483.8149029118612,479.97087316267243,483.14510603430045,71736700.0,,,,,
2024-02-21,,,,,,SPY,482.6499938964844,482.80531210783914,479.10688422021883,480.9124325062878,59293400.0,,,,,
2024-02-22,,,,,,SPY,492.638671875,493.5996718242251,488.2898508655614,489.25088043870596,76402500.0,,,,,
2024-02-23,,,,,,SPY,492.9784851074219,495.191718012327,492.250447577862,494.3568862406584,61321800.0,,,,,
2024-02-26,,,,,,SPY,491.17291259765625,493.8521000550051,491.0467146922128,493.41526570907337,50386700.0,,,,,
2024-02-27,,,,,,SPY,492.0854187011719,492.3086942109039,489.96926336586625,491.8621728153631,48854500.0,,,,,
2024-02-28,,,,,,SPY,491.43499755859375,492.0174038220213,490.17304819868775,490.53220860244136,56506600.0,,,,,
2024-02-29,,,,,,SPY,493.2017517089844,494.81314506363924,490.55171394937406,493.1920646857842,83924800.0,,,,,
2024-03-01,,,,,,SPY,497.83203125,498.2591489639279,493.6676779750869,494.075392019808,76844800.0,,,,,
2024-03-04,,,,,,SPY,497.2981262207031,499.1425115484434,497.00692307628157,497.03607301464484,49799300.0,,,,,
2024-03-05,,,,,,SPY,492.3280334472656,495.7449748064334,490.1245174506037,495.29842384541166,72855600.0,,,,,
2024-03-06,,,,,,SPY,494.82281494140625,497.07488469099843,493.53177482463775,495.59937641592427,68382400.0,,,,,
2024-03-07,,,,,,SPY,499.7345886230469,500.78297909459656,494.88100583529064,498.1135085613306,58652100.0,,,,,
2024-03-08,,,,,,SPY,496.735107421875,503.04473579557066,496.1623881738849,500.36560770630734,86532500.0,,,,,
2024-03-11,,,,,,SPY,496.3079528808594,496.8903887313969,493.60936207648933,495.5313914960879,62557200.0,,,,,
2024-03-12,,,,,,SPY,501.6469421386719,502.2293483869414,495.9002573325016,498.41443934118087,73114400.0,,,,,
2024-03-13,,,,,,SPY,500.86065673828125,502.14200986510485,499.4240150117718,501.9672879725168,55104100.0,,,,,
2024-03-14,,,,,,SPY,499.8704833984375,501.98663830049765,496.8321359535948,501.8312904786425,110171800.0,,,,,
2024-03-15,,,,,,SPY,496.4381408691406,498.2590460217431,494.77306623402836,496.80816405826874,107646300.0,,,,,
2024-03-18,,,,,,SPY,499.3885192871094,501.93969410963876,498.97956820958467,500.4985887866016,88893300.0,,,,,
2024-03-19,,,,,,SPY,502.1637268066406,502.4460879024091,497.6942674328087,498.69724067048253,60755300.0,,,,,
2024-03-20,,,,,,SPY,506.80828857421875,506.9446253921805,501.5501685674469,502.2220463909248,69594600.0,,,,,
2024-03-21,,,,,,SPY,508.48321533203125,510.34301859328446,508.20079481953724,509.6419595938359,60256100.0,,,,,
2024-03-22,,,,,,SPY,507.5191955566406,508.8823855528386,507.2854498071945,508.39551924735605,79070800.0,,,,,
2024-03-25,,,,,,SPY,506.1169738769531,507.2659711253938,505.96114339097517,506.1461549481259,48512100.0,,,,,
2024-03-26,,,,,,SPY,505.18218994140625,507.87944816611747,504.78298573958654,507.5386061090331,65463700.0,,,,,
2024-03-27,,,,,,SPY,509.42767333984375,509.466660680705,505.84434446401093,508.0060617645378,82999800.0,,,,,
2024-03-28,,,,,,SPY,509.3304138183594,510.82994090833836,509.0480527068501,509.4667506716118,96294900.0,,,,,
2024-04-01,,,,,,SPY,508.4442138671875,510.60593125263364,507.2854696375655,510.07039018205234,62477500.0,,,,,
2024-04-02,,,,,,SPY,505.2115173339844,505.3477947483364,502.9134629158643,504.62724203503336,74230300.0,,,,,
2024-04-03,,,,,,SPY,505.7664794921875,507.266065898289,504.0721940901131,504.1208688391064,59155800.0,,,,,
2024-04-04,,,,,,SPY,499.59307861328125,510.10938062558256,499.29122383235546,509.7685979294163,96858100.0,,,,,
2024-04-05,,,,,,SPY,504.8122253417969,506.7694375345306,500.5083435441168,500.94653513579135,74546500.0,,,,,
2024-04-08,,,,,,SPY,505.0945129394531,506.51618383860915,504.28635772492515,505.5132702303462,48401800.0,,,,,
2024-04-09,,,,,,SPY,505.6789245605469,507.07135533197885,500.83944164249937,506.8279221321075,68049200.0,,,,,
2024-04-10,,,,,,SPY,500.6154479980469,502.6018412987628,498.6388015333815,499.9922448100833,82652800.0,,,,,
2024-04-11,,,,,,SPY,504.3935241699219,505.8346295064768,498.6290433917763,502.1344572387197,70099000.0,,,,,
2024-04-12,,,,,,SPY,497.4313659667969,502.27081877394835,495.70784003413945,500.85889444352966,92561100.0,,,,,
2024-04-15,,,,,,SPY,491.199462890625,501.7644387082916,490.3522904966187,501.5989207934361,92101400.0,,,,,
2024-04-16,,,,,,SPY,490.3035888671875,493.19557596027215,489.018254666714,491.676555438244,73484000.0,,,,,
2024-04-17,,,,,,SPY,487.40185546875,492.9229325491744,486.00942494137024,492.75738492725213,75910300.0,,,,,
2024-04-18,,,,,,SPY,486.39892578125,490.88784877913054,485.46415075166374,488.7943295112607,74548100.0,,,,,
2024-04-19,,,,,,SPY,482.15350341796875,487.31427501412566,480.8876330360681,486.3210783246666,102212600.0,,,,,
2024-04-22,,,,,,SPY,486.59375,489.1838827819534,482.41642801907807,484.7533807670464,67961000.0,,,,,
2024-04-23,,,,,,SPY,492.36798095703125,492.79642576333276,486.40874101697625,488.59963980175917,64633600.0,,,,,
2024-04-24,,,,,,SPY,492.13427734375,494.0427852311199,489.9141678416356,493.2540640735244,55928100.0,,,,,
2024-04-25,,,,,,SPY,490.2646484375,491.02415872515365,484.42225246602163,486.0678630419317,69122400.0,,,,,
2024-04-26,,,,,,SPY,494.9093322753906,496.4867743057136,492.41657923952914,493.04949947545424,64306100.0,,,,,
2024-04-29,,,,,,SPY,496.662109375,497.33398732987405,493.9259228058318,496.6913201679961,46415400.0,,,,,
2024-04-30,,,,,,SPY,488.7943115234375,496.1751917116098,488.7943115234375,495.20145909113546,77483600.0,,,,,
2024-05-01,,,,,,SPY,487.2071533203125,494.841213980312,486.7397509352648,488.2100967940072,80242800.0,,,,,
2024-05-02,,,,,,SPY,491.76422119140625,492.6016467604268,486.4281553313073,490.9073316662554,62550200.0,,,,,
2024-05-03,,,,,,SPY,497.8597717285156,499.08665465274976,495.20147091341136,497.73318173027803,72756700.0,,,,,
2024-05-06,,,,,,SPY,503.0010681152344,503.039996024656,499.81694342031363,500.25513498697876,47264700.0,,,,,
2024-05-07,,,,,,SPY,503.55615234375,504.9485829994704,502.8842743906612,503.9651034446084,52561300.0,,,,,
2024-05-08,,,,,,SPY,503.6047668457031,504.14030789046143,501.60862689782874,501.7254700555243,42047200.0,,,,,
2024-05-09,,,,,,SPY,506.50640869140625,506.5453960271244,503.13733233897784,503.78971646120135,43643700.0,,,,,
2024-05-10,,,,,,SPY,507.158935546875,508.91164241656554,505.94176974404485,508.10342768254765,52233200.0,,,,,
2024-05-13,,,,,,SPY,507.22711181640625,508.94089100323504,506.0878611147721,508.8337946620412,36716400.0,,,,,
2024-05-14,,,,,,SPY,509.5542907714844,510.0703976103099,506.88627278339663,507.42181386177714,57535900.0,,,,,
2024-05-15,,,,,,SPY,515.8640747070312,516.1561825946173,511.3848691803367,512.01781913004,59504900.0,,,,,
2024-05-16,,,,,,SPY,514.802734375,517.558414507879,514.6566506998298,515.9614786446474,50244800.0,,,,,
2024-05-17,,,,,,SPY,515.5428466796875,515.6110151080264,513.4687910457112,514.9196434193897,59187600.0,,,,,
2024-05-20,,,,,,SPY,516.1367797851562,517.5973789121299,515.2701433728218,515.6596602461204,37764200.0,,,,,
2024-05-21,,,,,,SPY,517.402587890625,517.5584184029028,515.1727614260365,515.3772666864285,33437000.0,,,,,
2024-05-22,,,,,,SPY,515.9127807617188,517.4220544657823,513.741316563043,516.7112486575287,48390000.0,,,,,
2024-05-23,,,,,,SPY,512.1443481445312,519.0675716996905,510.9368699664029,518.960475392313,57211200.0,,,,,
2024-05-24,,,,,,SPY,515.532958984375,516.3411736344989,513.0402060562079,513.9846980938406,41291100.0,,,,,
2024-05-28,,,,,,SPY,515.893310546875,516.5749353115505,513.2642204156563,516.3412489766735,36269600.0,,,,,
2024-05-29,,,,,,SPY,512.28076171875,513.4589997088932,511.56995584928654,511.871810616093,45190300.0,,,,,
2024-05-30,,,,,,SPY,508.8823547363281,511.40434819604866,507.63600797436754,510.7422171925198,46377600.0,,,,,
2024-05-31,,,,,,SPY,513.5174560546875,513.6440460717812,504.7441141188356,509.8367770177735,90785800.0,,,,,
2024-06-03,,,,,,SPY,513.9360961914062,515.4064420460951,508.87267437322015,515.1240809646227,46835700.0,,,,,
2024-06-04,,,,,,SPY,514.5107421875,515.2507887018945,511.170845466537,512.6314448190716,34632700.0,,,,,
2024-06-05,,,,,,SPY,520.625732421875,520.6452260973251,514.8417568472363,516.8282099211538,47610400.0,,,,,
2024-06-06,,,,,,SPY,520.6158447265625,521.3558910101924,518.6878732006264,520.927446289771,30808500.0,,,,,
2024-06-07,,,,,,SPY,519.9829711914062,522.787325920015,518.5515533208824,519.6421291117942,43224500.0,,,,,
2024-06-10,,,,,,SPY,521.589599609375,521.9109480214009,518.5807990347079,519.1747616812378,35686100.0,,,,,
2024-06-11,,,,,,SPY,522.8458251953125,522.9042467845098,518.0745108271142,520.0414700499772,36383400.0,,,,,
2024-06-12,,,,,,SPY,527.139892578125,529.8274041983666,526.1077383475028,527.4028194115604,63251300.0,,,,,
2024-06-13,,,,,,SPY,528.2013549804688,529.0582445758802,525.4164935113477,528.8829798084458,44760900.0,,,,,
2024-06-14,,,,,,SPY,528.5225830078125,528.5517640797698,525.6694943308721,526.6724673865745,40089900.0,,,,,
2024-06-17,,,,,,SPY,532.7291259765625,534.1216160104203,527.3833430672393,527.8410283318889,55839500.0,,,,,
2024-06-18,,,,,,SPY,534.0827026367188,534.2092926573293,532.3689233717765,532.7876213507444,41376400.0,,,,,
2024-06-20,,,,,,SPY,532.6317138671875,535.6697547200665,530.8595134643548,535.0076237066871,70328200.0,,,,,
2024-06-21,,,,,,SPY,531.9176635742188,533.0313142277637,530.4621308750893,531.810221745453,64338600.0,,,,,
2024-06-24,,,,,,SPY,530.1885375976562,534.3011982327657,530.0713174980777,531.7417933525489,45528700.0,,,,,
2024-06-25,,,,,,SPY,532.2302856445312,532.5917242597523,529.8955424418219,531.4096852385123,37936200.0,,,,,
2024-06-26,,,,,,SPY,532.8945922851562,533.6076912884868,530.4719636310322,531.1166742934914,38550600.0,,,,,
2024-06-27,,,,,,SPY,533.7347412109375,534.311123211826,532.0154331135317,532.7578670304722,35041500.0,,,,,
2024-06-28,,,,,,SPY,531.6344604492188,537.554375472948,530.3938707314409,534.5064730466929,76144500.0,,,,,
2024-07-01,,,,,,SPY,532.728515625,533.2560061424955,529.9737236752046,533.0117876323043,40297800.0,,,,,
2024-07-02,,,,,,SPY,536.3136596679688,536.3136596679688,531.0776287968915,531.1264605772033,40434800.0,,,,,
2024-07-03,,,,,,SPY,538.7069702148438,539.068408833479,535.9619565950238,536.0010100914286,32789900.0,,,,,
2024-07-05,,,,,,SPY,541.8134155273438,542.2139076372644,538.3747999305978,539.0097918869257,41488400.0,,,,,
2024-07-08,,,,,,SPY,542.438720703125,543.3862600338458,541.3739016175886,542.5949943367658,36110500.0,,,,,
2024-07-09,,,,,,SPY,542.966064453125,544.2945986626197,542.6730142045088,543.3958913589794,27289700.0,,,,,
2024-07-10,,,,,,SPY,548.3389282226562,548.6808102777995,543.894163387503,544.1872136667199,38701200.0,,,,,
2024-07-11,,,,,,SPY,543.61083984375,549.3255886798729,542.9759074999535,548.4561564855596,53054200.0,,,,,
2024-07-12,,,,,,SPY,547.0396728515625,550.6345620898736,544.2653840243584,544.7342644743289,53084400.0,,,,,
2024-07-15,,,,,,SPY,548.5441284179688,551.7775792240066,546.6880438244344,549.0325654558818,40584300.0,,,,,
2024-07-16,,,,,,SPY,551.7970581054688,552.090108393895,549.1008762046278,549.8530882979716,36475300.0,,,,,
2024-07-17,,,,,,SPY,544.060302734375,547.5477506768178,543.7379175635831,545.8772743812609,57119000.0,,,,,
2024-07-18,,,,,,SPY,539.8792114257812,546.5806130354061,537.7008012722223,545.5939606590898,56270400.0,,,,,
2024-07-19,,,,,,SPY,536.2940673828125,541.2663824595259,535.2390267295067,539.644738170822,65509100.0,,,,,
2024-07-22,,,,,,SPY,541.8232421875,542.4288993582354,538.277184442637,540.2113760766848,43346700.0,,,,,
2024-07-23,,,,,,SPY,540.9732666015625,543.8647752379528,540.4848296428585,541.7156406949248,34439600.0,,,,,
2024-07-24,,,,,,SPY,528.7135620117188,536.4699449259502,527.7952979520205,536.1671163330532,74515300.0,,,,,
2024-07-25,,,,,,SPY,525.9586791992188,534.7994361794972,525.0209183627663,528.8306910081631,61158300.0,,,,,
2024-07-26,,,,,,SPY,531.849365234375,534.535769150024,528.9675745637637,529.7393433023149,53763800.0,,,,,
2024-07-29,,,,,,SPY,532.1619262695312,534.3989464184045,530.1690650137424,533.3927971337158,39515800.0,,,,,
2024-07-30,,,,,,SPY,529.4657592773438,534.6822931769603,526.0662565076813,533.6272524601584,46853600.0,,,,,
2024-07-31,,,,,,SPY,538.072021484375,540.6998152024645,534.9167372159726,536.2843251839307,65663400.0,,,,,
2024-08-01,,,,,,SPY,530.452392578125,542.0381046138815,526.9551667505608,539.7913062018092,76428700.0,,,,,
2024-08-02,,,,,,SPY,520.576171875,524.5715530952934,516.3755660291246,523.3602388903765,82789100.0,,,,,
2024-08-05,,,,,,SPY,505.41510009765625,511.4717311244644,498.4695101090915,499.80785259777787,146267400.0,,,,,
2024-08-06,,,,,,SPY,510.0748291015625,517.4990483238507,505.89377938390135,507.21253555376086,84826300.0,,,,,
2024-08-07,,,,,,SPY,506.6653747558594,519.2964063532022,506.0694960053338,516.248505027595,70698300.0,,,,,
2024-08-08,,,,,,SPY,518.378173828125,519.0033278281719,509.7719169059722,511.79399346845105,63276600.0,,,,,
2024-08-09,,,,,,SPY,520.6641235351562,522.1489912653111,516.3365783728381,517.5576710131196,45619600.0,,,,,
2024-08-12,,,,,,SPY,520.9376831054688,523.3407552909962,518.6713279832952,521.8559471668351,42542100.0,,,,,
2024-08-13,,,,,,SPY,529.5048217773438,529.7393216479126,523.878076980635,524.1222955084382,52333100.0,,,,,
2024-08-14,,,,,,SPY,531.1752319335938,532.3572709257232,527.6291745808618,530.2960214933445,42446900.0,,,,,
2024-08-15,,,,,,SPY,540.2797241210938,540.5629961238054,536.1866195717042,536.7922766972661,60846800.0,,,,,
2024-08-16,,,,,,SPY,541.4910278320312,542.1846298407453,538.5115740387317,538.6678476452682,44430700.0,,,,,
2024-08-19,,,,,,SPY,546.66845703125,546.66845703125,541.0514314058853,541.9013070349608,39121800.0,,,,,
2024-08-20,,,,,,SPY,545.7794799804688,547.8700045132335,544.4411674580102,546.2190851764095,33732300.0,,,,,
2024-08-21,,,,,,SPY,547.6550903320312,549.1106230342316,541.9012882335657,546.8247712917706,41514600.0,,,,,
2024-08-22,,,,,,SPY,543.3568115234375,550.155875826028,542.1454973391976,549.5502187339081,56121500.0,,,,,
2024-08-23,,,,,,SPY,549.130126953125,550.0679473561338,544.4020310704757,546.5902786774961,50639400.0,,,,,
2024-08-26,,,,,,SPY,547.8211669921875,550.8690092024209,546.1214157161334,550.1559102385648,35788600.0,,,,,
2024-08-27,,,,,,SPY,548.5734252929688,549.0618623501647,545.4083627021253,546.5512887213379,32693900.0,,,,,
2024-08-28,,,,,,SPY,545.3887329101562,548.661296528156,542.2041141850556,548.2314695905903,41066000.0,,,,,
2024-08-29,,,,,,SPY,545.4375610351562,550.6443160255352,544.294635177053,547.3522554939839,38715200.0,,,,,
2024-08-30,,,,,,SPY,550.6443481445312,551.1523417216108,544.2556134288437,547.8016709409602,62700100.0,,,,,
2024-09-03,,,,,,SPY,539.3126831054688,547.8407751289367,536.8021094517958,547.5086116923438,60600100.0,,,,,
2024-09-04,,,,,,SPY,538.2088012695312,541.6083040829072,536.7532683896355,537.4761456891545,47224900.0,,,,,
2024-09-05,,,,,,SPY,536.8997192382812,540.9928237930679,534.4477558926965,538.1501466111926,44264300.0,,,,,
2024-09-06,,,,,,SPY,527.8636474609375,538.8437022454943,526.9649400293706,537.2221175565589,68493800.0,,,,,
2024-09-09,,,,,,SPY,533.773681640625,535.043665505135,530.1299607989381,532.0544335310877,40445800.0,,,,,
2024-09-10,,,,,,SPY,536.0986938476562,536.4504138231891,530.8138314182086,535.6786451567546,36394600.0,,,,,
2024-09-11,,,,,,SPY,541.5984497070312,542.5167136236998,527.4728902611638,536.0107592184578,75248600.0,,,,,
2024-09-12,,,,,,SPY,546.16064453125,546.463473160401,539.9574573392342,542.1749809413973,51819600.0,,,,,
2024-09-13,,,,,,SPY,549.0130615234375,550.0094922558702,546.5122660345418,546.7662628583907,39310500.0,,,,,
2024-09-16,,,,,,SPY,549.82373046875,550.0874458768798,546.9517188263792,548.7491334077678,36656100.0,,,,,
2024-09-17,,,,,,SPY,550.0484619140625,553.477299266029,547.8211605278194,552.0314851715059,49321000.0,,,,,
2024-09-18,,,,,,SPY,548.4171142578125,555.5385046014119,547.8602888957543,550.702966140304,59044900.0,,,,,
2024-09-19,,,,,,SPY,557.7755126953125,559.6315971955383,554.9426137920285,557.8048475354702,75315500.0,,,,,
2024-09-20,,,,,,SPY,556.8114013671875,557.8500616857909,553.793383536953,556.4096807844697,77503100.0,,,,,
2024-09-23,,,,,,SPY,558.2026977539062,558.8494456443765,556.6642942041962,557.8793836152081,44116900.0,,,,,
2024-09-24,,,,,,SPY,559.7998657226562,559.8586555458002,556.174333811357,558.9963649353333,46805700.0,,,,,
2024-09-25,,,,,,SPY,558.5653076171875,560.378103761662,557.4580492681129,559.6432009533316,38428600.0,,,,,
2024-09-26,,,,,,SPY,560.7798461914062,563.1413674659622,558.428192996937,562.8179934718497,48336000.0,,,,,
2024-09-27,,,,,,SPY,559.9664916992188,562.6611352170194,558.9376397719122,561.8478858705382,42100900.0,,,,,
2024-09-30,,,,,,SPY,562.2103881835938,562.8179029799776,556.6447321030395,558.937595094156,63557400.0,,,,,
2024-10-01,,,,,,SPY,557.1738891601562,562.5043864049716,554.6066335561335,561.8576982708267,72668800.0,,,,,
2024-10-02,,,,,,SPY,557.4090576171875,558.4281611024765,553.8913563966638,556.282242548741,38097800.0,,,,,
2024-10-03,,,,,,SPY,556.3900146484375,558.3301388916863,554.106899883147,555.9392527365582,40846500.0,,,,,
2024-10-04,,,,,,SPY,561.4461059570312,561.8184614824812,556.6643337627131,560.8287828388663,42939100.0,,,,,
2024-10-07,,,,,,SPY,556.370361328125,560.446655391967,555.2239297880301,559.7999074826037,49964700.0,,,,,
2024-10-08,,,,,,SPY,561.6322631835938,562.230029540932,558.0655806170524,558.9376197622599,37398700.0,,,,,
2024-10-09,,,,,,SPY,565.5224609375,566.0809942856702,561.0248291372598,561.6225357741174,37912200.0,,,,,
2024-10-10,,,,,,SPY,564.53271484375,565.9535388259317,562.9257131010544,564.1799758679994,44138100.0,,,,,
2024-10-11,,,,,,SPY,567.9132690429688,568.6481717987969,564.3171018304082,564.4542980317323,42268000.0,,,,,
2024-10-14,,,,,,SPY,572.557861328125,573.4887501402064,569.0401003876937,569.5202272995722,36217200.0,,,,,
2024-10-15,,,,,,SPY,568.1093139648438,573.1262458468478,566.8942243784207,572.8224884018784,54203600.0,,,,,
2024-10-16,,,,,,SPY,570.5784912109375,571.0978512020905,567.305757742965,568.1092586044506,30725400.0,,,,,
2024-10-17,,,,,,SPY,570.6275024414062,574.3216329805343,570.4413246734956,574.1158386665669,34393700.0,,,,,
2024-10-18,,,,,,SPY,572.8224487304688,573.6063330690159,570.8528997080355,572.3128969974695,37416800.0,,,,,
2024-10-21,,,,,,SPY,571.8817138671875,573.0771269383695,568.9126781204517,572.0972566282711,36439000.0,,,,,
2024-10-22,,,,,,SPY,571.5780029296875,572.7342428128154,568.697181591541,569.3536780068462,34183800.0,,,,,
2024-10-23,,,,,,SPY,566.355224609375,570.0003732214365,562.8570804647936,569.5594196255329,49314600.0,,,,,
2024-10-24,,,,,,SPY,567.5801391601562,568.3836400907534,564.9639018539431,568.3052337104026,34979900.0,,,,,
2024-10-25,,,,,,SPY,567.3840942382812,572.6950344865168,566.443456997856,569.8044050522926,47268200.0,,,,,
2024-10-28,,,,,,SPY,569.1381225585938,570.9802836348513,568.8343651367928,570.8528957024953,30174700.0,,,,,
2024-10-29,,,,,,SPY,570.0592651367188,571.1762720247682,566.7864714367279,568.1778707648036,42899700.0,,,,,
2024-10-30,,,,,,SPY,568.3346557617188,571.5780244818477,567.6291179550885,569.5888588084969,41435800.0,,,,,
2024-10-31,,,,,,SPY,557.1934814453125,564.0427655154251,556.9974954170759,563.9741674152153,60182500.0,,,,,
2024-11-01,,,,,,SPY,559.545166015625,563.9643910438907,559.1336371976272,559.8195584319851,45667500.0,,,,,
2024-11-04,,,,,,SPY,558.3399047851562,560.9757583388703,556.4585705161212,559.6823223393656,38217000.0,,,,,
2024-11-05,,,,,,SPY,565.09130859375,565.1304818819561,559.0357163025479,559.2512590975022,39478300.0,,,,,
2024-11-06,,,,,,SPY,579.1426391601562,580.014738259286,573.6064067155438,577.3397109306703,68182000.0,,,,,
2024-11-07,,,,,,SPY,583.6205444335938,584.6396478381987,581.0630972629532,581.1415036340469,47233200.0,,,,,
2024-11-08,,,,,,SPY,586.1487426757812,587.5695668763649,584.1693851078007,584.1693851078007,46444900.0,,,,,
2024-11-11,,,,,,SPY,586.7071533203125,588.0887441353201,584.9825720146739,587.7360051791314,37586800.0,,,,,
2024-11-12,,,,,,SPY,584.8847045898438,587.2265495486535,582.4056036057904,586.6288429184635,43006100.0,,,,,
2024-11-13,,,,,,SPY,585.1688232421875,587.1677373847895,582.9837313260188,585.3451927424278,47388600.0,,,,,
2024-11-14,,,,,,SPY,581.4061279296875,585.7763718199695,580.7202664359244,585.2962448517161,38904100.0,,,,,
2024-11-15,,,,,,SPY,573.9590454101562,578.3194803370213,572.1070761341368,577.8491019104924,75988800.0,,,,,
2024-11-18,,,,,,SPY,576.310791015625,577.6237838402152,573.5573576252949,574.4195885423085,37001700.0,,,,,
2024-11-19,,,,,,SPY,578.41748046875,579.142574989824,572.2737337790142,572.9400384688264,49412000.0,,,,,
2024-11-20,,,,,,SPY,578.6134643554688,578.8976052377521,572.8616299600318,578.495884693383,50032600.0,,,,,
2024-11-21,,,,,,SPY,581.7196044921875,583.1404284379229,575.6248397212988,581.4550801704302,46750300.0,,,,,
2024-11-22,,,,,,SPY,583.5225830078125,584.1497143652956,581.2101034094488,581.7097870344509,38226400.0,,,,,
2024-11-25,,,,,,SPY,585.501953125,588.7648782973704,583.2188384863542,587.4518855330788,42441400.0,,,,,
2024-11-26,,,,,,SPY,588.5591430664062,589.2254477201681,586.0310608458545,586.7463470552605,45621300.0,,,,,
2024-11-27,,,,,,SPY,586.7758178710938,588.755115442667,585.2570306878304,588.3730114334577,34000200.0,,,,,
2024-11-29,,,,,,SPY,590.4209594726562,591.204843913549,587.3147867247623,587.5891193661275,30177400.0,,,,,
2024-12-02,,,,,,SPY,591.479248046875,592.1553610993941,590.342564749557,590.832500010613,31746000.0,,,,,
2024-12-03,,,,,,SPY,591.7534790039062,591.9984465923378,590.2151351783115,591.2439870884159,26906600.0,,,,,
2024-12-04,,,,,,SPY,595.427978515625,595.6729460981672,592.7725681970518,593.438872844782,42787600.0,,,,,
2024-12-05,,,,,,SPY,594.4481201171875,596.2314913306755,594.0953811448159,595.4279904670244,28762200.0,,,,,
2024-12-06,,,,,,SPY,595.5750732421875,596.8097196143469,594.8009970944031,595.212525949607,31241500.0,,,,,
2024-12-09,,,,,,SPY,592.508056640625,595.6240374954255,591.9201582931329,595.457476264727,34742700.0,,,,,
2024-12-10,,,,,,SPY,590.6658325195312,593.6054435570935,590.0093361336401,593.184106485161,37234500.0,,,,,
2024-12-11,,,,,,SPY,595.2320556640625,596.1825011825678,593.3114882757061,593.5858806768452,28677700.0,,,,,
2024-12-12,,,,,,SPY,592.1650390625,594.9380289691392,592.1650390625,594.369747252086,31543800.0,,,,,
2024-12-13,,,,,,SPY,592.0474853515625,594.9086900260288,590.6756429397628,594.1934038090473,35904700.0,,,,,
2024-12-16,,,,,,SPY,594.5755615234375,595.5456834945226,593.0274092921627,593.8014854078001,43695200.0,,,,,
2024-12-17,,,,,,SPY,592.1258544921875,592.9881452170704,590.7540718346318,592.0278913761272,55773500.0,,,,,
2024-12-18,,,,,,SPY,574.4784545898438,594.2031909866316,574.0962907751041,591.822113059209,108248700.0,,,,,
2024-12-19,,,,,,SPY,574.302001953125,581.0631314525076,574.057034359764,579.456129686489,85919500.0,,,,,
2024-12-20,,,,,,SPY,581.2000122070312,585.722562754752,571.1323175828937,571.9778879961826,125716700.0,,,,,
2024-12-23,,,,,,SPY,584.6803588867188,585.2800771480029,577.7686569320756,580.9443313472664,57635800.0,,,,,
2024-12-24,,,,,,SPY,591.1790771484375,591.2184422848073,585.4471892507113,586.0272849416975,33160100.0,,,,,
2024-12-26,,,,,,SPY,591.218505859375,592.3392722176656,588.0133673077331,589.4094496188982,41219100.0,,,,,
2024-12-27,,,,,,SPY,584.9950561523438,587.7184519013749,580.8165903318666,587.482441071987,64969300.0,,,,,
2024-12-30,,,,,,SPY,578.3192138671875,581.7799853973963,574.5733451400716,577.9948115421023,56578800.0,,,,,
2024-12-31,,,,,,SPY,576.2152099609375,580.698454354243,574.583117216775,579.9807007946825,57052700.0,,,,,
2025-01-02,,,,,,SPY,574.7994995117188,581.180251846637,570.7291685588775,579.4695486945864,50204000.0,,,,,
2025-01-03,,,,,,SPY,581.9865112304688,582.6255346471705,576.5594027877501,577.64092396713,37888500.0,,,,,
2025-01-06,,,,,,SPY,585.3390502929688,589.6060270134918,583.608664526265,586.2337670283534,47679400.0,,,,,
2025-01-07,,,,,,SPY,578.7223510742188,587.6888410122485,576.903513754268,587.3643786767495,60393100.0,,,,,
2025-01-08,,,,,,SPY,579.56787109375,580.6395509433228,575.350100693004,578.7911897402016,47304700.0,,,,,
2025-01-10,,,,,,SPY,570.7192993164062,576.0874192959229,568.8119506064235,576.0185903209236,73105000.0,,,,,
2025-01-13,,,,,,SPY,571.6043090820312,571.9582353156698,565.6659333477378,566.0789072948215,47910100.0,,,,,
2025-01-14,,,,,,SPY,572.3906860351562,575.1533862250869,568.6152938144415,574.5241441869972,48420600.0,,,,,
2025-01-15,,,,,,SPY,582.8025512695312,583.9430001285099,579.2827918470954,580.3937768602567,56900200.0,,,,,
2025-01-16,,,,,,SPY,581.6817016601562,584.34604932179,580.9836305712422,584.1690862304802,43319700.0,,,,,
2025-01-17,,,,,,SPY,587.521728515625,589.2717368825727,585.5848557638515,586.9121689712896,58070600.0,,,,,
2025-01-21,,,,,,SPY,592.899658203125,592.9094994878243,588.5933760531964,590.5597127423754,42532900.0,,,,,
2025-01-22,,,,,,SPY,596.2326049804688,597.5893820777127,595.1707663809229,595.7213382459036,48196000.0,,,,,
2025-01-23,,,,,,SPY,599.48681640625,599.48681640625,595.3280340779654,595.6032899728609,41152100.0,,,,,
2025-01-24,,,,,,SPY,597.7367553710938,600.4995156835615,596.5864653530726,599.5458113037603,34604700.0,,,,,
2025-01-27,,,,,,SPY,589.2815551757812,589.5961762199101,584.6311885086425,584.798310310645,70361100.0,,,,,
2025-01-28,,,,,,SPY,594.344970703125,595.1806398263976,587.1973173488781,590.5105900023588,44433300.0,,,,,
2025-01-29,,,,,,SPY,591.6805419921875,593.9614997638901,589.1341095636221,593.5583671362218,37177400.0,,,,,
2025-01-30,,,,,,SPY,594.856201171875,596.389941511758,590.6089063826978,593.7944224804594,39281300.0,,,,,
2025-01-31,,,,,,SPY,591.6903686523438,599.6933732210748,590.9333098394596,597.2747575383468,66566900.0,,,,,
2025-02-03,,,,,,SPY,587.7085571289062,590.1861005375324,580.5510628181718,582.6943625959686,65857200.0,,,,,
2025-02-04,,,,,,SPY,591.6510620117188,592.1622687341741,587.2268045597665,587.767535135661,33457800.0,,,,,
2025-02-05,,,,,,SPY,594.0498657226562,594.1973649569587,588.5048426365228,590.5301667443101,30653100.0,,,,,
2025-02-06,,,,,,SPY,596.1146240234375,596.242440705887,592.4867305159943,595.7901616750784,35771500.0,,,,,
2025-02-07,,,,,,SPY,590.6581420898438,597.8942476414395,589.9502295859695,596.6751283374887,50788500.0,,,,,
2025-02-10,,,,,,SPY,594.6693725585938,595.30845601079,592.5949016719809,593.863227291288,26048700.0,,,,,
2025-02-11,,,,,,SPY,595.1216430664062,595.6623736678141,592.2901133629294,592.408088766588,30056700.0,,,,,
2025-02-12,,,,,,SPY,593.2044067382812,594.3743794070193,588.4360645213627,589.1144530437037,45076100.0,,,,,
2025-02-13,,,,,,SPY,599.4671020507812,599.6735889668723,593.0470451801535,594.3054692189053,40921300.0,,,,,
2025-02-14,,,,,,SPY,599.4378051757812,600.7060708506282,598.8184042628043,599.6737559982794,26910400.0,,,,,
2025-02-18,,,,,,SPY,601.1975708007812,601.1975708007812,598.1399318067746,600.5978525430173,26749000.0,,,,,
2025-02-19,,,,,,SPY,602.61328125,602.9082197102092,599.3000091966954,599.8112758662747,31011100.0,,,,,
2025-02-20,,,,,,SPY,600.1063232421875,601.3844301402796,596.8028918726411,601.2467721645895,36554000.0,,,,,
2025-02-21,,,,,,SPY,589.8419799804688,600.0275889538111,589.3798596850504,599.8899309928074,76519800.0,,,,,
2025-02-24,,,,,,SPY,587.157958984375,592.8800056614799,586.4500466079941,591.8869960824046,50737200.0,,,,,
2025-02-25,,,,,,SPY,584.2379760742188,587.8265647106925,579.6367551973434,587.0990297013516,58266500.0,,,,,
2025-02-26,,,,,,SPY,584.5327758789062,589.4879818072211,581.8978924126887,585.899394022331,43321600.0,,,,,
2025-02-27,,,,,,SPY,575.20263671875,587.9543615454245,574.8094053796542,586.8040113591791,74196700.0,,,,,
2025-02-28,,,,,,SPY,584.1788940429688,584.70978328648,572.636508577737,575.7039886670112,88744100.0,,,,,
2025-03-03,,,,,,SPY,573.9441528320312,587.2857532860544,570.1392964764723,586.1452445030724,74249200.0,,,,,
2025-03-04,,,,,,SPY,567.1505126953125,575.5369680083471,562.6181207422406,569.9525786591505,109648200.0,,,,,
2025-03-05,,,,,,SPY,573.24609375,575.035467216836,563.434093538414,566.9833166199888,71230500.0,,,,,
2025-03-06,,,,,,SPY,563.0703125,570.4047092717689,560.5238803180225,565.7936477589768,80094900.0,,,,,
2025-03-07,,,,,,SPY,566.226318359375,567.6716070865215,556.1095373006934,561.2908538818324,81158800.0,,,,,
2025-03-10,,,,,,SPY,551.14453125,559.9536812738498,546.2385307775894,558.0365509948175,99326600.0,,,,,
2025-03-11,,,,,,SPY,546.5629272460938,554.5266268117218,542.728606721458,549.9843938775969,88102100.0,,,,,
2025-03-12,,,,,,SPY,549.4632568359375,553.631880779765,544.3704523001988,552.7077001878538,69588200.0,,,,,
2025-03-13,,,,,,SPY,542.1386108398438,549.6991769603108,540.4279077137791,549.0896174558009,74079400.0,,,,,
2025-03-14,,,,,,SPY,553.3369750976562,554.3398260143258,542.2075022062043,546.7497351697265,62660300.0,,,,,
2025-03-17,,,,,,SPY,557.6039428710938,560.1208513978755,552.8846868765244,553.3172833424321,49008700.0,,,,,
2025-03-18,,,,,,SPY,551.5770874023438,555.5097605205915,549.6500559715837,555.2934322950165,66041400.0,,,,,
2025-03-19,,,,,,SPY,557.5842895507812,561.3399999727566,552.1768634471969,553.3566775077279,66556000.0,,,,,
2025-03-20,,,,,,SPY,555.9718017578125,560.9663132490421,553.1304311253591,553.8481847501696,62958200.0,,,,,
2025-03-21,,,,,,SPY,556.1552734375,557.0526817242638,550.2878724028328,551.5205297947124,83763000.0,,,,,
2025-03-24,,,,,,SPY,566.1151733398438,567.1703352751009,562.2890000340255,562.880651498493,58766800.0,,,,,
2025-03-25,,,,,,SPY,567.4760131835938,568.4127846067184,565.73055113845,567.3181993393742,38355700.0,,,,,
2025-03-26,,,,,,SPY,560.7013549804688,568.3339598573967,559.3207546377017,567.2097618801449,51848300.0,,,,,
2025-03-27,,,,,,SPY,559.2122802734375,562.9792883535321,557.101956447335,559.3108687859911,42164200.0,,,,,
2025-03-28,,,,,,SPY,547.9507446289062,558.413587192946,547.3689639965595,557.6838635858104,71662700.0,,,,,
2025-03-31,,,,,,SPY,551.6289672851562,552.93066066187,539.2826520783074,542.201606334121,95328200.0,,,,,
2025-04-01,,,,,,SPY,553.18701171875,555.1297110203275,545.9981756472096,549.715889513425,54609600.0,,,,,
2025-04-02,,,,,,SPY,556.6878051757812,559.5475341360295,547.1125011420022,547.3491617248258,76014500.0,,,,,
2025-04-03,,,,,,SPY,529.2537841796875,540.3673821784607,529.2537841796875,537.5470765410741,125986000.0,,,,,
2025-04-04,,,,,,SPY,498.26971435546875,518.574043873056,498.0527654446422,516.4045547647906,217965100.0,,,,,
2025-04-07,,,,,,SPY,497.3821716308594,515.9114550791749,475.115432610906,482.40291724281104,256611400.0,,,,,
2025-04-08,,,,,,SPY,489.591796875,517.6963548854247,482.3733480760591,514.6196468974629,165816600.0,,,,,
2025-04-09,,,,,,SPY,541.0084838867188,541.0084838867188,486.20945053098467,486.5940541464612,241867300.0,,,,,
2025-04-10,,,,,,SPY,517.3018798828125,526.098105010763,502.2535908103832,524.7865408671853,162331200.0,,,,,
2025-04-11,,,,,,SPY,526.531982421875,528.9874258955272,512.8544231608307,515.7536352571723,97866300.0,,,,,
2025-04-14,,,,,,SPY,531.64013671875,536.7285795544979,526.4531053782949,536.5017296923237,68034000.0,,,,,
2025-04-15,,,,,,SPY,530.1510620117188,535.6930840370895,529.3621734315309,532.1824786951643,56892900.0,,,,,
2025-04-16,,,,,,SPY,518.366943359375,530.4273047249436,513.0714517926509,524.3034408726064,83484800.0,,,,,
2025-04-17,,,,,,SPY,519.1065063476562,523.800475242003,516.6411916080497,520.3194821276195,79868100.0,,,,,
2025-04-21,,,,,,SPY,506.7503662109375,514.4618777265953,501.4055507612705,513.9293312369678,69368100.0,,,,,
2025-04-22,,,,,,SPY,519.9349365234375,521.956482797522,511.9867633247528,512.9235950678715,75948100.0,,,,,
2025-04-23,,,,,,SPY,527.991455078125,537.8625838932508,526.4728430251603,532.9319549297188,90590700.0,,,,,
2025-04-24,,,,,,SPY,539.1051635742188,539.8348871004667,528.0211182344198,529.2734571828396,64150400.0,,,,,
2025-04-25,,,,,,SPY,543.0003662109375,543.4046513367819,536.1467793425768,539.0657336001437,61119600.0,,,,,
2025-04-28,,,,,,SPY,543.2073974609375,545.8699492792146,537.4583271221219,543.7399439376,47613800.0,,,,,
2025-04-29,,,,,,SPY,546.6293334960938,547.7436606136026,540.9393676118534,541.2943585019403,47775100.0,,,,,
2025-04-30,,,,,,SPY,546.8462524414062,548.7988227140515,534.0069337400583,539.9729835885655,93101500.0,,,,,
2025-05-01,,,,,,SPY,550.7216796875,556.2440206119321,550.1201573586014,552.595342895286,63186100.0,,,,,
2025-05-02,,,,,,SPY,558.8966674804688,560.4941864598073,554.5774316657111,556.894803218062,60717300.0,,,,,
2025-05-05,,,,,,SPY,555.6917724609375,558.7882219920989,553.9068871278389,554.7648117792631,38659200.0,,,,,
2025-05-06,,,,,,SPY,551.0470581054688,555.5339182387945,549.232620427504,550.1891335164119,48264700.0,,,,,
2025-05-07,,,,,,SPY,553.3645629882812,555.9975022415719,548.3254139860352,552.3784371058738,55588000.0,,,,,
2025-05-08,,,,,,SPY,557.2202758789062,562.3974366423718,553.9069074354913,557.3977713110521,65130800.0,,,,,
2025-05-09,,,,,,SPY,556.51025390625,559.6263849147109,554.9521583078488,558.6205173502777,37603400.0,,,,,
2025-05-12,,,,,,SPY,574.9015502929688,574.9114211824733,569.0340889310521,573.4026196086874,78993600.0,,,,,
2025-05-13,,,,,,SPY,578.6981811523438,580.907093658496,574.7536773375426,575.3157161654024,67947200.0,,,,,
2025-05-14,,,,,,SPY,579.437744140625,580.8084133986617,577.4161378946785,579.6546629482465,66283500.0,,,,,
2025-05-15,,,,,,SPY,582.2678833007812,582.770756919371,576.9822030720642,577.4358426248243,71268100.0,,,,,
2025-05-16,,,,,,SPY,585.9559936523438,586.2518193704545,581.1042713102905,583.0469103495059,76052100.0,,,,,
2025-05-19,,,,,,SPY,586.596923828125,587.2773530559552,579.9405744991373,579.9405744991373,68168500.0,,,,,
2025-05-20,,,,,,SPY,584.6246948242188,585.8080578995526,581.419785763877,584.8614155899625,60614500.0,,,,,
2025-05-21,,,,,,SPY,574.7733154296875,584.3584902721909,573.7477661832594,580.2759146876367,95197700.0,,,,,
2025-05-22,,,,,,SPY,575.0001831054688,578.4811762683786,573.3434386116112,574.5760959985981,70860400.0,,,,,
2025-05-23,,,,,,SPY,571.0753173828125,573.7378691727489,567.6140060747297,567.988738706783,76029000.0,,,,,
2025-05-27,,,,,,SPY,582.9483642578125,583.1061179228353,570.4048112020747,577.938827709351,72588500.0,,,,,
2025-05-28,,,,,,SPY,579.5757446289062,584.545857588394,578.8460211072919,583.3526236048898,68445500.0,,,,,
2025-05-29,,,,,,SPY,581.8635864257812,584.9699071457442,577.9388245287198,584.8318350718904,69973300.0,,,,,
2025-05-30,,,,,,SPY,581.2128295898438,582.928679235147,575.1481304892388,580.7591899526665,90601200.0,,,,,
2025-06-02,,,,,,SPY,584.4866943359375,584.5655410710423,576.9428072484826,579.6053591727813,61630500.0,,,,,
2025-06-03,,,,,,SPY,587.8197631835938,588.7960181097066,583.6385391723649,584.121791379625,63606200.0,,,,,
2025-06-04,,,,,,SPY,587.6619873046875,589.6539808386906,587.2280895107962,588.6777258495218,57314200.0,,,,,
2025-06-05,,,,,,SPY,584.8219604492188,590.6894216670538,582.8497086239531,589.3384339818148,92278700.0,,,,,
2025-06-06,,,,,,SPY,590.8274536132812,592.4940086999786,588.5790577947733,590.3540722792903,66588700.0,,,,,
2025-06-09,,,,,,SPY,591.3599853515625,592.9082102708385,590.1864930975049,591.3994087206146,53016400.0,,,,,
2025-06-10,,,,,,SPY,594.7127685546875,595.0973118762876,590.7781362147839,591.8924030034493,66247000.0,,,,,
2025-06-11,,,,,,SPY,593.0167236328125,596.6654019118176,590.9557539749433,595.807477097167,73658200.0,,,,,
2025-06-12,,,,,,SPY,595.3734741210938,595.3734741210938,591.2021810906274,591.6853731206485,64129000.0,,,,,
2025-06-13,,,,,,SPY,588.7171630859375,593.499849631983,587.218232455665,590.1963519379123,89506000.0,,,,,
2025-06-16,,,,,,SPY,594.318359375,596.0638215052488,591.8924679557008,592.0700235861916,79984100.0,,,,,
2025-06-17,,,,,,SPY,589.2398681640625,593.401290785268,588.480531921813,591.8826784891205,82209400.0,,,,,
2025-06-18,,,,,,SPY,589.1510009765625,592.8785252065284,588.1944276516227,590.1371267775953,76605000.0,,,,,
2025-06-20,,,,,,SPY,587.7673950195312,592.8906208578056,586.3629131433069,591.8224395288368,94051400.0,,,,,
2025-06-23,,,,,,SPY,593.5730590820312,593.9587392448562,585.4035696790836,588.5190130228361,87426000.0,,,,,
2025-06-24,,,,,,SPY,600.13037109375,601.1885919192599,596.7972471416377,597.7072083922786,67735300.0,,,,,
2025-06-25,,,,,,SPY,600.4666748046875,601.940336500435,598.903972841808,601.247995602986,62114800.0,,,,,
2025-06-26,,,,,,SPY,605.1646118164062,605.5997923429508,601.7029677445283,602.3161684365299,78548400.0,,,,,
2025-06-27,,,,,,SPY,608.1712646484375,609.6350865938839,604.1360202356653,606.1635425121184,86258400.0,,,,,
2025-06-30,,,,,,SPY,611.0790405273438,612.4340220516922,608.2998373553096,610.6142201701539,92502500.0,,,,,
2025-07-01,,,,,,SPY,610.8812866210938,612.0483479268365,608.7746241554748,609.6053849111585,70030100.0,,,,,
2025-07-02,,,,,,SPY,613.6505737304688,613.6901136433279,609.8526292762224,610.4757300098587,66510400.0,,,,,
2025-07-03,,,,,,SPY,618.4869995117188,619.4167005776212,615.6088560521965,615.628656191773,51065800.0,,,,,
2025-07-07,,,,,,SPY,613.8780517578125,617.1913758193931,611.0988485499288,616.5286747873084,74814500.0,,,,,
2025-07-08,,,,,,SPY,613.5418090820312,615.2923708557059,612.7307881009865,614.5406899285775,59024600.0,,,,,
2025-07-09,,,,,,SPY,617.2210083007812,617.8737488887257,614.1055045789822,615.945166968477,66113300.0,,,,,
2025-07-10,,,,,,SPY,618.9617309570312,620.0002120765442,616.1825277796053,617.3594891460615,57529000.0,,,,,
2025-07-11,,,,,,SPY,616.7858276367188,618.0122289852302,614.7187654701638,615.9154666088177,63670200.0,,,,,
2025-07-14,,,,,,SPY,617.9627685546875,618.3089087938923,614.9857451789246,616.3308265898004,51898500.0,,,,,
2025-07-15,,,,,,SPY,615.322021484375,620.9793073894895,615.2428812967698,620.6430672331502,74317300.0,,,,,
2025-07-16,,,,,,SPY,617.3792114257812,617.8836320494379,611.276844692317,616.9044910111767,88987500.0,,,,,
2025-07-17,,,,,,SPY,621.1573486328125,621.5134493059918,617.3396644874989,617.557284919235,68885700.0,,,,,
2025-07-18,,,,,,SPY,620.7025146484375,622.5717567026577,619.5947932954602,622.4036365954075,65621600.0,,,,,
2025-07-21,,,,,,SPY,621.8794555664062,624.6190586454088,621.4541750937276,621.8794555664062,63375000.0,,,,,
2025-07-22,,,,,,SPY,621.9683837890625,622.8288447335428,619.3276609031153,622.2057439990875,60046300.0,,,,,
2025-07-23,,,,,,SPY,627.259765625,627.259765625,622.8288205336723,624.6288825447934,70511000.0,,,,,
2025-07-24,,,,,,SPY,627.4674072265625,629.1784892953694,627.0421268182102,627.6454273719465,71307100.0,,,,,
2025-07-25,,,,,,SPY,630.1181030273438,630.5928838363332,627.8829206987424,628.1301809903662,56865400.0,,,,,
2025-07-28,,,,,,SPY,629.9598999023438,631.0478210681617,628.5752180855901,630.4939604147171,54917100.0,,,,,
2025-07-29,,,,,,SPY,628.2982788085938,631.6708825055948,627.3883778702398,631.3543820995848,60556300.0,,,,,
2025-07-30,,,,,,SPY,627.5070190429688,630.6917023127537,624.6189756546709,628.9509803708415,80418900.0,,,,,
2025-07-31,,,,,,SPY,625.1531982421875,632.8380075585872,623.857556644127,632.4523273568442,103385200.0,,,,,
2025-08-01,,,,,,SPY,614.9066162109375,619.476041722763,612.5032535330552,619.4364414435403,140103600.0,,,,,
2025-08-04,,,,,,SPY,624.2530517578125,624.3024917393647,618.7243458354196,618.813325728958,73218000.0,,,,,
2025-08-05,,,,,,SPY,621.0880737304688,625.6772386500149,620.168272806011,624.8662177521945,68051400.0,,,,,
2025-08-06,,,,,,SPY,625.845458984375,626.4981995520814,621.2463937026511,622.1562946160922,64357500.0,,,,,
2025-08-07,,,,,,SPY,625.3212280273438,629.9993730574174,622.2156245224251,629.2674923107387,74205800.0,,,,,
2025-08-08,,,,,,SPY,630.197265625,630.6621463802445,626.794961476664,627.1114619051468,64051600.0,,,,,
2025-08-11,,,,,,SPY,628.9509887695312,631.9478122276477,627.7047873460086,630.474150672182,58742300.0,,,,,
2025-08-12,,,,,,SPY,635.6468505859375,635.8050706066525,629.8114837326607,631.2950454377703,64730800.0,,,,,
2025-08-13,,,,,,SPY,637.8228149414062,639.1085564704525,635.6370120856271,637.8425547169825,60092800.0,,,,,
2025-08-14,,,,,,SPY,637.882080078125,638.5447207235369,635.300697252298,635.7457174616427,59327500.0,,,,,
2025-08-15,,,,,,SPY,636.388671875,639.0096552004113,635.4787708739423,638.9107148606824,68592500.0,,,,,
2025-08-18,,,,,,SPY,636.2501831054688,636.9425240091701,635.1424618060598,635.8150025688236,43804900.0,,,,,
2025-08-19,,,,,,SPY,632.7984008789062,637.0512656505922,631.4829592777961,636.0721245937336,69750700.0,,,,,
2025-08-20,,,,,,SPY,631.1170043945312,632.6500060324975,626.013578858981,632.3929060531275,88890300.0,,,,,
2025-08-21,,,,,,SPY,628.5850830078125,630.9785456585483,626.864161086776,629.3071240874224,54805800.0,,,,,
2025-08-22,,,,,,SPY,638.2381591796875,639.4151205943501,630.2664897119097,630.7709103705197,84083200.0,,,,,
2025-08-25,,,,,,SPY,635.42919921875,638.2183023325629,635.3105191174199,636.9820009718095,51274300.0,,,,,
2025-08-26,,,,,,SPY,638.0897827148438,638.4359833484747,634.5391586749303,635.1622594491828,51581600.0,,,,,
2025-08-27,,,,,,SPY,639.543701171875,640.2755819843173,637.3578984386413,637.5062787617181,48341100.0,,,,,
2025-08-28,,,,,,SPY,641.8085327148438,642.3623933153343,638.267809046051,640.146950913372,61519500.0,,,,,
2025-08-29,,,,,,SPY,637.9810180664062,640.7404816664739,636.0919759234915,640.374480883152,74522200.0,,,,,
2025-09-02,,,,,,SPY,633.2533569335938,633.4709169972102,627.9619508913343,630.5136938017484,81983500.0,,,,,
2025-09-03,,,,,,SPY,636.6853637695312,637.1502445176759,633.4413400681225,635.6270824559713,70820900.0,,,,,
2025-09-04,,,,,,SPY,642.00634765625,642.0360478647699,636.4578416280056,637.3578424589464,65219200.0,,,,,
2025-09-05,,,,,,SPY,640.14697265625,645.0625384730564,636.2798483910566,644.3404973975818,85178900.0,,,,,
2025-09-08,,,,,,SPY,641.719482421875,642.7184234803435,640.1369806181674,641.5117620821245,63133100.0,,,,,
2025-09-09,,,,,,SPY,643.2030639648438,643.7272243154101,640.1271005117621,641.8579222981767,66133900.0,,,,,
2025-09-10,,,,,,SPY,645.0625,647.3768223058731,643.4997982019892,646.4570213518696,78034500.0,,,,,
2025-09-11,,,,,,SPY,650.4231567382812,651.1154976382888,646.4274520986086,647.0109525903231,69934400.0,,,,,
2025-09-12,,,,,,SPY,650.20556640625,651.8869485652141,649.701206088218,650.3934866540098,72780100.0,,,,,
2025-09-15,,,,,,SPY,653.6671142578125,653.7956944276398,652.114372883025,652.4110731340584,63772400.0,,,,,
2025-09-16,,,,,,SPY,652.76708984375,654.5276118800496,651.9857691498868,654.2209512044083,61169000.0,,,,,
2025-09-17,,,,,,SPY,651.9561767578125,654.4683196962441,647.1296508296768,652.7770978636573,101952200.0,,,,,
2025-09-18,,,,,,SPY,655.00244140625,657.6036246179045,653.0342590569163,654.6365009878455,90459200.0,,,,,
2025-09-19,,,,,,SPY,658.2465209960938,659.0895125014193,654.9438659954435,656.8877828567474,97945600.0,,,,,
2025-09-22,,,,,,SPY,661.3607177734375,661.8069717744121,656.7290467709187,656.7588293222589,69452200.0,,,,,
2025-09-23,,,,,,SPY,657.7605590820312,661.856628548307,656.5406245808955,661.2416672722171,81708900.0,,,,,
2025-09-24,,,,,,SPY,655.6677856445312,659.1489540239103,654.2495430702726,659.0497999269948,68082200.0,,,,,
2025-09-25,,,,,,SPY,652.6429443359375,653.9917550046746,649.0328388399253,652.5338627083877,89622100.0,,,,,
2025-09-26,,,,,,SPY,656.3819580078125,656.9274266555326,652.4743298182361,654.0909412604747,69179200.0,,,,,
2025-09-29,,,,,,SPY,658.2266845703125,659.8135740530697,656.4216318338509,658.9010899003678,73499000.0,,,,,
2025-09-30,,,,,,SPY,660.7061157226562,661.1722852976668,656.173659297658,657.4828203674869,86288000.0,,,,,
2025-10-01,,,,,,SPY,662.9574584960938,663.8698820443607,657.6117327913598,657.7208144097488,72545400.0,,,,,
2025-10-02,,,,,,SPY,663.7210693359375,665.0600128657511,661.3011766397112,664.9410037342527,56896000.0,,,,,
2025-10-03,,,,,,SPY,663.7112426757812,667.1527012490268,662.6698219114437,664.4848020775174,70494400.0,,,,,
2025-10-06,,,,,,SPY,666.0914916992188,666.9841207809839,663.9591941673339,666.1014192164715,54623300.0,,,,,
2025-10-07,,,,,,SPY,663.6219482421875,667.4601442579947,662.1838505424819,667.0138297258598,72020100.0,,,,,
2025-10-08,,,,,,SPY,667.5791625976562,667.6783772359653,663.919480237528,664.7426772273783,60702200.0,,,,,
2025-10-09,,,,,,SPY,665.6452026367188,668.4023890582872,663.7112737749407,667.9957845708525,66501900.0,,,,,
2025-10-10,,,,,,SPY,647.6542358398438,668.4122493878771,647.4757221413303,666.6071968358344,159422600.0,,,,,
2025-10-13,,,,,,SPY,657.5919189453125,659.664772492732,654.3488290056752,655.2216030747315,79560500.0,,,,,
2025-10-14,,,,,,SPY,656.78857421875,660.3590300864076,647.8030207789583,651.7701536094826,88779600.0,,,,,
2025-10-15,,,,,,SPY,659.7044067382812,664.7228272522149,653.5156893256119,661.3408732132422,81702600.0,,,,,
2025-10-16,,,,,,SPY,655.2117309570312,663.2154294168515,651.710706867285,661.3409444600238,110563300.0,,,,,
2025-10-17,,,,,,SPY,658.9308471679688,660.2895852935891,652.7322022395391,654.0810128478913,96500900.0,,,,,
2025-10-20,,,,,,SPY,665.7840576171875,666.6866142382812,661.7872027532737,661.8367798071084,60493400.0,,,,,
2025-10-21,,,,,,SPY,665.7741088867188,667.4601523988813,664.4748753427003,665.9229005771253,56249000.0,,,,,
2025-10-22,,,,,,SPY,662.3128051757812,666.4783066993808,657.8497808005621,666.4783066993808,80564000.0,,,,,
2025-10-23,,,,,,SPY,666.2402954101562,667.1825015615415,662.3128121266341,662.6301900162397,65604500.0,,,,,
2025-10-24,,,,,,SPY,671.6851806640625,672.8951271271609,670.0983517375236,670.9016937183009,74356500.0,,,,,
2025-10-27,,,,,,SPY,679.6094970703125,679.9070199177999,676.5151383891614,677.1201116013259,63339800.0,,,,,
2025-10-28,,,,,,SPY,681.4144897460938,683.2492642554724,679.2028328185232,681.4045622297778,61738100.0,,,,,
2025-10-29,,,,,,SPY,681.7418823242188,684.0328991417463,677.2590027977353,683.0609104229828,85657100.0,,,,,
2025-10-30,,,,,,SPY,674.2440185546875,680.3037996369978,674.2440185546875,678.2805836148408,76335800.0,,,,,
2025-10-31,,,,,,SPY,676.4556274414062,679.4508319897004,673.6587916341136,679.4111219213156,87164100.0,,,,,
2025-11-03,,,,,,SPY,677.7251586914062,680.1649066224819,674.3530715971103,680.0359699637585,57315000.0,,,,,
2025-11-04,,,,,,SPY,669.6917114257812,674.3729598389511,669.0371611161902,670.5545580097922,78427000.0,,,,,
2025-11-05,,,,,,SPY,672.012451171875,675.2654684624238,668.6304366940664,669.4337786331213,74402400.0,,,,,
2025-11-06,,,,,,SPY,664.8021850585938,671.8140994484131,663.2252231578799,670.9115428502156,85035300.0,,,,,
2025-11-07,,,,,,SPY,665.4567260742188,665.5658682287408,655.7769731606511,662.4218719882706,100592400.0,,,,,
2025-11-10,,,,,,SPY,675.8407592773438,676.57466917413,669.4834554774103,671.6752576501947,75842900.0,,,,,
2025-11-11,,,,,,SPY,677.3878784179688,677.9532020666294,673.1529450781785,674.3629519753922,58953400.0,,,,,
2025-11-12,,,,,,SPY,677.7647705078125,679.3318048264125,675.3547447293747,679.1631581075335,62312500.0,,,,,
2025-11-13,,,,,,SPY,666.5180053710938,675.265541055433,665.0105359672095,674.9085136071693,103457800.0,,,,,
2025-11-14,,,,,,SPY,666.4088745117188,670.1082064558575,657.8200586834998,659.9127066954921,96846700.0,,,,,
2025-11-17,,,,,,SPY,660.2002563476562,668.1742314199619,656.7290154076413,664.1971714004484,90456100.0,,,,,
2025-11-18,,,,,,SPY,654.6561889648438,659.6547538697382,650.4708329116884,656.6595496130724,114467500.0,,,,,
2025-11-19,,,,,,SPY,657.185302734375,661.856623370592,653.3371790986623,655.3505280387882,94703000.0,,,,,
2025-11-20,,,,,,SPY,647.1683349609375,670.0090710879778,646.5335791707308,667.3808213360044,165293500.0,,,,,
2025-11-21,,,,,,SPY,653.6148681640625,659.0894699034471,645.5020288545189,649.6675301260088,123956200.0,,,,,
2025-11-24,,,,,,SPY,663.2351684570312,664.5542570793402,656.1538823239337,657.2448196444445,80437900.0,,,,,
2025-11-25,,,,,,SPY,669.4734497070312,670.6536740212097,659.020017057554,663.135941149376,81077100.0,,,,,
2025-11-26,,,,,,SPY,674.09521484375,676.0986363282427,671.1595147067713,672.0620713400136,71879600.0,,,,,
2025-11-28,,,,,,SPY,677.7747192382812,678.0523870500939,674.9084513312986,675.2654787466182,49212000.0,,,,,
2025-12-01,,,,,,SPY,674.6802978515625,677.3779187836101,673.1628406770591,673.232272756968,61201200.0,,,,,
2025-12-02,,,,,,SPY,675.9300537109375,678.2012155152329,673.7481184984898,676.316803165018,62953800.0,,,,,
2025-12-03,,,,,,SPY,678.2706298828125,679.2822075879724,674.105128319461,674.9779023816353,57238500.0,,,,,
2025-12-04,,,,,,SPY,678.7665405273438,679.7384687237238,675.7416137771377,679.6690366334618,61970300.0,,,,,
2025-12-05,,,,,,SPY,680.0557861328125,682.7336127271673,678.9549213715281,679.8375623637357,79241000.0,,,,,
2025-12-08,,,,,,SPY,678.0127563476562,680.9980334759979,675.9696853695019,680.9484564225444,55231500.0,,,,,
2025-12-09,,,,,,SPY,677.4276123046875,679.7583392727543,676.9813582671167,677.5367544682442,58310100.0,,,,,
2025-12-10,,,,,,SPY,681.92041015625,683.3088703732143,675.711837383319,676.9515664343469,85671300.0,,,,,
2025-12-11,,,,,,SPY,683.5072631835938,683.5866227950731,676.5647802535024,679.5104080599091,86173700.0,,,,,
2025-12-12,,,,,,SPY,676.1581420898438,683.2196338188487,673.5893968987631,682.5154459360199,113160300.0,,,,,
2025-12-15,,,,,,SPY,675.1365356445312,680.1252340287925,673.6687159286942,680.1053789946951,90811000.0,,,,,
2025-12-16,,,,,,SPY,673.2918701171875,675.4837328267965,669.4338188610296,673.6488975485244,122030600.0,,,,,
2025-12-17,,,,,,SPY,665.8832397460938,674.8489377460819,665.6848710067972,674.3034691132465,110625200.0,,,,,
2025-12-18,,,,,,SPY,670.9114990234375,675.1464323222394,669.3544527925658,672.0322187932205,108650100.0,,,,,
2025-12-19,,,,,,SPY,676.9923095703125,677.4896664833268,672.8940327515619,673.0134542661981,103599500.0,,,,,
2025-12-22,,,,,,SPY,681.2098388671875,681.7370055876305,676.9922622536055,680.3245290528953,69556700.0,,,,,
2025-12-23,,,,,,SPY,684.3233032226562,684.562024812114,680.2548972126992,680.3046207584179,64840000.0,,,,,
2025-12-24,,,,,,SPY,686.7305297851562,687.1781631452748,684.164151137988,684.313382495532,39445600.0,,,,,
2025-12-26,,,,,,SPY,686.660888671875,688.0037280321676,685.6264081645946,686.989161229118,41613300.0,,,,,
2025-12-29,,,,,,SPY,684.2138671875,685.5567672531378,682.4433081832867,683.9055083361335,62559500.0,,,,,
2025-12-30,,,,,,SPY,683.3782958984375,684.9200900521846,682.9505762759469,683.8159723723246,47160700.0,,,,,
2025-12-31,,,,,,SPY,678.3152465820312,683.726492314561,678.1063955310838,683.5076844111845,74144800.0,,,,,
2026-01-02,,,,,,SPY,679.55859375,683.2390468658663,676.2263268834449,682.0852055985325,89377200.0,,,,,
2026-01-05,,,,,,SPY,684.0845947265625,685.7855773037328,682.7517121374489,682.910839643419,71927200.0,,,,,
2026-01-06,,,,,,SPY,688.1529541015625,688.6602678554459,684.1442890432024,684.2934596862484,69273800.0,,,,,
2026-01-07,,,,,,SPY,685.9347534179688,690.2916046822218,685.6761181181482,688.5309418430683,75588300.0,,,,,
2026-01-08,,,,,,SPY,685.8651123046875,686.9692300361542,683.8557710289468,685.1787573638412,64019200.0,,,,,
2026-01-09,,,,,,SPY,690.4010009765625,691.6344363504869,685.5368360184962,686.9791831428475,80125500.0,,,,,
2026-01-12,,,,,,SPY,691.4852294921875,692.410366767912,686.979207477028,687.0289310253164,63976000.0,,,,,
2026-01-13,,,,,,SPY,690.1026000976562,692.4103433578374,687.6953490317495,691.813478661017,78309700.0,,,,,
2026-01-14,,,,,,SPY,686.7105712890625,688.0633674208381,682.4134005947378,687.347202661372,94676700.0,,,,,
2026-01-15,,,,,,SPY,688.5806884765625,691.7737417111902,687.5959315038539,690.8983886882239,77862000.0,,,,,
2026-01-16,,,,,,SPY,688.0037231445312,690.5800586110835,686.4519720383781,689.9931507530615,79289200.0,,,,,
2026-01-20,,,,,,SPY,673.9981689453125,681.1501633341576,672.9934983300664,677.8874730475171,111623300.0,,,,,
2026-01-21,,,,,,SPY,681.77685546875,685.0991655259935,674.5452667925615,676.0572511802958,127844500.0,,,,,
2026-01-22,,,,,,SPY,685.3379516601562,687.476610793547,683.2888434897402,686.2033478813381,77112200.0,,,,,
2026-01-23,,,,,,SPY,685.5865478515625,687.3074439470811,683.5274830754288,684.5123006998919,63059600.0,,,,,
2026-01-26,,,,,,SPY,689.068115234375,690.4607389282814,686.2729717064406,686.8399658941375,60473800.0,,,,,
2026-01-27,,,,,,SPY,691.8134765625,692.8480177488461,689.9036431059924,690.5104039402848,55506100.0,,,,,
2026-01-28,,,,,,SPY,691.7438354492188,694.1510864943795,690.271678492269,693.3652237572153,61172200.0,,,,,
2026-01-29,,,,,,SPY,690.3711547851562,693.375209936545,681.2098793986574,692.7087686795362,97486200.0,,,,,
2026-01-30,,,,,,SPY,688.3121337890625,690.540343876794,683.4877957603626,688.1330925763239,101835100.0,,,,,
2026-02-02,,,,,,SPY,691.73388671875,693.2458711004026,685.7755608588325,685.9347490634862,79286500.0,,,,,
2026-02-03,,,,,,SPY,685.885009765625,693.2757257351432,680.4140840721383,692.529690413304,107904600.0,,,,,
2026-02-04,,,,,,SPY,682.5626831054688,687.7948875474046,678.1561081391175,686.7006659106327,105204600.0,,,,,
2026-02-05,,,,,,SPY,674.0379638671875,680.0758839506523,672.2176206040476,677.3404209861714,113610800.0,,,,,
2026-02-06,,,,,,SPY,686.96923828125,688.6503070282812,677.2508650473027,677.8576866055596,89127600.0,,,,,
2026-02-09,,,,,,SPY,690.2816162109375,692.1914496038428,684.7012866666231,685.7755337993461,73885200.0,,,,,
2026-02-10,,,,,,SPY,688.4613037109375,692.8579216647231,688.0037135108784,691.276360737094,65185700.0,,,,,
2026-02-11,,,,,,SPY,688.3021850585938,693.4547952732178,685.5368515439336,692.7087599208829,76353900.0,,,,,
2026-02-12,,,,,,SPY,677.668701171875,691.6742279947084,676.7734344520502,690.5701102294341,118829000.0,,,,,
2026-02-13,,,,,,SPY,678.1461181640625,682.6522007204912,673.9384983110481,678.0864377658819,96267500.0,,,,,
2026-02-17,,,,,,SPY,679.2402954101562,681.31927396984,672.2077222570326,676.5446598627462,81354700.0,,,,,
2026-02-18,,,,,,SPY,682.662109375,685.507036973797,679.2204384959671,680.4041503420104,73570300.0,,,,,
2026-02-19,,,,,,SPY,680.8616943359375,682.5527199680946,677.9471901363287,680.2251236342836,58649400.0,,,,,
2026-02-20,,,,,,SPY,685.7855834960938,686.4122580979458,678.126274472082,678.7131823752115,100034000.0,,,,,
2026-02-23,,,,,,SPY,678.7827758789062,686.3525334522094,676.7734345413753,684.1940214696967,90558100.0,,,,,
2026-02-24,,,,,,SPY,683.7164916992188,684.7112054782021,676.4053697086953,678.295350173768,73798700.0,,,,,
2026-02-25,,,,,,SPY,689.4859008789062,690.0130676270821,686.4519751919497,686.53156929616,56369500.0,,,,,
2026-02-26,,,,,,SPY,685.6561889648438,689.6350440416309,680.7323436648176,689.615191050754,71671000.0,,,,,
2026-02-27,,,,,,SPY,682.3637084960938,683.2291046432514,678.0367277603054,679.4790749097389,83308900.0,,,,,
2026-03-02,,,,,,SPY,682.7516479492188,684.9797970984218,674.4358553343317,675.1122534180175,87477200.0,,,,,
2026-03-03,,,,,,SPY,676.7337036132812,679.0016196644848,666.1200629162043,671.4915420947397,105003100.0,,,,,
2026-03-04,,,,,,SPY,681.50830078125,683.4579617719511,676.027417786932,678.026802327329,79182200.0,,,,,
2026-03-05,,,,,,SPY,677.7084350585938,681.9061587313661,672.0385544367263,678.4743840881955,106606500.0,,,,,
2026-03-06,,,,,,SPY,668.8256225585938,672.5358853430707,666.2194774432897,669.8501461298736,100687000.0,,,,,
2026-03-09,,,,,,SPY,674.6845092773438,676.3257505242918,658.888450195908,662.8673051642795,102667700.0,,,,,
2026-03-10,,,,,,SPY,673.6002807617188,679.7476047325034,671.1930903760745,674.1374043547928,81505300.0,,,,,
2026-03-11,,,,,,SPY,672.7548217773438,676.4849986405864,669.7806371390539,673.9982140650914,68441700.0,,,,,
2026-03-12,,,,,,SPY,662.5390625,668.0995392824933,662.3500644519811,667.6120785283837,108882200.0,,,,,
2026-03-13,,,,,,SPY,658.7890014648438,668.7859240392634,657.863924887251,665.7321452917186,97200200.0,,,,,
2026-03-16,,,,,,SPY,665.493408203125,668.5173163233716,663.5934708305671,664.8468199428278,82023100.0,,,,,
2026-03-17,,,,,,SPY,667.2440185546875,670.8747480492216,666.1598145596139,668.8355969918504,87128000.0,,,,,
2026-03-18,,,,,,SPY,657.9335327148438,666.1796881508768,657.6948111200146,664.8268919718373,82062600.0,,,,,
2026-03-19,,,,,,SPY,656.3121337890625,659.4753162945015,651.7066041735543,653.497076818377,111272500.0,,,,,
2026-03-20,,,,,,SPY,646.9034423828125,655.0025723674255,643.063298812559,654.8230422006715,163617500.0,,,,,
2026-03-23,,,,,,SPY,653.6959228515625,660.9173090129275,652.2596206790361,656.3790129905765,134802700.0,,,,,
2026-03-24,,,,,,SPY,651.5015869140625,655.3417305137531,648.2100787416998,649.6463809650626,96457500.0,,,,,
2026-03-25,,,,,,SPY,655.1322021484375,659.1917509309695,652.5588148295345,656.9774239230809,90653800.0,,,,,
2026-03-26,,,,,,SPY,643.432373046875,653.1672421520028,643.1630473705688,650.3844333840033,96494400.0,,,,,
2026-03-27,,,,,,SPY,632.4606323242188,641.0085567819559,631.4831091918358,640.8489947137006,103649400.0,,,,,
2026-03-30,,,,,,SPY,630.3460693359375,638.7245091624994,627.6630399662237,638.4651675144013,99275900.0,,,,,
2026-03-31,,,,,,SPY,648.6688842773438,649.865752001465,636.3405988140365,637.2981538716512,152534100.0,,,,,
2026-04-01,,,,,,SPY,653.5562744140625,656.8278752918841,651.3220400966815,652.219751792706,97841500.0,,,,,
2026-04-02,,,,,,SPY,654.144775390625,656.5086804928782,643.4522901873171,644.7589215344626,68358700.0,,,,,
2026-04-06,,,,,,SPY,657.23681640625,658.0247645183308,653.8356054757206,654.1746977251443,39105800.0,,,,,
2026-04-07,,,,,,SPY,657.5260009765625,657.9150134208243,649.386996170508,654.9626585699763,69980400.0,,,,,
2026-04-08,,,,,,SPY,674.27294921875,675.3402070755335,669.734652974974,674.6519776493207,93606100.0,,,,,
2026-04-09,,,,,,SPY,678.162841796875,679.4096297331154,672.0386657215836,673.1059235004034,57134400.0,,,,,
2026-04-10,,,,,,SPY,677.7140502929688,680.2774536083281,676.7066358948267,679.5692561407437,42253500.0,,,,,
2026-04-13,,,,,,SPY,684.3369750976562,684.536473353906,674.8414790590384,675.669302461078,54185800.0,,,,,
2026-04-14,,,,,,SPY,692.675537109375,692.7952238870419,685.8929616905456,685.9229138241225,63480500.0,,,,,
2026-04-15,,,,,,SPY,698.1414184570312,698.480571570673,692.4161778504387,693.4734516118131,58240400.0,,,,,
2026-04-16,,,,,,SPY,699.8569946289062,700.9741726960574,696.7350934539525,699.2585607342904,49972400.0,,,,,
2026-04-17,,,,,,SPY,708.3152465820312,710.5594650064761,703.9464965121796,704.3255249385737,70661900.0,,,,,
2026-04-20,,,,,,SPY,706.8988037109375,708.0857482546458,704.3254772575062,706.9587079747221,43546800.0,,,,,
2026-04-21,,,,,,SPY,702.2708129882812,709.4523240430285,700.8345107773317,708.4548936431559,58941400.0,,,,,
2026-04-22,,,,,,SPY,709.3825073242188,709.6218808832724,706.4001392457644,707.3278031045794,42518500.0,,,,,
2026-04-23,,,,,,SPY,706.6295776367188,710.5295037064266,700.4754491270062,707.6768673789517,56174000.0,,,,,
2026-04-24,,,,,,SPY,712.10546875,712.6340752101273,707.1881441382454,708.9236633096505,45182000.0,,,,,
2026-04-27,,,,,,SPY,713.332275390625,713.7911152864904,710.4696550399041,711.3374146094498,33135900.0,,,,,
2026-04-28,,,,,,SPY,709.8612060546875,711.0481506026886,707.4274735730012,709.9908768700561,43117400.0,,,,,
2026-04-29,,,,,,SPY,709.7515258789062,710.3699278433978,706.5497524472755,709.1729992133655,41859200.0,,,,,
2026-04-30,,,,,,SPY,716.8132934570312,717.9403946619685,708.6244289610544,712.7936806635566,67240900.0,,,,,
2026-05-01,,,,,,SPY,718.7982177734375,723.0073446973263,718.6186267345964,719.3966516418469,43049800.0,,,,,
2026-05-04,,,,,,SPY,716.1649780273438,720.2644021704073,713.152718877996,718.2196821209096,51950600.0,,,,,
2026-05-05,,,,,,SPY,721.9102172851562,723.1769124909786,719.6360467603954,719.9153564929043,36933200.0,,,,,
2026-05-06,,,,,,SPY,731.9443359375,732.7023927493656,725.9497697512824,726.288861980811,53288900.0,,,,,
2026-05-07,,,,,,SPY,729.7001342773438,734.238430329629,727.8748196364371,733.161188473549,51724600.0,,,,,
2026-05-08,,,,,,SPY,735.724609375,736.1834492768152,732.6824588199246,733.0415191543954,47227100.0,,,,,
2026-05-11,,,,,,SPY,737.4002685546875,738.8864300819614,734.5576163199453,734.5576163199453,44024000.0,,,,,
2026-05-12,,,,,,SPY,736.2831420898438,736.9414802248905,729.9494836014034,734.9964788307154,54185300.0,,,,,
2026-05-13,,,,,,SPY,740.4025268554688,741.9983910774667,733.5800764180441,736.5723674930287,44200200.0,,,,,
2026-05-14,,,,,,SPY,746.2474975585938,747.6040491923611,741.649357949993,741.7391534739264,45307600.0,,,,,
2026-05-15,,,,,,SPY,737.2706298828125,741.5496453663399,736.0637780312098,739.8838927249178,60410800.0,,,,,
2026-05-18,,,,,,SPY,736.751953125,739.5147938000424,731.5054597381557,737.9289136337939,47843900.0,,,,,
2026-05-19,,,,,,SPY,731.8446044921875,735.7545755811656,729.650306265128,732.8919551385734,54255900.0,,,,,
2026-05-20,,,,,,SPY,739.3452758789062,739.9636778498481,732.0042028263388,733.8195334397973,45768000.0,,,,,
2026-05-21,,,,,,SPY,740.8114624023438,742.9559620700644,735.1361419849363,736.7419902854853,43332200.0,,,,,
2026-05-22,,,,,,SPY,743.7239990234375,747.015507083493,742.566945697205,744.3224328967863,41762000.0,,,,,
2026-05-26,,,,,,SPY,748.6613159179688,750.1973368284331,746.4469887578754,748.0827892360243,41123600.0,,,,,
2026-05-27,,,,,,SPY,748.5316162109375,749.4492351039673,746.2973210478585,748.9505199197505,42106300.0,,,,,
2026-05-28,,,,,,SPY,752.6609497070312,753.2095851254732,747.3047533704411,748.3221518516883,41562600.0,,,,,
2026-05-29,,,,,,SPY,754.5361328125,756.1320579864754,752.7507543048832,753.9576670103595,55075700.0,,,,,
2026-06-01,,,,,,SPY,756.5908203125,758.3264003155792,752.7507376917755,753.4189990020213,43634900.0,,,,,
2026-06-02,,,,,,SPY,757.6182250976562,758.4461093852723,754.805464031348,755.0847737682097,31581900.0,,,,,
2026-06-03,,,,,,SPY,752.3018798828125,756.8501599793441,751.6336185743088,756.2018667594974,51402500.0,,,,,
2026-06-04,,,,,,SPY,755.1445922851562,756.3614281257201,749.5389775481502,750.1673635570705,49923000.0,,,,,
2026-06-05,,,,,,SPY,735.65478515625,750.8855669656407,733.6400171295905,750.3768677170906,93989400.0,,,,,
2026-06-08,,,,,,SPY,737.3204345703125,743.4247643242134,736.2931129658897,741.4498108327123,49319100.0,,,,,
2026-06-09,,,,,,SPY,735.1560668945312,744.9807928982774,720.7332622187009,741.7191759970133,87683500.0,,,,,
2026-06-10,,,,,,SPY,723.56591796875,736.4826536495077,723.4661992814284,731.5054857614351,60341300.0,,,,,
2026-06-11,,,,,,SPY,735.8642578125,738.0984921563339,722.5485255148498,726.8873842592473,86330500.0,,,,,
2026-06-12,,,,,,SPY,739.843994140625,742.5270843334097,733.1412911200548,738.8066884479139,57079500.0,,,,,
2026-06-15,,,,,,SPY,752.890380859375,754.7356026867302,749.8282623277308,749.9179969688896,60176400.0,,,,,
2026-06-16,,,,,,SPY,748.4019775390625,753.4988323298886,747.9531216783239,752.6111046530555,67093100.0,,,,,
2026-06-17,,,,,,SPY,739.0560302734375,750.217278570044,737.3204502885575,749.3594421826946,85945200.0,,,,,
2026-06-18,,,,,,SPY,746.739990234375,748.22998046875,743.8599853515625,747.760009765625,80875700.0,,,,,
2026-06-22,,,,,,SPY,744.3900146484375,750.1799926757812,743.1300048828125,747.7000122070312,46628100.0,,,,,
2026-06-23,,,,,,SPY,733.5800170898438,739.6300048828125,732.2999877929688,733.8099975585938,66846800.0,,,,,
2026-06-24,,,,,,SPY,733.239990234375,739.9500122070312,730.8400268554688,735.1699829101562,57439500.0,,,,,
2026-06-25,,,,,,SPY,734.2999877929688,739.3699951171875,729.5999755859375,738.9099731445312,53934400.0,,,,,
2026-06-26,,,,,,SPY,728.989990234375,736.530029296875,716.5800170898438,728.9500122070312,71034000.0,,,,,
2026-06-29,,,,,,SPY,741.0,741.5599975585938,732.0900268554688,736.530029296875,58035200.0,,,,,
2015-01-02,,,,,,BND,,,,,,59.20567321777344,59.234327556423175,59.040912136851524,59.048077087828034,2218800.0
2015-01-05,,,,,,BND,,,,,,59.37758255004883,59.399071933656224,59.24147583352834,59.270130166756616,5820100.0
2015-01-06,,,,,,BND,,,,,,59.549476623535156,59.72856202769439,59.47784355492203,59.47784355492203,3887600.0
2015-01-07,,,,,,BND,,,,,,59.58530044555664,59.65693351964587,59.49217799576597,59.556646122870305,2433400.0
2015-01-08,,,,,,BND,,,,,,59.49220275878906,59.535181528081424,59.43489408956224,59.535181528081424,1873400.0
2015-01-09,,,,,,BND,,,,,,59.592472076416016,59.664105158539584,59.45636539470353,59.46353034249204,1646100.0
2015-01-12,,,,,,BND,,,,,,59.67127227783203,59.692761656725736,59.5996337278476,59.63545300283982,4397900.0
2015-01-13,,,,,,BND,,,,,,59.728580474853516,59.79305408219496,59.62113357137528,59.678436764812176,2223400.0
2015-01-14,,,,,,BND,,,,,,59.864707946777344,59.97216035279749,59.85038350976098,59.91485167421923,2481200.0
2015-01-15,,,,,,BND,,,,,,60.1297492980957,60.144073733399665,59.85037635499458,59.85037635499458,4214500.0
2015-01-16,,,,,,BND,,,,,,59.95066452026367,60.065276399843626,59.871866462003034,60.03662206363469,3631300.0
2015-01-20,,,,,,BND,,,,,,59.886199951171875,60.05096104296818,59.86471056208032,59.95783306989593,3029500.0
2015-01-21,,,,,,BND,,,,,,59.771602630615234,60.0294862931166,59.76443767741854,60.022321339919905,2473900.0
2015-01-22,,,,,,BND,,,,,,59.78590774536133,59.90768458404974,59.72143958320494,59.90768458404974,2157400.0
2015-01-23,,,,,,BND,,,,,,59.979331970214844,60.007980847431696,59.89336894279326,59.9148583333344,6255000.0
2015-01-26,,,,,,BND,,,,,,59.907691955566406,59.993654980942026,59.87187812726923,59.979330542674525,7810500.0
2015-01-27,,,,,,BND,,,,,,59.9434814453125,60.093912565983054,59.907662169567736,60.07242318663785,1154100.0
2015-01-28,,,,,,BND,,,,,,60.15838623046875,60.23717879972991,59.90050274755573,59.91482717871571,1394600.0
2015-01-29,,,,,,BND,,,,,,60.09392166137695,60.15123032514076,60.00079918170201,60.12974094254307,1551300.0
2015-01-30,,,,,,BND,,,,,,60.42341613769531,60.42341613769531,60.251495674659935,60.31596379882833,10474400.0
2015-02-02,,,,,,BND,,,,,,60.351654052734375,60.4234318023125,60.22963133082244,60.25833804962068,6070500.0
2015-02-03,,,,,,BND,,,,,,60.1650276184082,60.28705034051404,60.12913600541647,60.24398478595699,1237200.0
2015-02-04,,,,,,BND,,,,,,60.18657684326172,60.19375626308028,59.97841747886543,60.04302130464699,2945700.0
2015-02-05,,,,,,BND,,,,,,60.057350158691406,60.12195395810827,60.01428460994052,60.07170899246872,2128200.0
2015-02-06,,,,,,BND,,,,,,59.66976547241211,59.87792482749485,59.65541210970995,59.849212625798,2907700.0
2015-02-09,,,,,,BND,,,,,,59.64822769165039,59.7846092692084,59.619515492359646,59.770250431417,1384600.0
2015-02-10,,,,,,BND,,,,,,59.54059600830078,59.60519986667842,59.50470984368701,59.57648764921008,1447900.0
2015-02-11,,,,,,BND,,,,,,59.54059600830078,59.612379290119385,59.49753042024604,59.57648764921008,1904000.0
2015-02-12,,,,,,BND,,,,,,59.569278717041016,59.64823590689217,59.547745933680304,59.569278717041016,4662900.0
2015-02-13,,,,,,BND,,,,,,59.43287658691406,59.597964837959196,59.43287658691406,59.597964837959196,1883000.0
2015-02-17,,,,,,BND,,,,,,59.19601821899414,59.43288973729492,59.17448544029255,59.41853090063277,5281500.0
2015-02-18,,,,,,BND,,,,,,59.361122131347656,59.44725874511817,59.21038716446907,59.28216493779796,3813000.0
2015-02-19,,,,,,BND,,,,,,59.31087112426758,59.44007329366699,59.28933834208309,59.389828309805694,1322700.0
2015-02-20,,,,,,BND,,,,,,59.3252067565918,59.49029500628911,59.239070185256,59.396984494559774,3145800.0
2015-02-23,,,,,,BND,,,,,,59.44725799560547,59.497502983931504,59.397013007279426,59.43290463163789,3952700.0
2015-02-24,,,,,,BND,,,,,,59.691253662109375,59.734319190385186,59.34671300703913,59.4472028905413,2542200.0
2015-02-25,,,,,,BND,,,,,,59.74873733520508,59.76309617772699,59.633893976499095,59.68413897273806,4934600.0
2015-02-26,,,,,,BND,,,,,,59.5836181640625,59.748706433625046,59.57643874651468,59.67692868701998,2187500.0
2015-02-27,,,,,,BND,,,,,,59.63382339477539,59.65535615677853,59.52615410847229,59.597931807245224,4094400.0
2015-03-02,,,,,,BND,,,,,,59.44110870361328,59.69282433534036,59.42672181780645,59.66405605071595,2476100.0
2015-03-03,,,,,,BND,,,,,,59.369205474853516,59.48427315492923,59.354818585474916,59.42673657139607,2648100.0
2015-03-04,,,,,,BND,,,,,,59.369205474853516,59.44831690546396,59.340437183086934,59.40516172431878,1425400.0
2015-03-05,,,,,,BND,,,,,,59.40516662597656,59.4627032142572,59.3332486341213,59.38359177711909,1340800.0
2015-03-06,,,,,,BND,,,,,,59.05992889404297,59.196571364967824,58.99519889245679,59.196571364967824,1580000.0
2015-03-09,,,,,,BND,,,,,,59.13188552856445,59.18942212605613,59.10311722981861,59.17503523318724,1982300.0
2015-03-10,,,,,,BND,,,,,,59.362030029296875,59.3692234761673,59.28291857469909,59.29729998144765,3766100.0
2015-03-11,,,,,,BND,,,,,,59.42673873901367,59.469893921732954,59.34043934755673,59.36201419542097,4829700.0
2015-03-12,,,,,,BND,,,,,,59.46989440917969,59.613730387447426,59.441126116127975,59.59934898441699,8421500.0
2015-03-13,,,,,,BND,,,,,,59.412357330322266,59.52742501458393,59.390782482460125,59.412357330322266,2114500.0
2015-03-16,,,,,,BND,,,,,,59.527408599853516,59.59933205554877,59.455490631147555,59.56337032770114,1203700.0
2015-03-17,,,,,,BND,,,,,,59.57776641845703,59.57776641845703,59.50584843201618,59.53461672399065,1471300.0
2015-03-18,,,,,,BND,,,,,,59.9445915222168,59.9445915222168,59.52745926689341,59.64253250435944,5534300.0
2015-03-19,,,,,,BND,,,,,,59.76477813720703,59.92300105401408,59.728821875109766,59.90861964657368,1208100.0
2015-03-20,,,,,,BND,,,,,,59.92300033569336,59.93019378282359,59.8007391694417,59.8007391694417,1011200.0
2015-03-23,,,,,,BND,,,,,,59.95174789428711,59.95894133892846,59.85106161727052,59.95174789428711,1572700.0
2015-03-24,,,,,,BND,,,,,,60.05244064331055,60.08840238340241,59.93017950618409,59.9877160955346,2300500.0
2015-03-25,,,,,,BND,,,,,,59.958946228027344,60.124357059332084,59.944559337571526,60.124357059332084,1559900.0
2015-03-26,,,,,,BND,,,,,,59.76477813720703,59.87985134470035,59.70724153346036,59.87265789748388,2342500.0
2015-03-27,,,,,,BND,,,,,,59.82230758666992,59.90141903561233,59.786345841880866,59.822307586669915,6542300.0
2015-03-30,,,,,,BND,,,,,,59.89422607421875,59.92299437288455,59.84388292330158,59.90861296704762,1634800.0
2015-03-31,,,,,,BND,,,,,,59.958946228027344,60.00928937064066,59.8654479010376,59.90860308541403,1996000.0
2015-04-01,,,,,,BND,,,,,,60.19754409790039,60.22637845084994,60.0822066861022,60.09662661237222,3132700.0
2015-04-02,,,,,,BND,,,,,,60.11825180053711,60.226379250636185,60.0966274104354,60.21916928740543,791200.0
2015-04-06,,,,,,BND,,,,,,60.168739318847656,60.26965685397841,60.11107058460345,60.26244688729959,1768800.0
2015-04-07,,,,,,BND,,,,,,60.20476150512695,60.21918143449718,60.06780517365988,60.11826392727231,977400.0
2015-04-08,,,,,,BND,,,,,,60.161502838134766,60.219171546963544,60.074999774891594,60.20475161996096,3470700.0
2015-04-09,,,,,,BND,,,,,,60.03176498413086,60.175936789803636,59.97409626186175,60.175936789803636,1025400.0
2015-04-10,,,,,,BND,,,,,,60.00292205810547,60.1038395578753,59.97408770108676,60.08221516500908,4290100.0
2015-04-13,,,,,,BND,,,,,,60.01736831665039,60.08224152370957,59.97411401235059,60.04620268631903,6046400.0
2015-04-14,,,,,,BND,,,,,,60.12547302246094,60.255219387366594,60.11826305788009,60.21197059906471,1398100.0
2015-04-15,,,,,,BND,,,,,,60.1831169128418,60.247995574050776,60.16149252563541,60.226371186844396,1022400.0
2015-04-16,,,,,,BND,,,,,,60.168739318847656,60.23361252017749,60.10386061792463,60.19757368596976,1289900.0
2015-04-17,,,,,,BND,,,,,,60.269649505615234,60.305693835021465,60.118273221375624,60.15431205118932,1693900.0
2015-04-20,,,,,,BND,,,,,,60.20476150512695,60.25522025873939,60.132678357050864,60.22639139918229,2463600.0
2015-04-21,,,,,,BND,,,,,,60.13263702392578,60.20472012245441,60.08938826472618,60.17589128271327,1788000.0
2015-04-22,,,,,,BND,,,,,,59.90919494628906,60.11823984167276,59.90919494628906,60.11102987987623,1501300.0
2015-04-23,,,,,,BND,,,,,,60.024513244628906,60.09660184709095,59.930805760851776,59.9668500620828,5518000.0
2015-04-24,,,,,,BND,,,,,,60.11825180053711,60.17592050720202,60.06779305710294,60.103831874075595,1597900.0
2015-04-27,,,,,,BND,,,,,,60.074981689453125,60.14707030358237,60.031732920646874,60.14707030358237,1591400.0
2015-04-28,,,,,,BND,,,,,,59.88751983642578,60.0388959084023,59.87309992504622,60.02447599702274,1217700.0
2015-04-29,,,,,,BND,,,,,,59.700172424316406,59.77225557052742,59.6280892781054,59.70738238881497,1905200.0
2015-04-30,,,,,,BND,,,,,,59.765052795410156,59.76505279541016,59.51996349185326,59.60646656950717,4229900.0
2015-05-01,,,,,,BND,,,,,,59.5837516784668,59.67763924290969,59.52597217258334,59.62708355280091,7173200.0
2015-05-04,,,,,,BND,,,,,,59.49708938598633,59.65598029069144,59.48264726290296,59.63431435098758,1190000.0
2015-05-05,,,,,,BND,,,,,,59.403194427490234,59.52597174399085,59.32374898501173,59.52597174399085,4175700.0
2015-05-06,,,,,,BND,,,,,,59.23708724975586,59.367088398488924,59.186531553590655,59.367088398488924,3938900.0
2015-05-07,,,,,,BND,,,,,,59.35983657836914,59.4031684334298,59.28039117065492,59.29483328562364,3602900.0
2015-05-08,,,,,,BND,,,,,,59.518741607666016,59.6198529670573,59.47540423210131,59.56929728736166,1735900.0
2015-05-11,,,,,,BND,,,,,,59.208213806152344,59.45376851514022,59.16487640856259,59.40321280975103,929200.0
2015-05-12,,,,,,BND,,,,,,59.135963439941406,59.24429862616346,59.042075883965744,59.11429750472829,2139600.0
2015-05-13,,,,,,BND,,,,,,59.10707092285156,59.33818891472362,59.07818668402376,59.30207535095456,2372000.0
2015-05-14,,,,,,BND,,,,,,59.22262191772461,59.26595378026832,59.15040031009994,59.186508358834544,1485300.0
2015-05-15,,,,,,BND,,,,,,59.46096420288086,59.48985395088712,59.323739277390146,59.338186906471286,1402700.0
2015-05-18,,,,,,BND,,,,,,59.24432373046875,59.410438487753225,59.23709991228452,59.410438487753225,3747700.0
2015-05-19,,,,,,BND,,,,,,59.11433792114258,59.20100723140724,59.04934007106426,59.07822984115248,4856500.0
2015-05-20,,,,,,BND,,,,,,59.11433792114258,59.19378341134512,59.06378220102825,59.13600387116868,4097400.0
2015-05-21,,,,,,BND,,,,,,59.30209732055664,59.33821089770467,59.18653828180955,59.222651858957576,2314100.0
2015-05-22,,,,,,BND,,,,,,59.2659797668457,59.2876457076175,59.15765006298669,59.265979766845696,816600.0
2015-05-26,,,,,,BND,,,,,,59.41041946411133,59.44652752315282,59.244304760017975,59.26597069747427,1178300.0
2015-05-27,,,,,,BND,,,,,,59.439327239990234,59.46821149191858,59.323768191642024,59.42487960386735,2564500.0
2015-05-28,,,,,,BND,,,,,,59.44655990600586,59.49711562432923,59.403228007488686,59.461007545618266,1073300.0
2015-05-29,,,,,,BND,,,,,,59.468223571777344,59.55489287564375,59.43211549445287,59.52600310768828,2494300.0
2015-06-01,,,,,,BND,,,,,,59.26987075805664,59.47974031193684,59.24092266221612,59.47974031193684,1362800.0
2015-06-02,,,,,,BND,,,,,,59.10346984863281,59.21926232850516,59.05281201901099,59.197552618851425,1510000.0
2015-06-03,,,,,,BND,,,,,,58.84294891357422,59.00216083067493,58.77781977728208,58.99492241954582,1390000.0
2015-06-04,,,,,,BND,,,,,,58.987648010253906,59.06001550673806,58.908042107735504,58.92251339851791,1111300.0
2015-06-05,,,,,,BND,,,,,,58.75611114501953,58.8718981187635,58.69097648624039,58.81400187124649,4115300.0
2015-06-08,,,,,,BND,,,,,,58.828460693359375,58.86464169601925,58.78504128165217,58.813983875264725,4954500.0
2015-06-09,,,,,,BND,,,,,,58.65476989746094,58.763318412612705,58.625821786324586,58.763318412612705,2883300.0
2015-06-10,,,,,,BND,,,,,,58.53173828125,58.618582613526165,58.49555728376728,58.560686392008726,1222800.0
2015-06-11,,,,,,BND,,,,,,58.806758880615234,58.813991769345,58.57517945161338,58.61859886914838,1815900.0
2015-06-12,,,,,,BND,,,,,,58.7632942199707,58.922506005029895,58.705403542819035,58.74158452587816,1785100.0
2015-06-15,,,,,,BND,,,,,,58.770565032958984,58.9297769058124,58.7560937360125,58.89359038151357,2082900.0
2015-06-16,,,,,,BND,,,,,,58.92254638671875,58.92254638671876,58.7850497228062,58.86465014860338,2250700.0
2015-06-17,,,,,,BND,,,,,,58.944217681884766,58.958694492623685,58.69092870680929,58.89355988686967,865700.0
2015-06-18,,,,,,BND,,,,,,58.90084457397461,58.93703110797016,58.763342370339394,58.886373273150326,1210300.0
2015-06-19,,,,,,BND,,,,,,59.0672721862793,59.088981889812224,58.9876662591334,59.016614370939884,1176700.0
2015-06-22,,,,,,BND,,,,,,58.78504943847656,58.97320392950772,58.77057261837316,58.92254610172408,1020000.0
2015-06-23,,,,,,BND,,,,,,58.64754867553711,58.78505086340677,58.618600555917745,58.64754867553711,1096000.0
2015-06-24,,,,,,BND,,,,,,58.75611114501953,58.78505926877804,58.67650518500616,58.72716302126103,6836900.0
2015-06-25,,,,,,BND,,,,,,58.676475524902344,58.76331433099205,58.64752741577669,58.734371743153666,2894500.0
2015-06-26,,,,,,BND,,,,,,58.56795120239258,58.604137737475725,58.51005495477557,58.57518961366722,963000.0
2015-06-29,,,,,,BND,,,,,,58.864646911621094,58.90807184846425,58.67649243002654,58.75609837273534,2168400.0
2015-06-30,,,,,,BND,,,,,,58.806758880615234,58.96597077329572,58.7922820605775,58.80675888061524,1547800.0
2015-07-01,,,,,,BND,,,,,,58.66388702392578,58.75815332854993,58.61312739337666,58.64213368688827,5399300.0
2015-07-02,,,,,,BND,,,,,,58.808937072753906,58.866949683564265,58.77993076734872,58.77993076734872,1060100.0
2015-07-06,,,,,,BND,,,,,,59.011932373046875,59.05544456541731,58.89591276895273,59.05544456541731,2210700.0
2015-07-07,,,,,,BND,,,,,,59.069969177246094,59.29476105592222,59.069969177246094,59.23675399626679,4183200.0
2015-07-08,,,,,,BND,,,,,,59.23674774169922,59.28750737127901,59.14247590649054,59.200488492405924,1967800.0
2015-07-09,,,,,,BND,,,,,,59.040950775146484,59.15697593543746,59.01194448507374,59.14247002420902,1670900.0
2015-07-10,,,,,,BND,,,,,,58.765419006347656,58.85243790572003,58.70015344872187,58.75091309025926,2038300.0
2015-07-13,,,,,,BND,,,,,,58.62767028808594,58.74369554626869,58.62041732635231,58.634923249819565,2846500.0
2015-07-14,,,,,,BND,,,,,,58.7364387512207,58.78719841526573,58.707432438568055,58.73643875122071,1567700.0
2015-07-15,,,,,,BND,,,,,,58.90317916870117,58.92493250366044,58.721894000861546,58.74364733582082,2631000.0
2015-07-16,,,,,,BND,,,,,,58.90317916870117,58.93943288283854,58.77265362656127,58.78715400573936,1063100.0
2015-07-17,,,,,,BND,,,,,,58.91045379638672,58.96846640465729,58.881447492251425,58.917706755517244,807900.0
2015-07-20,,,,,,BND,,,,,,58.83067321777344,58.89593876894949,58.794419495907135,58.87418542935262,1026900.0
2015-07-21,,,,,,BND,,,,,,58.939449310302734,58.975708566930464,58.808923731783054,58.82342964738847,1422900.0
2015-07-22,,,,,,BND,,,,,,58.961181640625,59.04820050609106,58.95393421779071,58.96843459584313,1624100.0
2015-07-23,,,,,,BND,,,,,,59.098995208740234,59.12800151444693,58.94671625307042,58.990222945436905,1178400.0
2015-07-24,,,,,,BND,,,,,,59.13523483276367,59.17874151067982,59.09897557957668,59.16423559645091,804300.0
2015-07-27,,,,,,BND,,,,,,59.25129318237305,59.258546144224496,59.17878016102528,59.23679279105906,2022800.0
2015-07-28,,,,,,BND,,,,,,59.14974594116211,59.20775854382751,59.142492982732364,59.17875224249481,1434700.0
2015-07-29,,,,,,BND,,,,,,59.098995208740234,59.15700782015362,59.05548851637375,59.14975486063017,1020500.0
2015-07-30,,,,,,BND,,,,,,59.12074661254883,59.157005876587704,59.05548657614318,59.084492880896896,788000.0
2015-07-31,,,,,,BND,,,,,,59.32381820678711,59.33832413342501,59.25855813408663,59.30206484922028,1589100.0
2015-08-03,,,,,,BND,,,,,,59.46112060546875,59.47565100725868,59.32305684118929,59.366653590398,2085800.0
2015-08-04,,,,,,BND,,,,,,59.257659912109375,59.424784474877306,59.24312396692337,59.410254073530034,1007300.0
2015-08-05,,,,,,BND,,,,,,59.163185119628906,59.19951943397703,59.08325406313346,59.18498349070258,2097000.0
2015-08-06,,,,,,BND,,,,,,59.19951248168945,59.25764516028424,59.16317817160837,59.17771411317575,1173000.0
2015-08-07,,,,,,BND,,,,,,59.32304763793945,59.37391235207154,59.25765252427165,59.293981295029965,1773800.0
2015-08-10,,,,,,BND,,,,,,59.19951248168945,59.30124189731165,59.16317817160837,59.27944352879795,1173300.0
2015-08-11,,,,,,BND,,,,,,59.42477798461914,59.50470904289606,59.373913269700935,59.395711641260434,1424200.0
2015-08-12,,,,,,BND,,,,,,59.402976989746094,59.60643584043391,59.38844659062749,59.52650478568685,1029700.0
2015-08-13,,,,,,BND,,,,,,59.279449462890625,59.40297725939212,59.25765109219483,59.34484457497803,845500.0
2015-08-14,,,,,,BND,,,,,,59.257659912109375,59.344853407870474,59.2285935655761,59.25765991210938,2279800.0
2015-08-17,,,,,,BND,,,,,,59.36664962768555,59.424782318642755,59.33758882604548,59.39571597316415,821900.0
2015-08-18,,,,,,BND,,,,,,59.257659912109375,59.33759097911621,59.235855994330365,59.29398868739692,1083900.0
2015-08-19,,,,,,BND,,,,,,59.468345642089844,59.490149546823304,59.16315750184648,59.199491799233485,1356600.0
2015-08-20,,,,,,BND,,,,,,59.51924133300781,59.56283807345069,59.46837107737405,59.490174991433285,1536900.0
2015-08-21,,,,,,BND,,,,,,59.61371612548828,59.65004490270767,59.490188304032095,59.5628514023099,3459200.0
2015-08-24,,,,,,BND,,,,,,59.599178314208984,59.897104214814355,59.53378319095738,59.80264274439353,4751800.0
2015-08-25,,,,,,BND,,,,,,59.402976989746094,59.52650478568685,59.29397959292393,59.52650478568685,5325500.0
2015-08-26,,,,,,BND,,,,,,59.148651123046875,59.39570670530768,59.11231681090844,59.250380544429284,2742500.0
2015-08-27,,,,,,BND,,,,,,59.22855758666992,59.30848860512196,59.11229227116319,59.126828207519225,2671000.0
2015-08-28,,,,,,BND,,,,,,59.257659912109375,59.39571812834402,59.2285935655761,59.359389353056486,2723900.0
2015-08-31,,,,,,BND,,,,,,59.17774200439453,59.36666498311333,59.17047403018535,59.35213457853495,3103700.0
2015-09-01,,,,,,BND,,,,,,59.321903228759766,59.37287309570693,59.2272409363587,59.26365036502047,2577700.0
2015-09-02,,,,,,BND,,,,,,59.278236389160156,59.3437667165359,59.21998350573678,59.26367039065394,1934700.0
2015-09-03,,,,,,BND,,,,,,59.321903228759766,59.39471653078446,59.27093336181259,59.35830710212268,2503000.0
2015-09-04,,,,,,BND,,,,,,59.46753692626953,59.4893803639526,59.32919330251024,59.42385005090339,1213800.0
2015-09-08,,,,,,BND,,,,,,59.321903228759766,59.35830710212268,59.278216358604716,59.35830710212268,1194600.0
2015-09-09,,,,,,BND,,,,,,59.30733108520508,59.394710371753085,59.125295071370445,59.13986106344425,4265400.0
2015-09-10,,,,,,BND,,,,,,59.18355178833008,59.29277451481275,59.18355178833008,59.29277451481275,1889000.0
2015-09-11,,,,,,BND,,,,,,59.30733108520508,59.36558394290375,59.285487652392646,59.336457514054416,1411500.0
2015-09-14,,,,,,BND,,,,,,59.321903228759766,59.38743353399233,59.30005979368224,59.38015609249906,905900.0
2015-09-15,,,,,,BND,,,,,,59.0743293762207,59.270931395995476,59.02335951096403,59.263648399444904,1697300.0
2015-09-16,,,,,,BND,,,,,,59.037925720214844,59.08161258908088,58.97967285819432,59.030642723637605,1579000.0
2015-09-17,,,,,,BND,,,,,,59.37287139892578,59.37287139892578,58.99423335074009,59.00879934390806,1833200.0
2015-09-18,,,,,,BND,,,,,,59.54033660888672,59.54761960488058,59.4092704574883,59.43839688616553,1639800.0
2015-09-21,,,,,,BND,,,,,,59.321903228759766,59.46752983280915,59.278216358604716,59.43112595944623,933800.0
2015-09-22,,,,,,BND,,,,,,59.431148529052734,59.54764874547466,59.40202208612202,59.416582529936896,1444000.0
2015-09-23,,,,,,BND,,,,,,59.431148529052734,59.48939585961322,59.380178642749215,59.46027497198346,709000.0
2015-09-24,,,,,,BND,,,,,,59.45294952392578,59.605859073661264,59.43838353520984,59.59129308494531,1454400.0
2015-09-25,,,,,,BND,,,,,,59.34376907348633,59.438425846333246,59.34376907348633,59.416582403007105,1134000.0
2015-09-28,,,,,,BND,,,,,,59.496639251708984,59.54032610937184,59.37285611813271,59.438386404626996,1305000.0
2015-09-29,,,,,,BND,,,,,,59.54033660888672,59.62043289892454,59.48936674752612,59.50393273951386,1256600.0
2015-09-30,,,,,,BND,,,,,,59.656856536865234,59.66413953459428,59.52579035424024,59.55491678985686,4432000.0
2015-10-01,,,,,,BND,,,,,,59.68893814086914,59.79837992141448,59.68164610422226,59.747307832685344,2023700.0
2015-10-02,,,,,,BND,,,,,,59.915069580078125,60.07557774970278,59.82751511501739,59.95154643236008,1770400.0
2015-10-05,,,,,,BND,,,,,,59.68169021606445,59.84219863753347,59.68169021606445,59.84219863753347,4199900.0
2015-10-06,,,,,,BND,,,,,,59.7618522644043,59.820216340193426,59.681595397954354,59.754554667517354,1925300.0
2015-10-07,,,,,,BND,,,,,,59.7618522644043,59.80562671285501,59.681595397954354,59.732667443292,1871000.0
2015-10-08,,,,,,BND,,,,,,59.66703414916992,59.80566073671008,59.63784931145417,59.76917829795573,1118100.0
2015-10-09,,,,,,BND,,,,,,59.65974807739258,59.71082016165518,59.594086354671965,59.594086354671965,1197400.0
2015-10-12,,,,,,BND,,,,,,59.7618522644043,59.80562671285501,59.681595397954354,59.71077465263119,864100.0
2015-10-13,,,,,,BND,,,,,,59.798362731933594,59.8275475694523,59.72540342135613,59.78377309639354,971700.0
2015-10-14,,,,,,BND,,,,,,60.01728057861328,60.01728057861328,59.85676666361593,59.88595151783743,786300.0
2015-10-15,,,,,,BND,,,,,,59.90053176879883,59.988086317734,59.87134691915377,59.93701422246538,2264300.0
2015-10-16,,,,,,BND,,,,,,59.87865447998047,59.93702418897647,59.856767230717416,59.87135687474551,1241200.0
2015-10-19,,,,,,BND,,,,,,59.87865447998047,59.91513693971343,59.812992732191326,59.88595208521542,840100.0
2015-10-20,,,,,,BND,,,,,,59.7838020324707,59.812986884115226,59.75461718082618,59.7838020324707,1348200.0
2015-10-21,,,,,,BND,,,,,,59.89323425292969,59.95890155633795,59.84945976161813,59.893234252929695,943500.0
2015-10-22,,,,,,BND,,,,,,59.99534606933594,60.03912053296477,59.89319637680634,59.89319637680634,1101300.0
2015-10-23,,,,,,BND,,,,,,59.8421745300293,59.88595459683335,59.827584885389314,59.88595459683335,1367100.0
2015-10-26,,,,,,BND,,,,,,59.90785217285156,59.973513934712145,59.90785217285156,59.92973942680509,1512200.0
2015-10-27,,,,,,BND,,,,,,59.92240905761719,60.03185083399091,59.92240905761719,60.01726119481307,929400.0
2015-10-28,,,,,,BND,,,,,,59.75458526611328,59.95887355207401,59.74728766548945,59.95887355207401,2617300.0
2015-10-29,,,,,,BND,,,,,,59.543006896972656,59.68163349413578,59.513822057230996,59.68163349413578,943200.0
2015-10-30,,,,,,BND,,,,,,59.67436981201172,59.67436981201172,59.528445530358816,59.543040741745195,1474100.0
2015-11-02,,,,,,BND,,,,,,59.55665588378906,59.61514645064085,59.52010346298229,59.542036031059844,2939200.0
2015-11-03,,,,,,BND,,,,,,59.45429992675781,59.54203577666063,59.41043479079012,59.51279049335969,3997100.0
2015-11-04,,,,,,BND,,,,,,59.49085235595703,59.54203020245065,59.38849666296981,59.5054722072551,3594400.0
2015-11-05,,,,,,BND,,,,,,59.38120651245117,59.490874961743536,59.300783354834714,59.476249526921066,1715400.0
2015-11-06,,,,,,BND,,,,,,59.14718246459961,59.234912661846636,59.09600465688462,59.20567298140609,1198700.0
2015-11-09,,,,,,BND,,,,,,59.096038818359375,59.169149217648844,59.037548267741435,59.05216811641296,2358300.0
2015-11-10,,,,,,BND,,,,,,59.16183853149414,59.249574360427296,59.10334797887204,59.16915124506343,1421000.0
2015-11-11,,,,,,BND,,,,,,59.16913986206055,59.198385132745365,59.12527474501582,59.16913986206054,1303500.0
2015-11-12,,,,,,BND,,,,,,59.17645263671875,59.26418287090084,59.17645263671875,59.24956302452551,1263900.0
2015-11-13,,,,,,BND,,,,,,59.2861442565918,59.30808240376951,59.22765926468782,59.22765926468782,1583300.0
2015-11-16,,,,,,BND,,,,,,59.2861442565918,59.366567395673485,59.256904549623684,59.30808240376951,949100.0
2015-11-17,,,,,,BND,,,,,,59.35193634033203,59.39580147047302,59.19109009252616,59.242267937012876,1155900.0
2015-11-18,,,,,,BND,,,,,,59.322715759277344,59.35927376825982,59.271537893483284,59.31540304188704,944100.0
2015-11-19,,,,,,BND,,,,,,59.403106689453125,59.43966467860227,59.38848684057307,59.42503925175621,1085500.0
2015-11-20,,,,,,BND,,,,,,59.38848114013672,59.454278820730345,59.36654300197338,59.454278820730345,1273800.0
2015-11-23,,,,,,BND,,,,,,59.41041564941406,59.44696805828788,59.32999254073977,59.3738576625746,1647300.0
2015-11-24,,,,,,BND,,,,,,59.43233108520508,59.4761961944004,59.403085819753514,59.43233108520508,1361900.0
2015-11-25,,,,,,BND,,,,,,59.439666748046875,59.483531874180244,59.417728607014,59.46159931111356,904600.0
2015-11-27,,,,,,BND,,,,,,59.468894958496094,59.50545294185568,59.44696239966638,59.49083309529091,516000.0
2015-11-30,,,,,,BND,,,,,,59.439666748046875,59.49815172356931,59.41042147130256,59.46159931111356,6285200.0
2015-12-01,,,,,,BND,,,,,,59.664581298828125,59.671903475249756,59.44479303833072,59.46677074649094,1780200.0
2015-12-02,,,,,,BND,,,,,,59.59128952026367,59.642578270127004,59.547334122603985,59.63525050736863,1413700.0
2015-12-03,,,,,,BND,,,,,,59.1297721862793,59.45212684390391,59.10779447588639,59.45212684390391,2510600.0
2015-12-04,,,,,,BND,,,,,,59.36421203613281,59.37153980294689,59.1883847587335,59.24699571434939,3815200.0
2015-12-07,,,,,,BND,,,,,,59.46676254272461,59.55467895268455,59.37152395735317,59.38617389762305,1543300.0
2015-12-08,,,,,,BND,,,,,,59.481422424316406,59.540027779130604,59.42281148005493,59.525377837788874,1687300.0
2015-12-09,,,,,,BND,,,,,,59.45947265625,59.53273357627687,59.32027299558402,59.42283940151161,2076900.0
2015-12-10,,,,,,BND,,,,,,59.45213317871094,59.50341637157485,59.43747764392192,59.50341637157485,2004100.0
2015-12-11,,,,,,BND,,,,,,59.61330795288086,59.64993560937558,59.54004146099426,59.61330795288086,1994400.0
2015-12-14,,,,,,BND,,,,,,59.334896087646484,59.53270663058091,59.327573911572905,59.48874562690249,2974600.0
2015-12-15,,,,,,BND,,,,,,59.26897048950195,59.31292590931239,59.210359536789305,59.25431495659974,1806300.0
2015-12-16,,,,,,BND,,,,,,59.20305633544922,59.342256008537824,59.1151454593515,59.24701736294849,2332700.0
2015-12-17,,,,,,BND,,,,,,59.327571868896484,59.356871751076774,59.261633160372845,59.283610866731664,2290500.0
2015-12-18,,,,,,BND,,,,,,59.45947265625,59.46679483563775,59.35690066087249,59.40818386383629,3211500.0
2015-12-21,,,,,,BND,,,,,,59.39350128173828,59.51072316093341,59.3715235767509,59.48141769113463,3158300.0
2015-12-22,,,,,,BND,,,,,,59.31291580200195,59.371526744726914,59.298265861044285,59.36419897952451,2348600.0
2015-12-23,,,,,,BND,,,,,,59.32027816772461,59.32027816772461,59.21007092873343,59.23211686083008,2538600.0
2015-12-24,,,,,,BND,,,,,,59.36432647705078,59.38636678968483,59.29085129444471,59.327588885747744,1361700.0
2015-12-28,,,,,,BND,,,,,,59.36432647705078,59.42309877561842,59.2981999337792,59.2981999337792,1580600.0
2015-12-29,,,,,,BND,,,,,,59.180694580078125,59.3129421614728,59.151305605837784,59.3129421614728,2586600.0
2015-12-30,,,,,,BND,,,,,,59.21743392944336,59.2541715531381,59.121923955361176,59.166004619495354,2367200.0
2015-12-31,,,,,,BND,,,,,,59.3349609375,59.37169293792733,59.246794046805434,59.31292061616927,2419700.0
2016-01-04,,,,,,BND,,,,,,59.30556869506836,59.45985654122489,59.29087141141268,59.356997977120535,2750500.0
2016-01-05,,,,,,BND,,,,,,59.37904357910156,59.43782150820997,59.290876685438946,59.334962934956174,1513600.0
2016-01-06,,,,,,BND,,,,,,59.64353561401367,59.64353561401367,59.49659640410563,59.53332840389687,2391100.0
2016-01-07,,,,,,BND,,,,,,59.650882720947266,59.658225757493604,59.489246230985366,59.59945343826588,2792900.0
2016-01-08,,,,,,BND,,,,,,59.72439193725586,59.746432272256314,59.58479567508611,59.614184656878436,1405100.0
2016-01-11,,,,,,BND,,,,,,59.47457504272461,59.62886856383933,59.47457504272461,59.59213094350271,2146900.0
2016-01-12,,,,,,BND,,,,,,59.62887954711914,59.7537785106711,59.51132362468795,59.570101585903544,1645300.0
2016-01-13,,,,,,BND,,,,,,59.775821685791016,59.84194269126996,59.62888238114324,59.65826575777266,2887800.0
2016-01-14,,,,,,BND,,,,,,59.70230484008789,59.85659266961941,59.67291588131464,59.76107715226365,4545800.0
2016-01-15,,,,,,BND,,,,,,59.80516052246094,59.893321789178216,59.77577156509836,59.87863011318216,1773900.0
2016-01-19,,,,,,BND,,,,,,59.73169708251953,59.805166680806174,59.68026780318178,59.805166680806174,3856700.0
2016-01-20,,,,,,BND,,,,,,59.79783248901367,59.95946900752503,59.73171151618943,59.9006910725441,7796900.0
2016-01-21,,,,,,BND,,,,,,59.76106643676758,59.922702878352766,59.75372340241896,59.90066256456747,3062600.0
2016-01-22,,,,,,BND,,,,,,59.73908615112305,59.753783445328146,59.6582678491211,59.7464347982256,3004100.0
2016-01-25,,,,,,BND,,,,,,59.73908615112305,59.82725310022755,59.731743109395865,59.80521276429526,2164700.0
2016-01-26,,,,,,BND,,,,,,59.82719802856445,59.8565869845464,59.74637980095667,59.812506353258584,2659100.0
2016-01-27,,,,,,BND,,,,,,59.82719802856445,59.8786273001903,59.69495052933082,59.76842011660057,1734400.0
2016-01-28,,,,,,BND,,,,,,59.871315002441406,59.9007039762628,59.783153686350836,59.81254266017223,1487600.0
2016-01-29,,,,,,BND,,,,,,60.047611236572266,60.09904050720531,59.988833325743045,60.0696515517907,3634300.0
2016-02-01,,,,,,BND,,,,,,59.92539596557617,60.1021003165423,59.88122128216715,60.0211096520724,2255300.0
2016-02-02,,,,,,BND,,,,,,60.13156509399414,60.16838108308543,60.06530305442734,60.13156509399414,2554600.0
2016-02-03,,,,,,BND,,,,,,60.175724029541016,60.32297669893848,60.050553081490975,60.12418503351898,3238200.0
2016-02-04,,,,,,BND,,,,,,60.21991729736328,60.27145630929591,60.14629093993538,60.18310130998383,1179000.0
2016-02-05,,,,,,BND,,,,,,60.161033630371094,60.22730130584997,60.080042925526264,60.1536693070217,2360200.0
2016-02-08,,,,,,BND,,,,,,60.418704986572266,60.47760831551067,60.26408796110692,60.315626969595364,2519500.0
2016-02-09,,,,,,BND,,,,,,60.41136169433594,60.53652708726166,60.35245835037134,60.52916276493307,2354500.0
2016-02-10,,,,,,BND,,,,,,60.53651809692383,60.54388241815874,60.31563339852642,60.448163094098625,2553900.0
2016-02-11,,,,,,BND,,,,,,60.57329177856445,60.801540659944045,60.536481429348775,60.74263736040558,1887700.0
2016-02-12,,,,,,BND,,,,,,60.374534606933594,60.521787322457115,60.29354392819634,60.492341273217235,1474600.0
2016-02-16,,,,,,BND,,,,,,60.28615951538086,60.32297549065743,60.227261819199164,60.29352383390201,1488800.0
2016-02-17,,,,,,BND,,,,,,60.271453857421875,60.286176881376115,60.12420114855639,60.234637871540116,2158200.0
2016-02-18,,,,,,BND,,,,,,60.47761917114258,60.48498349291442,60.2714631001841,60.2714631001841,1819100.0
2016-02-19,,,,,,BND,,,,,,60.396629333496094,60.484984344006534,60.374541985201404,60.41871668179077,1862600.0
2016-02-22,,,,,,BND,,,,,,60.41136169433594,60.440807748986174,60.35245835037134,60.41136169433594,1596900.0
2016-02-23,,,,,,BND,,,,,,60.448143005371094,60.54386229762082,60.300890333596776,60.33034199141751,2243700.0
2016-02-24,,,,,,BND,,,,,,60.49232864379883,60.73529501195371,60.45551266393878,60.55122634731313,2434300.0
2016-02-25,,,,,,BND,,,,,,60.58067321777344,60.66166387319795,60.54386285815374,60.55122155968003,2407600.0
2016-02-26,,,,,,BND,,,,,,60.52180480957031,60.52916913267364,60.39663940347704,60.462907076741665,1628400.0
2016-02-29,,,,,,BND,,,,,,60.5586051940918,60.6101442078616,60.47025019163018,60.47025019163018,1827800.0
2016-03-01,,,,,,BND,,,,,,60.35573196411133,60.62132420214719,60.29671584458846,60.62132420214719,2546300.0
2016-03-02,,,,,,BND,,,,,,60.318824768066406,60.35570912523303,60.23767130222964,60.31144564518445,2137300.0
2016-03-03,,,,,,BND,,,,,,60.34833908081055,60.451624292575936,60.30406996960974,60.33358083420298,2750500.0
2016-03-04,,,,,,BND,,,,,,60.318824768066406,60.39997823390317,60.23767130222964,60.38521998813926,1147700.0
2016-03-07,,,,,,BND,,,,,,60.30406188964844,60.3335727502876,60.252419290685175,60.281930151324346,1303200.0
2016-03-08,,,,,,BND,,,,,,60.5032844543457,60.59181144519089,60.49590532890076,60.547547949768294,1713100.0
2016-03-09,,,,,,BND,,,,,,60.399993896484375,60.49590000433329,60.37785652209798,60.41474651745227,2010000.0
2016-03-10,,,,,,BND,,,,,,60.37050247192383,60.51067211644965,60.31885983896698,60.46640861066516,1785600.0
2016-03-11,,,,,,BND,,,,,,60.2893180847168,60.42211416269018,60.289318084716804,60.42211416269018,1422300.0
2016-03-14,,,,,,BND,,,,,,60.422115325927734,60.4737579334326,60.34834097643822,60.370472718422874,1534200.0
2016-03-15,,,,,,BND,,,,,,60.363121032714844,60.5032963004965,60.3409892806703,60.48116454845195,1870200.0
2016-03-16,,,,,,BND,,,,,,60.599178314208984,60.599178314208984,60.28194352772084,60.31883351886087,1402900.0
2016-03-17,,,,,,BND,,,,,,60.73198699951172,60.74673962185434,60.62870175724266,60.65083350506838,1571000.0
2016-03-18,,,,,,BND,,,,,,60.78363800048828,60.835280628742446,60.731995372234124,60.78363800048828,1219400.0
2016-03-21,,,,,,BND,,,,,,60.67292022705078,60.71718931847334,60.650788495649195,60.71718931847334,1613600.0
2016-03-22,,,,,,BND,,,,,,60.658206939697266,60.805755663774974,60.63607519394791,60.78362391802562,2150200.0
2016-03-23,,,,,,BND,,,,,,60.79100036621094,60.79837949067684,60.665583393404646,60.69508863402266,1234500.0
2016-03-24,,,,,,BND,,,,,,60.71722412109375,60.87952545394167,60.650823260209165,60.87952545394167,1752300.0
2016-03-28,,,,,,BND,,,,,,60.746726989746094,60.820506971987555,60.70246350329912,60.709842627247745,2369600.0
2016-03-29,,,,,,BND,,,,,,60.997554779052734,61.04181825696062,60.805736993749754,60.82786873270369,1841800.0
2016-03-30,,,,,,BND,,,,,,60.97539520263672,61.041790389186744,60.89424177777419,60.96063696432422,1624300.0
2016-03-31,,,,,,BND,,,,,,61.09346008300781,61.174613543891134,61.004933128314164,61.02706486698758,3037600.0
2016-04-01,,,,,,BND,,,,,,61.16222381591797,61.206579961913604,61.014360595257294,61.1030785276537,3027400.0
2016-04-04,,,,,,BND,,,,,,61.16222381591797,61.25833067904356,61.140040102515016,61.19179081964497,1452400.0
2016-04-05,,,,,,BND,,,,,,61.273109436035156,61.35443279099972,61.273109436035156,61.33225471971933,2149200.0
2016-04-06,,,,,,BND,,,,,,61.2435302734375,61.302675550824326,61.21396327514818,61.28789205167966,1833100.0
2016-04-07,,,,,,BND,,,,,,61.44318389892578,61.47275655673858,61.361860500042496,61.42100581566811,1533400.0
2016-04-08,,,,,,BND,,,,,,61.39140319824219,61.41358127067674,61.33965248242658,61.40618669973023,1402100.0
2016-04-11,,,,,,BND,,,,,,61.38404846191406,61.413621124486035,61.31011962568846,61.35447579934209,1214400.0
2016-04-12,,,,,,BND,,,,,,61.28789138793945,61.34703666468574,61.22874611119316,61.302674886924,2388000.0
2016-04-13,,,,,,BND,,,,,,61.32490539550781,61.36187263518653,61.21401495728938,61.265765708594266,1749400.0
2016-04-14,,,,,,BND,,,,,,61.273109436035156,61.347043860842724,61.25093136475476,61.32486014915763,1617200.0
2016-04-15,,,,,,BND,,,,,,61.41361999511719,61.4653707435643,61.33229658464193,61.3544746710609,1181000.0
2016-04-18,,,,,,BND,,,,,,61.39140319824219,61.39140319824219,61.33225791148006,61.37661405634916,1395400.0
2016-04-19,,,,,,BND,,,,,,61.42840576171875,61.42840576171875,61.317515325551746,61.39144416313267,1163600.0
2016-04-20,,,,,,BND,,,,,,61.25836181640625,61.47275936503774,61.25836181640625,61.44318670587395,2388600.0
2016-04-21,,,,,,BND,,,,,,61.18441390991211,61.25834271456478,61.12526861002747,61.213986559854426,1683900.0
2016-04-22,,,,,,BND,,,,,,61.16222381591797,61.27311418090706,61.147434673649336,61.22875803491142,5115300.0
2016-04-25,,,,,,BND,,,,,,61.08829879760742,61.19180024781439,61.08090986573979,61.15483866725819,2483300.0
2016-04-26,,,,,,BND,,,,,,60.999595642089844,61.11788061418123,60.94784490922358,61.11788061418123,1689600.0
2016-04-27,,,,,,BND,,,,,,61.18441390991211,61.22137549203532,61.02916172801961,61.073517882729966,1456400.0
2016-04-28,,,,,,BND,,,,,,61.29530715942383,61.33966331212414,61.169621992762984,61.19919464136518,1625800.0
2016-04-29,,,,,,BND,,,,,,61.33970260620117,61.34709718319017,61.22880651300463,61.26577375754001,2856900.0
2016-05-02,,,,,,BND,,,,,,61.231529235839844,61.32041726149562,61.209301577847455,61.32041726149562,2443700.0
2016-05-03,,,,,,BND,,,,,,61.401885986328125,61.45373920520041,61.3648455507435,61.44632998776808,1765500.0
2016-05-04,,,,,,BND,,,,,,61.42412185668945,61.49079352548092,61.35745583947625,61.438940294900114,2868300.0
2016-05-05,,,,,,BND,,,,,,61.53522872924805,61.55745073180508,61.387078277816165,61.453744285487275,1270700.0
2016-05-06,,,,,,BND,,,,,,61.50562286376953,61.557476108304456,61.46117884033382,61.535254096586605,1520600.0
2016-05-09,,,,,,BND,,,,,,61.55005645751953,61.58709690515929,61.50561244161488,61.56487489720697,1373200.0
2016-05-10,,,,,,BND,,,,,,61.55005645751953,61.60191534484673,61.50561244161488,61.55005645751953,1889300.0
2016-05-11,,,,,,BND,,,,,,61.56484603881836,61.6759616780736,61.53521482491188,61.58706803635417,2381000.0
2016-05-12,,,,,,BND,,,,,,61.5722770690918,61.616721079909105,61.52782740669631,61.55745863110057,1653300.0
2016-05-13,,,,,,BND,,,,,,61.63895797729492,61.66117998807241,61.550064282605405,61.60192317652562,1397400.0
2016-05-16,,,,,,BND,,,,,,61.50562286376953,61.59451656222074,61.49821364267032,61.59451656222074,3132000.0
2016-05-17,,,,,,BND,,,,,,61.4611930847168,61.579712391873585,61.43897106784872,61.579712391873585,1735900.0
2016-05-18,,,,,,BND,,,,,,61.1722412109375,61.4240980471099,61.127791565113604,61.4240980471099,1685900.0
2016-05-19,,,,,,BND,,,,,,61.23889923095703,61.253717661494804,61.17963681195664,61.209268021456836,1464000.0
2016-05-20,,,,,,BND,,,,,,61.23889923095703,61.31297442891986,61.20186445776329,61.23149566726349,2044000.0
2016-05-23,,,,,,BND,,,,,,61.25371551513672,61.3129722804854,61.20926587665629,61.283346723598626,1310700.0
2016-05-24,,,,,,BND,,,,,,61.224090576171875,61.26112535186036,61.15741893741146,61.25372178766809,2656800.0
2016-05-25,,,,,,BND,,,,,,61.201847076416016,61.261103827012136,61.17961943692202,61.238881839091874,1474800.0
2016-05-26,,,,,,BND,,,,,,61.30559539794922,61.35003940419705,61.238923736999865,61.27596417659146,1571700.0
2016-05-27,,,,,,BND,,,,,,61.283382415771484,61.342639215632026,61.224119964332516,61.33523564788598,2045600.0
2016-05-31,,,,,,BND,,,,,,61.33518600463867,61.401851969865845,61.18702999595521,61.23147962434718,1361400.0
2016-06-01,,,,,,BND,,,,,,61.35675811767578,61.44582793444801,61.312217546152795,61.416136107811646,1625600.0
2016-06-02,,,,,,BND,,,,,,61.47553253173828,61.527491823361494,61.40873015528188,61.42357324011506,1503200.0
2016-06-03,,,,,,BND,,,,,,61.86149978637695,61.883772902844676,61.735313775409814,61.772429973052695,1964500.0
2016-06-06,,,,,,BND,,,,,,61.7650146484375,61.79470647827383,61.705630988764845,61.77986339492441,1603100.0
2016-06-07,,,,,,BND,,,,,,61.77245330810547,61.83183698151208,61.75760455818441,61.81698823159103,1283100.0
2016-06-08,,,,,,BND,,,,,,61.846641540527344,61.854065910862815,61.79468227444962,61.831798462991685,1374500.0
2016-06-09,,,,,,BND,,,,,,61.90605926513672,61.95801855982552,61.883791805004144,61.95801855982552,1611200.0
2016-06-10,,,,,,BND,,,,,,61.96544647216797,62.039673231227326,61.928330261068936,61.972865183876806,1575300.0
2016-06-13,,,,,,BND,,,,,,61.98027038574219,62.039654039875415,61.96542730377736,62.02480529477363,1681500.0
2016-06-14,,,,,,BND,,,,,,61.97282409667969,62.069323916303524,61.95798101996407,62.069323916303524,1524200.0
2016-06-15,,,,,,BND,,,,,,62.11386489868164,62.165824166982354,62.009946362080214,62.02478944025091,1345100.0
2016-06-16,,,,,,BND,,,,,,62.18069839477539,62.284622646573524,62.12132038921148,62.217814603498894,1111400.0
2016-06-17,,,,,,BND,,,,,,62.09162521362305,62.158427589964596,62.04708463292397,62.13616013118408,1860800.0
2016-06-20,,,,,,BND,,,,,,61.95057678222656,62.002536062318946,61.935733700687365,61.96542552690256,2347500.0
2016-06-21,,,,,,BND,,,,,,61.86890411376953,61.9802470074878,61.85406103740335,61.96540393112161,1785100.0
2016-06-22,,,,,,BND,,,,,,61.89118957519531,61.92088139970521,61.8466546699987,61.89118957519531,1337700.0
2016-06-23,,,,,,BND,,,,,,61.77986145019531,61.88378001978254,61.77243707718557,61.80954761595969,1152800.0
2016-06-24,,,,,,BND,,,,,,62.12872314453125,62.292025359953975,62.10645569027122,62.23264170650264,2030400.0
2016-06-27,,,,,,BND,,,,,,62.440452575683594,62.4775630927681,62.358801509710084,62.4701443872316,2465500.0
2016-06-28,,,,,,BND,,,,,,62.51469421386719,62.53696166206657,62.44046749882415,62.53696166206657,2971800.0
2016-06-29,,,,,,BND,,,,,,62.49243927001953,62.596357824500316,62.44789870157314,62.58893345256984,2425700.0
2016-06-30,,,,,,BND,,,,,,62.57407760620117,62.65572869136948,62.492426521032854,62.507269598729216,3362300.0
2016-07-01,,,,,,BND,,,,,,62.748104095458984,62.829914330426455,62.65141617731183,62.80016463824068,2531600.0
2016-07-05,,,,,,BND,,,,,,62.963809967041016,63.00099284132327,62.837372306788986,62.91918257405613,3193800.0
2016-07-06,,,,,,BND,,,,,,63.07536315917969,63.07536315917969,62.94149233092171,63.02330259675579,1936800.0
2016-07-07,,,,,,BND,,,,,,62.971229553222656,63.0456009599196,62.9042969894478,62.97122955322266,2032500.0
2016-07-08,,,,,,BND,,,,,,63.13482666015625,63.1571375064814,62.97864506170769,63.0678941211808,1748000.0
2016-07-11,,,,,,BND,,,,,,62.94891357421875,63.09765637550408,62.926602721443366,63.075345522728696,2617100.0
2016-07-12,,,,,,BND,,,,,,62.69606399536133,62.867117688486296,62.64400343560476,62.867117688486296,1775400.0
2016-07-13,,,,,,BND,,,,,,62.80757141113281,62.86707077050009,62.792699408376606,62.85219876774388,1352500.0
2016-07-14,,,,,,BND,,,,,,62.7109375,62.762998060994164,62.651438094813635,62.6960654857912,1621500.0
2016-07-15,,,,,,BND,,,,,,62.5101203918457,62.666302040577825,62.47293185321572,62.666302040577825,2233900.0
2016-07-18,,,,,,BND,,,,,,62.53240203857422,62.62908425001109,62.47290267422613,62.62164541092466,2155800.0
2016-07-19,,,,,,BND,,,,,,62.62912368774414,62.64400137528553,62.554752272562986,62.599373986836625,1559600.0
2016-07-20,,,,,,BND,,,,,,62.56215286254883,62.591902545265825,62.51009233633704,62.591902545265825,1688100.0
2016-07-21,,,,,,BND,,,,,,62.63652038574219,62.64395922450757,62.43571145827711,62.510088497588,2076000.0
2016-07-22,,,,,,BND,,,,,,62.644012451171875,62.681195328249004,62.53988564249762,62.57707419375102,1612000.0
2016-07-25,,,,,,BND,,,,,,62.60679626464844,62.68116766015068,62.57704657161279,62.64398479948644,1204600.0
2016-07-26,,,,,,BND,,,,,,62.5993537902832,62.67372518146976,62.55473209040595,62.67372518146976,2385100.0
2016-07-27,,,,,,BND,,,,,,62.78531265258789,62.78531265258789,62.621692115684375,62.63656980495338,1575400.0
2016-07-28,,,,,,BND,,,,,,62.748104095458984,62.807597805656926,62.67372702790776,62.740665253869146,1418900.0
2016-07-29,,,,,,BND,,,,,,62.94891357421875,62.94891357421875,62.80017077293342,62.83735363616768,2757900.0
2016-08-01,,,,,,BND,,,,,,62.751461029052734,62.92285453155939,62.74400765452836,62.78126884189124,3705700.0
2016-08-02,,,,,,BND,,,,,,62.69180679321289,62.781230176654994,62.632196889506965,62.729067957627635,4575700.0
2016-08-03,,,,,,BND,,,,,,62.69180679321289,62.729067957627635,62.58003467047961,62.69180679321289,3472400.0
2016-08-04,,,,,,BND,,,,,,62.80359649658203,62.878113154269954,62.773788696455554,62.79614312523628,1202000.0
2016-08-05,,,,,,BND,,,,,,62.594940185546875,62.78123465038481,62.58003912987243,62.78123465038481,2018700.0
2016-08-08,,,,,,BND,,,,,,62.602439880371094,62.64714876573386,62.50556304840498,62.565178685728725,1843100.0
2016-08-09,,,,,,BND,,,,,,62.781246185302734,62.781246185302734,62.63221286015256,62.63966054673023,2262700.0
2016-08-10,,,,,,BND,,,,,,62.863189697265625,62.88554411808096,62.7812196974397,62.825928539070375,1672200.0
2016-08-11,,,,,,BND,,,,,,62.69931411743164,62.88560872930546,62.65460522986525,62.88560872930546,1760100.0
2016-08-12,,,,,,BND,,,,,,62.84088897705078,62.94521348684241,62.825982226932325,62.90050460700582,1606000.0
2016-08-15,,,,,,BND,,,,,,62.736549377441406,62.83342048887372,62.72909600417491,62.75890381198286,1942500.0
2016-08-16,,,,,,BND,,,,,,62.706722259521484,62.76633785677916,62.67691446089265,62.75888448580788,2163100.0
2016-08-17,,,,,,BND,,,,,,62.80359649658203,62.84830535414348,62.7067254101134,62.73653321023988,2024600.0
2016-08-18,,,,,,BND,,,,,,62.87066650390625,62.900474304523776,62.773789730585115,62.833405331820174,1750900.0
2016-08-19,,,,,,BND,,,,,,62.74399185180664,62.78870640243206,62.65457412107089,62.758898597100966,1995100.0
2016-08-22,,,,,,BND,,,,,,62.83338928222656,62.85574370566553,62.76632601190964,62.811034858787586,1388100.0
2016-08-23,,,,,,BND,,,,,,62.863189697265625,62.93025295971163,62.83338190776033,62.92280527627621,1668300.0
2016-08-24,,,,,,BND,,,,,,62.855777740478516,62.93029442070905,62.83342330493518,62.91539335876625,2083300.0
2016-08-25,,,,,,BND,,,,,,62.788719177246094,62.87813692617452,62.78126580308248,62.83342805171031,1737800.0
2016-08-26,,,,,,BND,,,,,,62.632232666015625,62.96010722207945,62.632232666015625,62.87813716174881,2874500.0
2016-08-29,,,,,,BND,,,,,,62.84830093383789,62.84830093383789,62.72907542697401,62.76633659582556,1446800.0
2016-08-30,,,,,,BND,,,,,,62.7961540222168,62.86322300545396,62.76635190217533,62.86322300545396,4750700.0
2016-08-31,,,,,,BND,,,,,,62.751461029052734,62.85578553135801,62.751461029052734,62.81853002925411,1911900.0
2016-09-01,,,,,,BND,,,,,,62.83808135986328,62.86047995363856,62.64395071966294,62.64395071966294,3108600.0
2016-09-02,,,,,,BND,,,,,,62.74848175048828,62.81567753230909,62.67381787185778,62.81567753230909,1797500.0
2016-09-06,,,,,,BND,,,,,,62.93513488769531,62.97993206887953,62.73353617939049,62.793269551961394,4316100.0
2016-09-07,,,,,,BND,,,,,,62.94258499145508,63.01724883758232,62.92764880433784,63.01724883758232,1849500.0
2016-09-08,,,,,,BND,,,,,,62.703670501708984,62.875396814401725,62.62153854468636,62.845530130349175,3475600.0
2016-09-09,,,,,,BND,,,,,,62.4273796081543,62.57670726414335,62.3975129376595,62.502043436148824,2888900.0
2016-09-12,,,,,,BND,,,,,,62.44977569580078,62.479642365104205,62.35271329292818,62.3825799622316,3191000.0
2016-09-13,,,,,,BND,,,,,,62.27058029174805,62.54683700914427,62.18844837671549,62.54683700914427,2669800.0
2016-09-14,,,,,,BND,,,,,,62.35274887084961,62.41994464276009,62.2706169075226,62.285547402451165,2124500.0
2016-09-15,,,,,,BND,,,,,,62.40501403808594,62.42741262868338,62.270616798013364,62.32288207490337,1817200.0
2016-09-16,,,,,,BND,,,,,,62.457279205322266,62.48714589156239,62.3826153379659,62.457279205322266,1307800.0
2016-09-19,,,,,,BND,,,,,,62.412452697753906,62.472186047618536,62.390054115676115,62.449787465540744,1558100.0
2016-09-20,,,,,,BND,,,,,,62.4273796081543,62.539378198388555,62.4273796081543,62.46471437039403,1260900.0
2016-09-21,,,,,,BND,,,,,,62.6065788269043,62.6065788269043,62.36765114076032,62.38258732541734,1979800.0
2016-09-22,,,,,,BND,,,,,,62.733524322509766,62.793257683790834,62.65139807135687,62.673796657715556,1473900.0
2016-09-23,,,,,,BND,,,,,,62.71857452392578,62.77830786681928,62.70364403644496,62.74097310338957,1441500.0
2016-09-26,,,,,,BND,,,,,,62.8231315612793,62.845530150203906,62.75593579450548,62.778334383430085,1709200.0
2016-09-27,,,,,,BND,,,,,,62.89776611328125,62.92016469176828,62.81563419450557,62.912702296595846,2458100.0
2016-09-28,,,,,,BND,,,,,,62.89776611328125,62.94256896674017,62.852968956307194,62.89776611328125,2284600.0
2016-09-29,,,,,,BND,,,,,,62.905277252197266,62.95007443982688,62.80074668340233,62.82314527721714,2886200.0
2016-09-30,,,,,,BND,,,,,,62.8231315612793,62.92766210725247,62.73353150909335,62.90526351832787,1663600.0
2016-10-03,,,,,,BND,,,,,,62.75654602050781,62.84631784007218,62.719139668837336,62.801429076586025,1509200.0
2016-10-04,,,,,,BND,,,,,,62.54710006713867,62.72663804455179,62.539617653418716,62.719155630831835,1815500.0
2016-10-05,,,,,,BND,,,,,,62.44234085083008,62.59195481307556,62.419899327233935,62.584478110148055,2666100.0
2016-10-06,,,,,,BND,,,,,,62.419883728027344,62.50964979997868,62.37499498464629,62.434842837550775,1148500.0
2016-10-07,,,,,,BND,,,,,,62.4722785949707,62.48723771153941,62.32265889224326,62.479755299551016,1783300.0
2016-10-10,,,,,,BND,,,,,,62.40495300292969,62.41243541548174,62.32266358708266,62.37502906013,1425500.0
2016-10-11,,,,,,BND,,,,,,62.307682037353516,62.41241294574293,62.30019962749528,62.375006603858225,1476700.0
2016-10-12,,,,,,BND,,,,,,62.345130920410156,62.360095751707824,62.26284717791646,62.31521267263656,1286400.0
2016-10-13,,,,,,BND,,,,,,62.419883728027344,62.49469069045526,62.41240131956294,62.47972587352644,1625500.0
2016-10-14,,,,,,BND,,,,,,62.292762756347656,62.43490011053034,62.28528604843008,62.34512824882381,1379900.0
2016-10-17,,,,,,BND,,,,,,62.427364349365234,62.4423291672338,62.30019193451115,62.33759827177682,1008900.0
2016-10-18,,,,,,BND,,,,,,62.50967788696289,62.517160298789314,62.36754630670861,62.37502301112708,1167300.0
2016-10-19,,,,,,BND,,,,,,62.55457305908203,62.55457305908203,62.46480123019193,62.47228364278491,1546400.0
2016-10-20,,,,,,BND,,,,,,62.51715087890625,62.59944027437392,62.48722694351736,62.562033928286034,1283200.0
2016-10-21,,,,,,BND,,,,,,62.569549560546875,62.577031975218695,62.487260121387294,62.53962560926975,1018800.0
2016-10-24,,,,,,BND,,,,,,62.479801177978516,62.577055483016444,62.42743567042435,62.577055483016444,1453900.0
2016-10-25,,,,,,BND,,,,,,62.479801177978516,62.53964910301535,62.43491808790702,62.44988292287236,1462100.0
2016-10-26,,,,,,BND,,,,,,62.367530822753906,62.42737298028443,62.34508359284761,62.3824899352849,1144500.0
2016-10-27,,,,,,BND,,,,,,62.19551467895508,62.24039775645825,62.10574281653807,62.217956217706664,1848200.0
2016-10-28,,,,,,BND,,,,,,62.16556167602539,62.22540955633761,62.14312014776031,62.15807926413436,1574400.0
2016-10-31,,,,,,BND,,,,,,62.23289108276367,62.27777413865523,62.19548473124876,62.24785019892489,1664700.0
2016-11-01,,,,,,BND,,,,,,62.212650299072266,62.265118570579986,62.085228170926754,62.13019934118689,1623500.0
2016-11-02,,,,,,BND,,,,,,62.27260208129883,62.362544402189855,62.2126367216305,62.25760788207602,3138400.0
2016-11-03,,,,,,BND,,,,,,62.23509979248047,62.31005360565062,62.22011131729018,62.25758536457057,2335700.0
2016-11-04,,,,,,BND,,,,,,62.34755325317383,62.39252441169462,62.27259941610209,62.27259941610209,1047000.0
2016-11-07,,,,,,BND,,,,,,62.265132904052734,62.332595393585535,62.2576358010793,62.332595393585535,1290000.0
2016-11-08,,,,,,BND,,,,,,62.15270233154297,62.31010719014575,62.13771384346312,62.30261580541298,2509100.0
2016-11-09,,,,,,BND,,,,,,61.538055419921875,61.92032753084672,61.47809004593115,61.83787657126268,3448800.0
2016-11-10,,,,,,BND,,,,,,61.275760650634766,61.53810221306084,61.26826354353197,61.45565119078162,2836000.0
2016-11-11,,,,,,BND,,,,,,61.16328811645508,61.335687158746026,61.14080252802877,61.25323618877386,1580900.0
2016-11-14,,,,,,BND,,,,,,60.93092346191406,61.08832828414271,60.87095808622325,61.0433571116811,2079400.0
2016-11-15,,,,,,BND,,,,,,61.01335906982422,61.11079849184142,60.9908734892519,61.03584465039653,2098100.0
2016-11-16,,,,,,BND,,,,,,61.14079666137695,61.1482937630042,61.02836301142022,61.065842800943464,1629100.0
2016-11-17,,,,,,BND,,,,,,60.89342498779297,61.07332105966573,60.878436507775845,61.04333838102027,1762200.0
2016-11-18,,,,,,BND,,,,,,60.74354553222656,60.97590425140953,60.713562839652326,60.92343596905809,1561600.0
2016-11-21,,,,,,BND,,,,,,60.73603439331055,60.82598245024623,60.71354880872977,60.788502663536555,2074000.0
2016-11-22,,,,,,BND,,,,,,60.78852081298828,60.878468896779495,60.76603522169405,60.85598330548526,1866900.0
2016-11-23,,,,,,BND,,,,,,60.63112258911133,60.71357357862087,60.48870620384668,60.63112258911133,1642900.0
2016-11-25,,,,,,BND,,,,,,60.653587341308594,60.706055614911634,60.57863348167753,60.64609595837454,942700.0
2016-11-28,,,,,,BND,,,,,,60.79601287841797,60.81849846784893,60.7135619047619,60.72105900744349,1352600.0
2016-11-29,,,,,,BND,,,,,,60.840972900390625,60.89344117231262,60.713550771239035,60.72104787254582,1583600.0
2016-11-30,,,,,,BND,,,,,,60.63112258911133,60.74355627649842,60.563665807848004,60.66110528698888,2372200.0
2016-12-01,,,,,,BND,,,,,,60.40576171875,60.473352136772554,60.28559333567361,60.44331577094734,2998200.0
2016-12-02,,,,,,BND,,,,,,60.62360382080078,60.736260324020286,60.54098943376967,60.5485013953037,1951400.0
2016-12-05,,,,,,BND,,,,,,60.69869613647461,60.76629231912677,60.4884070881289,60.53346738993246,2479500.0
2016-12-06,,,,,,BND,,,,,,60.6911735534668,60.74374580635155,60.66113144754039,60.721215659393195,2337800.0
2016-12-07,,,,,,BND,,,,,,60.833866119384766,60.87892640885369,60.758763726954825,60.781293871689286,4273100.0
2016-12-08,,,,,,BND,,,,,,60.713748931884766,60.75881498932128,60.66868860439834,60.751303024756844,2323000.0
2016-12-09,,,,,,BND,,,,,,60.533470153808594,60.72122905982534,60.480897889321795,60.683680716590246,2697000.0
2016-12-12,,,,,,BND,,,,,,60.465850830078125,60.52592929656071,60.4057666336512,60.45833887303868,3464800.0
2016-12-13,,,,,,BND,,,,,,60.533470153808594,60.60857257022588,60.443349546086694,60.57102422699078,4372500.0
2016-12-14,,,,,,BND,,,,,,60.22554016113281,60.66864836740225,60.2180282015505,60.65363017818392,2971300.0
2016-12-15,,,,,,BND,,,,,,60.13541793823242,60.27811653029933,60.12790597813767,60.23305049967749,2651200.0
2016-12-16,,,,,,BND,,,,,,60.187992095947266,60.28562466046942,60.10537772214126,60.19550405627877,3080100.0
2016-12-19,,,,,,BND,,,,,,60.3456916809082,60.38324574191361,60.26307733065249,60.33817972271808,2936800.0
2016-12-20,,,,,,BND,,,,,,60.35322189331055,60.360733853772714,60.233053445703725,60.25558932709022,5853400.0
2016-12-21,,,,,,BND,,,,,,60.44331359863281,60.45833178100567,60.37571745309575,60.41327150394341,2752300.0
2016-12-22,,,,,,BND,,,,,,60.40194320678711,60.447118587883836,60.364293226152824,60.364293226152824,2851500.0
2016-12-23,,,,,,BND,,,,,,60.432029724121094,60.507323900542815,60.432029724121094,60.507323900542815,2096800.0
2016-12-27,,,,,,BND,,,,,,60.38687515258789,60.38687515258789,60.32664323173507,60.3341686314792,2178300.0
2016-12-28,,,,,,BND,,,,,,60.53744888305664,60.59015538637538,60.371798231318294,60.41697359285493,4097100.0
2016-12-29,,,,,,BND,,,,,,60.70307922363281,60.72566689684333,60.59766625226636,60.64284159868738,3115800.0
2016-12-30,,,,,,BND,,,,,,60.83114242553711,60.86126126898334,60.70314164932713,60.71066705175218,2338200.0
2017-01-03,,,,,,BND,,,,,,60.838653564453125,60.86876665341402,60.61276518518561,60.650415163256895,3312600.0
2017-01-04,,,,,,BND,,,,,,60.88384246826172,60.898899016087086,60.801017093768706,60.86878017585496,3095000.0
2017-01-05,,,,,,BND,,,,,,61.19253158569336,61.2000627295655,60.91394245279988,60.97418011461778,3890400.0
2017-01-06,,,,,,BND,,,,,,60.95155334472656,61.087085137396095,60.95155334472656,61.064497462713916,2287900.0
2017-01-09,,,,,,BND,,,,,,61.102210998535156,61.124798696721605,61.05702985757982,61.117267549131974,1785900.0
2017-01-10,,,,,,BND,,,,,,61.08715057373047,61.12480056824895,61.03444402815417,61.094681721550685,2250700.0
2017-01-11,,,,,,BND,,,,,,61.11722183227539,61.312991311089334,61.03439650449173,61.094634150984966,2327600.0
2017-01-12,,,,,,BND,,,,,,61.13227081298828,61.30544682824823,61.10215199629592,61.267802615815455,2981200.0
2017-01-13,,,,,,BND,,,,,,61.03440475463867,61.10217355224855,60.921466332920424,61.079585867904896,2425000.0
2017-01-17,,,,,,BND,,,,,,61.222633361816406,61.290402148628104,61.147339177808526,61.245221042560964,2188600.0
2017-01-18,,,,,,BND,,,,,,60.90642547607422,61.14737043481126,60.8988943304503,61.14737043481126,1981700.0
2017-01-19,,,,,,BND,,,,,,60.8010139465332,60.86877702511184,60.71818857632747,60.82360163939275,2121300.0
2017-01-20,,,,,,BND,,,,,,60.84616470336914,60.87628352985095,60.70310745830403,60.74075168297221,1836300.0
2017-01-23,,,,,,BND,,,,,,61.011810302734375,61.13228559864237,60.853690785288855,60.853690785288855,1490200.0
2017-01-24,,,,,,BND,,,,,,60.92147445678711,61.0268874941669,60.85370565014027,60.966649831498536,2136000.0
2017-01-25,,,,,,BND,,,,,,60.740745544433594,60.831102014747465,60.70310132356979,60.79345204930547,1897400.0
2017-01-26,,,,,,BND,,,,,,60.76335525512695,60.78594868933013,60.62782337280926,60.70312333099263,2381600.0
2017-01-27,,,,,,BND,,,,,,60.83114242553711,60.8687866714084,60.79349243508382,60.79349243508382,1768700.0
2017-01-30,,,,,,BND,,,,,,60.81605911254883,60.906415611658915,60.801002568320484,60.823590256953004,2699500.0
2017-01-31,,,,,,BND,,,,,,60.94404983520508,61.00428174112864,60.83863681911567,60.83863681911567,2857600.0
2017-02-01,,,,,,BND,,,,,,60.836917877197266,60.92746230839579,60.73883239412831,60.784101731463494,2313400.0
2017-02-02,,,,,,BND,,,,,,60.87462615966797,61.00289307765545,60.86707935374922,60.957623755195456,1745400.0
2017-02-03,,,,,,BND,,,,,,60.88973617553711,61.0708250443361,60.82183216713374,61.010462088069765,2398900.0
2017-02-06,,,,,,BND,,,,,,61.07832717895508,61.123602245570915,60.965153903727206,61.08587398281183,3238100.0
2017-02-07,,,,,,BND,,,,,,61.176456451416016,61.22927259825022,61.040642680052606,61.08591201833099,5239300.0
2017-02-08,,,,,,BND,,,,,,61.342430114746094,61.38015263119451,61.17643492409956,61.17643492409956,2172700.0
2017-02-09,,,,,,BND,,,,,,61.176456451416016,61.282088745084415,61.13872816516519,61.221725789694396,3410400.0
2017-02-10,,,,,,BND,,,,,,61.161338806152344,61.183973466399166,61.070800165165046,61.07834121422999,2011900.0
2017-02-13,,,,,,BND,,,,,,61.09344482421875,61.123626294996136,61.02553507583788,61.10099163104483,1863000.0
2017-02-14,,,,,,BND,,,,,,60.96519088745117,61.093457848204,60.85955859547494,61.0708231794274,2178300.0
2017-02-15,,,,,,BND,,,,,,60.867088317871094,60.904816596494975,60.814272181713925,60.82181898874412,1503700.0
2017-02-16,,,,,,BND,,,,,,60.980281829833984,61.070826266044804,60.91237782007222,60.91991887236011,3290700.0
2017-02-17,,,,,,BND,,,,,,61.12367248535156,61.153853978936716,61.0859441792373,61.116125672822456,1520000.0
2017-02-21,,,,,,BND,,,,,,61.116065979003906,61.176428907216,61.04061519700163,61.07079666110768,1811300.0
2017-02-22,,,,,,BND,,,,,,61.15377426147461,61.244312867676484,61.02550164181564,61.244312867676484,1965800.0
2017-02-23,,,,,,BND,,,,,,61.266963958740234,61.266963958740234,61.21414783877595,61.2443293011163,1590500.0
2017-02-24,,,,,,BND,,,,,,61.49338912963867,61.50847699900516,61.35757527921378,61.38775677447838,1703800.0
2017-02-27,,,,,,BND,,,,,,61.365081787109375,61.47071407288957,61.3349003116682,61.463167264897315,2005600.0
2017-02-28,,,,,,BND,,,,,,61.31979751586914,61.42543554236275,61.31225646553365,61.36507260051697,1975700.0
2017-03-01,,,,,,BND,,,,,,61.06882858276367,61.09150734406916,61.01590955047023,61.06882858276367,2954300.0
2017-03-02,,,,,,BND,,,,,,60.95542907714844,61.02347112888347,60.88739279315536,61.01590961919248,2077300.0
2017-03-03,,,,,,BND,,,,,,61.00079345703125,61.00079345703126,60.8798323707828,60.9629916756431,2242600.0
2017-03-06,,,,,,BND,,,,,,60.96300506591797,61.023485622326504,60.91008602099633,61.023485622326504,1880900.0
2017-03-07,,,,,,BND,,,,,,60.849571228027344,60.95540925832163,60.849571228027344,60.932730504364294,1644800.0
2017-03-08,,,,,,BND,,,,,,60.705936431884766,60.743732432090574,60.63789440313031,60.660573156801796,2172700.0
2017-03-09,,,,,,BND,,,,,,60.51697540283203,60.61525198356426,60.49429086782294,60.60013472796832,2761300.0
2017-03-10,,,,,,BND,,,,,,60.63789749145508,60.65302050649963,60.55473821193095,60.58497847427976,3430900.0
2017-03-13,,,,,,BND,,,,,,60.51697540283203,60.63793075082989,60.50185237949264,60.569894449032994,2164600.0
2017-03-14,,,,,,BND,,,,,,60.50939178466797,60.584989570515674,60.49426876685362,60.501830275760796,3620700.0
2017-03-15,,,,,,BND,,,,,,60.88739776611328,60.89495927642186,60.57743928862829,60.600123819554014,2281200.0
2017-03-16,,,,,,BND,,,,,,60.79669189453125,60.87985122514581,60.789136150107254,60.84205519979436,2617800.0
2017-03-17,,,,,,BND,,,,,,60.9175910949707,60.940269840677196,60.834431848888244,60.834431848888244,1293000.0
2017-03-20,,,,,,BND,,,,,,61.03855514526367,61.046116650837455,60.910038389203436,60.92515563261219,1510900.0
2017-03-21,,,,,,BND,,,,,,61.18223571777344,61.18223571777344,60.97812107305818,61.0083555800405,2079000.0
2017-03-22,,,,,,BND,,,,,,61.2653694152832,61.31828843198994,61.19732738366583,61.23512915320217,1339600.0
2017-03-23,,,,,,BND,,,,,,61.2351188659668,61.31071662459915,61.15195960114943,61.288037873783374,1790300.0
2017-03-24,,,,,,BND,,,,,,61.220035552978516,61.28807184313545,61.182233768840796,61.18979527921683,3736700.0
2017-03-27,,,,,,BND,,,,,,61.348548889160156,61.40146792328711,61.30318559723553,61.38634490339818,1870300.0
2017-03-28,,,,,,BND,,,,,,61.2351188659668,61.40899890178655,61.204878608966006,61.40899890178655,1990800.0
2017-03-29,,,,,,BND,,,,,,61.35611343383789,61.35611343383789,61.25783110292518,61.2729541235621,1356800.0
2017-03-30,,,,,,BND,,,,,,61.2578010559082,61.31828157330528,61.21244355173019,61.310720066695744,1403500.0
2017-03-31,,,,,,BND,,,,,,61.295589447021484,61.31070668920249,61.24267044778043,61.24267044778043,2399400.0
2017-04-03,,,,,,BND,,,,,,61.51832962036133,61.51832962036133,61.29862637855725,61.344081424428005,2142600.0
2017-04-04,,,,,,BND,,,,,,61.4501838684082,61.503216713745545,61.427456331856,61.503216713745545,1983200.0
2017-04-05,,,,,,BND,,,,,,61.5031623840332,61.54861741698424,61.38194125597508,61.41982430352862,2050500.0
2017-04-06,,,,,,BND,,,,,,61.52589416503906,61.541049697167566,61.412250794643015,61.50316664698824,1855300.0
2017-04-07,,,,,,BND,,,,,,61.389530181884766,61.63954446885011,61.374380428194094,61.59408942763553,1608200.0
2017-04-10,,,,,,BND,,,,,,61.4501838684082,61.51079448597849,61.41987855962306,61.457761640641145,1481700.0
2017-04-11,,,,,,BND,,,,,,61.64714813232422,61.677453432578695,61.54108247150605,61.54865446146092,1340500.0
2017-04-12,,,,,,BND,,,,,,61.791107177734375,61.791107177734375,61.61685888106692,61.63958641714124,1801600.0
2017-04-13,,,,,,BND,,,,,,61.88200759887695,61.91989066960764,61.76078639665478,61.82897476794101,1393500.0
2017-04-17,,,,,,BND,,,,,,61.8441162109375,61.91988234220935,61.77593362896597,61.88957704572946,1494600.0
2017-04-18,,,,,,BND,,,,,,62.06380844116211,62.10169149652266,61.912287780005336,61.912287780005336,1782800.0
2017-04-19,,,,,,BND,,,,,,61.950218200683594,61.995679062144475,61.91234089297181,61.995679062144475,1437000.0
2017-04-20,,,,,,BND,,,,,,61.866886138916016,61.927490987604976,61.806275510079345,61.927490987604976,1425700.0
2017-04-21,,,,,,BND,,,,,,61.88200759887695,61.965345730368426,61.866857838671706,61.91989066960764,1241700.0
2017-04-24,,,,,,BND,,,,,,61.79865646362305,61.81380622064045,61.69259082406966,61.730473886828946,2665700.0
2017-04-25,,,,,,BND,,,,,,61.60927200317383,61.71533767594188,61.57138892855139,61.677460381465096,1670900.0
2017-04-26,,,,,,BND,,,,,,61.66987991333008,61.68502967442908,61.5638142452009,61.5865417769221,1876200.0
2017-04-27,,,,,,BND,,,,,,61.71527862548828,61.76831141112944,61.64709609258113,61.68497335081617,1543100.0
2017-04-28,,,,,,BND,,,,,,61.78352355957031,61.81382308187006,61.63957481799211,61.66988012043728,2100000.0
2017-05-01,,,,,,BND,,,,,,61.66810607910156,61.80475851607211,61.599776964578545,61.75161043140116,1478100.0
2017-05-02,,,,,,BND,,,,,,61.774417877197266,61.78200549942806,61.64535300225927,61.67572086741656,1664300.0
2017-05-03,,,,,,BND,,,,,,61.70606994628906,61.83512898985726,61.66052105845941,61.79717351402464,2948400.0
2017-05-04,,,,,,BND,,,,,,61.63774108886719,61.64532870810773,61.56181855985567,61.599779824361434,1216100.0
2017-05-05,,,,,,BND,,,,,,61.675750732421875,61.675750732421875,61.56946604894456,61.64538285255966,1658900.0
2017-05-08,,,,,,BND,,,,,,61.569393157958984,61.65290328069359,61.539025314048764,61.637722254775476,1832300.0
2017-05-09,,,,,,BND,,,,,,61.5390625,61.56943036226048,61.49351360264802,61.53147487849299,2532200.0
2017-05-10,,,,,,BND,,,,,,61.53146743774414,61.645339667353994,61.50109957915592,61.59979077551005,1845500.0
2017-05-11,,,,,,BND,,,,,,61.57705307006836,61.57705307006836,61.44040052092483,61.493542857142856,1421500.0
2017-05-12,,,,,,BND,,,,,,61.75920486450195,61.78197930569472,61.683288129834196,61.713655982116414,1510300.0
2017-05-15,,,,,,BND,,,,,,61.74404525756836,61.78959415575788,61.7212708084736,61.7212708084736,1823500.0
2017-05-16,,,,,,BND,,,,,,61.804725646972656,61.88064234000981,61.76676440441787,61.76676440441787,1760600.0
2017-05-17,,,,,,BND,,,,,,62.1388053894043,62.153992214286156,61.97178506816354,61.97178506816354,1987100.0
2017-05-18,,,,,,BND,,,,,,62.08568572998047,62.16919592105817,62.05531786121779,62.15401488271619,1881800.0
2017-05-19,,,,,,BND,,,,,,62.123634338378906,62.123634338378906,62.02493733701843,62.108447511056895,1394700.0
2017-05-22,,,,,,BND,,,,,,62.07051086425781,62.10087873604044,62.05532403232685,62.10087873604044,1570700.0
2017-05-23,,,,,,BND,,,,,,61.941429138183594,62.131223941218224,61.93384151635818,62.131223941218224,1679500.0
2017-05-24,,,,,,BND,,,,,,62.07051086425781,62.07809848814399,61.93385833727565,61.971813832944456,1568700.0
2017-05-25,,,,,,BND,,,,,,62.07051086425781,62.093285320074955,62.01736853665805,62.07809848814399,1108400.0
2017-05-26,,,,,,BND,,,,,,62.10084915161133,62.10843677188282,62.0477068493282,62.07806891456724,952700.0
2017-05-30,,,,,,BND,,,,,,62.19192123413086,62.19192123413086,62.11600451824854,62.15396577222677,1283300.0
2017-05-31,,,,,,BND,,,,,,62.22233581542969,62.26029709792146,62.176786910102365,62.19196794785197,2290100.0
2017-06-01,,,,,,BND,,,,,,62.23905563354492,62.24666501542831,62.14776626797518,62.16297922748422,1710900.0
2017-06-02,,,,,,BND,,,,,,62.444461822509766,62.467284161529456,62.36077604326613,62.375989001193545,1795200.0
2017-06-05,,,,,,BND,,,,,,62.345550537109375,62.391201014467846,62.33033758082755,62.36837867791686,1916200.0
2017-06-06,,,,,,BND,,,,,,62.459686279296875,62.497727387504504,62.42165097534743,62.46729566179004,3262500.0
2017-06-07,,,,,,BND,,,,,,62.376014709472656,62.45970052320741,62.36080174527521,62.444487559009964,1743500.0
2017-06-08,,,,,,BND,,,,,,62.33039474487305,62.36082648960255,62.23909951068452,62.36082648960255,1827800.0
2017-06-09,,,,,,BND,,,,,,62.277103424072266,62.31514453331514,62.20863058828675,62.23145873638749,1404500.0
2017-06-12,,,,,,BND,,,,,,62.26188659667969,62.345572396212205,62.208632524637046,62.22385129051125,2053900.0
2017-06-13,,,,,,BND,,,,,,62.277103424072266,62.29992576791465,62.22384935368724,62.23906231482938,1515100.0
2017-06-14,,,,,,BND,,,,,,62.50532913208008,62.63465959736922,62.444465688088435,62.54336443138175,2472800.0
2017-06-15,,,,,,BND,,,,,,62.43687438964844,62.48251908373316,62.4064426588389,62.48251908373316,2063400.0
2017-06-16,,,,,,BND,,,,,,62.50532913208008,62.51293270938592,62.43685630652511,62.444465688088435,1376200.0
2017-06-19,,,,,,BND,,,,,,62.414066314697266,62.490142756987765,62.39124396243617,62.45971101921947,1776500.0
2017-06-20,,,,,,BND,,,,,,62.50532913208008,62.54336443138175,62.444465688088435,62.46728802852093,1864100.0
2017-06-21,,,,,,BND,,,,,,62.53577423095703,62.55860238264892,62.45969780476185,62.497738919989075,1249600.0
2017-06-22,,,,,,BND,,,,,,62.55855941772461,62.588985323898896,62.505305375536686,62.56616299214054,1195100.0
2017-06-23,,,,,,BND,,,,,,62.57382583618164,62.59664818744025,62.52818113366442,62.55861287009598,1356000.0
2017-06-26,,,,,,BND,,,,,,62.642250061035156,62.680291156630716,62.619427725380326,62.649859441005525,4665500.0
2017-06-27,,,,,,BND,,,,,,62.42927932739258,62.52818392627745,62.41406636062748,62.52818392627745,2374200.0
2017-06-28,,,,,,BND,,,,,,62.42927932739258,62.459711065183264,62.345593499533294,62.44449809841817,1604300.0
2017-06-29,,,,,,BND,,,,,,62.2999153137207,62.36077875659282,62.22383891225925,62.261874210861286,1548100.0
2017-06-30,,,,,,BND,,,,,,62.25428771972656,62.307541795791195,62.20103364366193,62.284719449514775,1978100.0
2017-07-03,,,,,,BND,,,,,,62.26112365722656,62.3909920868978,62.20764807863247,62.38335688167074,1092500.0
2017-07-05,,,,,,BND,,,,,,62.299346923828125,62.322264205112845,62.22294821500814,62.253506532855496,1917100.0
2017-07-06,,,,,,BND,,,,,,62.154197692871094,62.207673293140346,62.10836312932697,62.192397048093405,1827500.0
2017-07-07,,,,,,BND,,,,,,62.13889694213867,62.17709628587928,62.11597966725492,62.154179010995534,2441500.0
2017-07-10,,,,,,BND,,,,,,62.16944122314453,62.22291679527389,62.15416498613624,62.19236432125731,2228800.0
2017-07-11,,,,,,BND,,,,,,62.23057174682617,62.26113005607783,62.16181992231109,62.20001343757451,1931500.0
2017-07-12,,,,,,BND,,,,,,62.375736236572266,62.429211832645734,62.345177920472736,62.41392976039455,1378800.0
2017-07-13,,,,,,BND,,,,,,62.35282897949219,62.37574626314996,62.261154016457326,62.368105225796114,1321400.0
2017-07-14,,,,,,BND,,,,,,62.375736236572266,62.52852198866708,62.360454164321084,62.47504639259361,1201700.0
2017-07-17,,,,,,BND,,,,,,62.45979309082031,62.48271037921199,62.38340018671307,62.42923476349642,1432500.0
2017-07-18,,,,,,BND,,,,,,62.6049690246582,62.62025111013001,62.54385816799461,62.566775467794436,1607300.0
2017-07-19,,,,,,BND,,,,,,62.61256408691406,62.64312240700884,62.58964680394388,62.62020512403866,1589100.0
2017-07-20,,,,,,BND,,,,,,62.650760650634766,62.711871459695885,62.62020233190253,62.658395859015314,1646800.0
2017-07-21,,,,,,BND,,,,,,62.719505310058594,62.76534569710621,62.688946994827745,62.688946994827745,1942000.0
2017-07-24,,,,,,BND,,,,,,62.68896484375,62.71952316768148,62.64313027205496,62.71188212959753,1417400.0
2017-07-25,,,,,,BND,,,,,,62.452144622802734,62.574377917557875,62.44450358477946,62.5667368795346,1385000.0
2017-07-26,,,,,,BND,,,,,,62.6049690246582,62.64316840992985,62.43690688332345,62.45982418312329,1583000.0
2017-07-27,,,,,,BND,,,,,,62.52848434448242,62.56668367371031,62.48264981212843,62.52848434448242,1224000.0
2017-07-28,,,,,,BND,,,,,,62.643104553222656,62.643104553222656,62.52087130768099,62.52087130768099,1867100.0
2017-07-31,,,,,,BND,,,,,,62.6355094909668,62.64315053152195,62.57439865174429,62.61259219770758,2561600.0
2017-08-01,,,,,,BND,,,,,,62.89017105102539,62.89783824081246,62.7137261880399,62.721399230643605,1783600.0
2017-08-02,,,,,,BND,,,,,,62.851844787597656,62.92855769558062,62.851844787597656,62.88253112135479,1336600.0
2017-08-03,,,,,,BND,,,,,,62.982234954833984,63.028267365535896,62.90552207408765,62.93620839694971,1904800.0
2017-08-04,,,,,,BND,,,,,,62.88252639770508,62.91321272915709,62.790467403349034,62.91321272915709,1046700.0
2017-08-07,,,,,,BND,,,,,,62.9055290222168,62.91320206698423,62.8364891777647,62.87484269596533,1257900.0
2017-08-08,,,,,,BND,,,,,,62.821102142333984,62.89781498155319,62.78274279631715,62.89781498155319,1929000.0
2017-08-09,,,,,,BND,,,,,,62.867183685302734,62.98225597122924,62.867183685302734,62.97458292474892,1808600.0
2017-08-10,,,,,,BND,,,,,,62.959232330322266,62.96690537554068,62.85950615375739,62.89019248181241,1376700.0
2017-08-11,,,,,,BND,,,,,,63.01288986206055,63.02056290215501,62.86713136433936,62.88247744452828,1153400.0
2017-08-14,,,,,,BND,,,,,,62.966854095458984,63.01288062364831,62.92849475342531,62.974521281614635,2082000.0
2017-08-15,,,,,,BND,,,,,,62.85948944091797,62.897842951175505,62.81345703466503,62.8288031210217,1419600.0
2017-08-16,,,,,,BND,,,,,,62.95154571533203,63.00524531464825,62.821133238823705,62.8441465166996,1594800.0
2017-08-17,,,,,,BND,,,,,,63.06660461425781,63.06660461425782,62.91317889233453,62.94386520728241,1723600.0
2017-08-18,,,,,,BND,,,,,,63.03593444824219,63.1356664605768,62.98223484653033,63.104980137767505,1663100.0
2017-08-21,,,,,,BND,,,,,,63.06660461425781,63.1049639711467,63.035918299309934,63.07427765619882,1258400.0
2017-08-22,,,,,,BND,,,,,,62.989898681640625,63.05893850825505,62.98222563885565,63.05127131828685,1157400.0
2017-08-23,,,,,,BND,,,,,,63.17401885986328,63.17401885986328,63.05894661456312,63.08196574587717,1237800.0
2017-08-24,,,,,,BND,,,,,,63.08193588256836,63.150975685374156,63.06658980229057,63.08193588256836,1540200.0
2017-08-25,,,,,,BND,,,,,,63.158668518066406,63.17400875033674,63.06660956599466,63.08962284080845,1453100.0
2017-08-28,,,,,,BND,,,,,,63.1893310546875,63.20467128118467,63.12028540341425,63.158644748878764,1408700.0
2017-08-29,,,,,,BND,,,,,,63.25839614868164,63.350455102920044,63.204696555246755,63.30442269939248,2054300.0
2017-08-30,,,,,,BND,,,,,,63.25072479248047,63.25839783540911,63.20469824054238,63.24305760236871,1150700.0
2017-08-31,,,,,,BND,,,,,,63.304405212402344,63.33509152200513,63.250705633801246,63.273724755614666,1696700.0
2017-09-01,,,,,,BND,,,,,,63.19989776611328,63.292151280285495,63.15377394162029,63.27677276199701,1471200.0
2017-09-05,,,,,,BND,,,,,,63.46126937866211,63.49201467982244,63.33057545539702,63.38438853020549,2008400.0
2017-09-06,,,,,,BND,,,,,,63.35362243652344,63.51506160796487,63.34593318116432,63.484310451711735,1586500.0
2017-09-07,,,,,,BND,,,,,,63.553504943847656,63.58425610435367,63.43050616700773,63.44587881466866,1899100.0
2017-09-08,,,,,,BND,,,,,,63.48432922363281,63.55351494677264,63.461267315919535,63.55351494677264,2702200.0
2017-09-11,,,,,,BND,,,,,,63.292118072509766,63.39974418331554,63.26905617236327,63.36130377294927,1423100.0
2017-09-12,,,,,,BND,,,,,,63.19989776611328,63.28446202114125,63.15377394162029,63.23833819664826,1604300.0
2017-09-13,,,,,,BND,,,,,,63.123016357421875,63.19989134549571,63.1153270990588,63.1845186939552,1594000.0
2017-09-14,,,,,,BND,,,,,,63.16142272949219,63.17679537274427,63.099920426118885,63.099920426118885,1325200.0
2017-09-15,,,,,,BND,,,,,,63.16911697387695,63.230619287819174,63.12299317101203,63.192178875309416,1536200.0
2017-09-18,,,,,,BND,,,,,,63.123016357421875,63.146078267325464,63.06920327925163,63.13070561578495,1756300.0
2017-09-19,,,,,,BND,,,,,,63.076881408691406,63.14606712619543,63.076881408691406,63.12300522036076,1220000.0
2017-09-20,,,,,,BND,,,,,,63.02305221557617,63.14605097028676,62.9538606505902,63.13836171524763,1672500.0
2017-09-21,,,,,,BND,,,,,,63.00768280029297,63.107619669494575,62.992310153178856,63.04612321585417,1168200.0
2017-09-22,,,,,,BND,,,,,,63.069190979003906,63.13069330354256,63.04612907359804,63.12300404667911,1394100.0
2017-09-25,,,,,,BND,,,,,,63.20754623413086,63.21523548831283,63.076858238949676,63.09223088213116,2626100.0
2017-09-26,,,,,,BND,,,,,,63.17683410644531,63.17683410644531,63.10764250643338,63.16914484751375,1446500.0
2017-09-27,,,,,,BND,,,,,,62.98463821411133,63.02307864024139,62.930825136640564,62.9769489558482,1511900.0
2017-09-28,,,,,,BND,,,,,,62.999996185302734,62.999996185302734,62.88468666415287,62.92312121614143,1198400.0
2017-09-29,,,,,,BND,,,,,,63.00768280029297,63.015372056442,62.90774593109136,62.99999354414394,3001200.0
2017-10-02,,,,,,BND,,,,,,62.98305892944336,63.013873263519486,62.92913531411846,62.97535387661601,3642600.0
2017-10-03,,,,,,BND,,,,,,63.01384735107422,63.02925157316114,62.9445136586059,62.952218708264795,2752100.0
2017-10-04,,,,,,BND,,,,,,63.01384735107422,63.07547011665278,62.967622930351716,63.06777094422475,2616700.0
2017-10-05,,,,,,BND,,,,,,62.96765899658203,63.02928767469076,62.92144042661761,63.02928767469076,2859800.0
2017-10-06,,,,,,BND,,,,,,62.898258209228516,62.95218177073912,62.79811025411783,62.85203381562843,1860000.0
2017-10-09,,,,,,BND,,,,,,62.95993423461914,62.96763340832833,62.898305581554546,62.90601063249558,987800.0
2017-10-10,,,,,,BND,,,,,,62.99075698852539,63.08319998911521,62.95224347953785,62.975352760377014,4719400.0
2017-10-11,,,,,,BND,,,,,,63.02157211303711,63.03698221861208,62.983058603566185,62.99846283190791,1249500.0
2017-10-12,,,,,,BND,,,,,,63.07546615600586,63.08317120518094,62.990728246771496,63.0600619348862,1723400.0
2017-10-13,,,,,,BND,,,,,,63.20643615722656,63.21413533010593,63.11399318759322,63.175621834015445,1772800.0
2017-10-16,,,,,,BND,,,,,,63.14478302001953,63.183296501172514,63.09856449174438,63.167892284157105,1471500.0
2017-10-17,,,,,,BND,,,,,,63.152496337890625,63.16790055692344,63.08316265916871,63.090867707299964,1381100.0
2017-10-18,,,,,,BND,,,,,,63.05236053466797,63.06006558428895,63.006141991403744,63.02925126303586,1522900.0
2017-10-19,,,,,,BND,,,,,,63.08318328857422,63.17562626469083,63.052368963202014,63.09859338987613,1515800.0
2017-10-20,,,,,,BND,,,,,,62.929107666015625,62.97532620820691,62.89058829603576,62.96762115876479,1935600.0
2017-10-23,,,,,,BND,,,,,,62.98305892944336,63.02927749194091,62.95994964819459,62.95994964819459,2649700.0
2017-10-24,,,,,,BND,,,,,,62.875213623046875,62.92143218695891,62.8520984638574,62.882912798876575,2287200.0
2017-10-25,,,,,,BND,,,,,,62.8212890625,62.82898823821406,62.75195534043988,62.79047472794365,1576700.0
2017-10-26,,,,,,BND,,,,,,62.74422836303711,62.85978060793812,62.72882413975825,62.85207555768304,1915600.0
2017-10-27,,,,,,BND,,,,,,62.882877349853516,62.882877349853516,62.76733100521048,62.79813944562853,1734400.0
2017-10-30,,,,,,BND,,,,,,63.02923583984375,63.044640058085484,62.94449794644073,62.97531226015359,1542600.0
2017-10-31,,,,,,BND,,,,,,62.99075698852539,63.05238565558527,62.99075698852539,63.044680602894495,1977100.0
2017-11-01,,,,,,BND,,,,,,63.0316162109375,63.08565410213882,62.931255920357614,62.98529381155893,1596000.0
2017-11-02,,,,,,BND,,,,,,63.093414306640625,63.14745223109286,63.06253465128334,63.09341430664063,2373200.0
2017-11-03,,,,,,BND,,,,,,63.14744186401367,63.147441864013665,63.0316446478576,63.1242777090296,1370500.0
2017-11-06,,,,,,BND,,,,,,63.19377899169922,63.21693726454033,63.14746244601701,63.19377899169922,1336700.0
2017-11-07,,,,,,BND,,,,,,63.216922760009766,63.216922760009766,63.14744795742679,63.15516345347492,2450800.0
2017-11-08,,,,,,BND,,,,,,63.17062759399414,63.224665533068894,63.147469318632616,63.19378586935566,2312700.0
2017-11-09,,,,,,BND,,,,,,63.10887908935547,63.13975875836438,63.04711975133764,63.10887908935547,2115800.0
2017-11-10,,,,,,BND,,,,,,62.85410690307617,62.95446726890747,62.85410690307617,62.93902449430596,1724400.0
2017-11-13,,,,,,BND,,,,,,62.86181640625,62.954455367266995,62.854095020408984,62.946733981425986,1698500.0
2017-11-14,,,,,,BND,,,,,,62.93904495239258,62.93904495239258,62.86957011318177,62.89272839291871,1659300.0
2017-11-15,,,,,,BND,,,,,,63.085689544677734,63.09341093052689,62.95445543370062,63.0239302372679,2859400.0
2017-11-16,,,,,,BND,,,,,,63.000797271728516,63.06255660394208,62.96991760562174,63.01623415993486,1637000.0
2017-11-17,,,,,,BND,,,,,,63.06252670288086,63.1011218499439,63.031647051415646,63.06252670288086,2257700.0
2017-11-20,,,,,,BND,,,,,,63.02391815185547,63.07023467868537,62.993038504072004,63.03163953622398,1528300.0
2017-11-21,,,,,,BND,,,,,,63.07792282104492,63.13968208406477,63.00072668711385,63.093365581643624,1925700.0
2017-11-22,,,,,,BND,,,,,,63.209197998046875,63.21691938337421,63.085685281266066,63.09340666659341,1631900.0
2017-11-24,,,,,,BND,,,,,,63.19377899169922,63.20921587702896,63.15517794383538,63.17833621667649,837000.0
2017-11-27,,,,,,BND,,,,,,63.17062759399414,63.21694414471718,63.1397479302809,63.20150725770738,1516900.0
2017-11-28,,,,,,BND,,,,,,63.17062759399414,63.26326069544022,63.17062759399414,63.224665533068894,1846700.0
2017-11-29,,,,,,BND,,,,,,63.01619338989258,63.06251580393024,62.993035127718876,63.03163615780189,1837400.0
2017-11-30,,,,,,BND,,,,,,62.92356872558594,63.054802821850295,62.884967690359446,63.03936594157434,3044100.0
2017-12-01,,,,,,BND,,,,,,63.09223937988281,63.28563148774352,62.92979071750287,63.045827162591046,2384800.0
2017-12-04,,,,,,BND,,,,,,63.099952697753906,63.10769003164357,63.01485973053708,63.05354049812892,1834000.0
2017-12-05,,,,,,BND,,,,,,63.17729949951172,63.18503683231978,63.05353168386111,63.11541264075857,1763900.0
2017-12-06,,,,,,BND,,,,,,63.2469482421875,63.316566558917366,63.231473570564425,63.23921090637596,1509300.0
2017-12-07,,,,,,BND,,,,,,63.16181945800781,63.27785582198738,63.099932610304755,63.16181945800781,1641000.0
2017-12-08,,,,,,BND,,,,,,63.13860321044922,63.18501538783432,63.09992246139252,63.130865880267145,1368300.0
2017-12-11,,,,,,BND,,,,,,63.09223937988281,63.20053848813611,63.07677060807181,63.16960094451411,1780800.0
2017-12-12,,,,,,BND,,,,,,63.084442138671875,63.084442138671875,63.01481798350357,63.07670480990815,2962800.0
2017-12-13,,,,,,BND,,,,,,63.26240921020508,63.316558750491936,63.092223254487145,63.13864136177392,2095400.0
2017-12-14,,,,,,BND,,,,,,63.285587310791016,63.293324642224796,63.138613424677,63.17728827813663,1998800.0
2017-12-15,,,,,,BND,,,,,,63.29334259033203,63.3010799239599,63.1773061933394,63.246930392277505,2781800.0
2017-12-18,,,,,,BND,,,,,,63.19277572631836,63.270131350743036,63.16183229617732,63.270131350743036,1946900.0
2017-12-19,,,,,,BND,,,,,,62.9994010925293,63.099962841835456,62.93751421517591,63.099962841835456,3307700.0
2017-12-20,,,,,,BND,,,,,,62.875614166259766,62.94523836416139,62.85240806757796,62.87561416625976,2325500.0
2017-12-21,,,,,,BND,,,,,,62.914306640625,62.952981511673514,62.867888532766536,62.89883197071974,3103400.0
2017-12-22,,,,,,BND,,,,,,62.945255279541016,62.96846138445903,62.90657450343912,62.92204327276519,2566700.0
2017-12-26,,,,,,BND,,,,,,63.008079528808594,63.03910342015579,62.95378919825156,63.000327993873476,1696400.0
2017-12-27,,,,,,BND,,,,,,63.20195388793945,63.225220319593866,63.0080590678856,63.07786428004915,1708000.0
2017-12-28,,,,,,BND,,,,,,63.16315841674805,63.186424841014194,63.11661965101732,63.17866739385933,2235000.0
2017-12-29,,,,,,BND,,,,,,63.263973236083984,63.263973236083984,63.17865908020229,63.20968294754087,2531500.0
2018-01-02,,,,,,BND,,,,,,63.08559799194336,63.20969348197928,62.992532291615056,63.17091216204339,3104500.0
2018-01-03,,,,,,BND,,,,,,63.139888763427734,63.155397739745865,63.046817153924515,63.155397739745865,2216700.0
2018-01-04,,,,,,BND,,,,,,63.10890197753906,63.10890197753906,63.01583031334523,63.07787808947445,2152400.0
2018-01-05,,,,,,BND,,,,,,63.02358627319336,63.10114303291868,62.97704748359699,63.093385581785704,4257400.0
2018-01-08,,,,,,BND,,,,,,63.031349182128906,63.07788798012393,62.984816301336416,63.07788798012393,2587300.0
2018-01-09,,,,,,BND,,,,,,62.84518051147461,63.00029989903546,62.829671531318326,62.96927602152329,2725200.0
2018-01-10,,,,,,BND,,,,,,62.85293197631836,62.86068942425776,62.68230362484568,62.728836478084034,3411400.0
2018-01-11,,,,,,BND,,,,,,62.85293197631836,62.914979725435515,62.7908842272012,62.82966554969918,3381600.0
2018-01-12,,,,,,BND,,,,,,62.84518051147461,62.9149857151769,62.77538122497193,62.82191408264038,2829100.0
2018-01-16,,,,,,BND,,,,,,62.8917121887207,62.969274839645145,62.84517933192563,62.938250962715266,4300500.0
2018-01-17,,,,,,BND,,,,,,62.82194137573242,62.91501304870406,62.80643238883823,62.85296526672297,3674600.0
2018-01-18,,,,,,BND,,,,,,62.69779968261719,62.74433844346376,62.66678173164989,62.68229070713354,2528400.0
2018-01-19,,,,,,BND,,,,,,62.56596374511719,62.666792813784085,62.5504547668909,62.64352047064635,2148300.0
2018-01-22,,,,,,BND,,,,,,62.51945114135742,62.63578922592892,62.51945114135743,62.612522792454776,5473200.0
2018-01-23,,,,,,BND,,,,,,62.68229293823242,62.71331680750178,62.604736223658016,62.65126906896305,2442900.0
2018-01-24,,,,,,BND,,,,,,62.61247253417969,62.62798150497999,62.53490992859007,62.604715090181514,1709700.0
2018-01-25,,,,,,BND,,,,,,62.78313446044922,62.7908919093377,62.558221697480924,62.612512005300815,2537700.0
2018-01-26,,,,,,BND,,,,,,62.66679763793945,62.72108794170908,62.60474988586007,62.713330493399326,1590200.0
2018-01-29,,,,,,BND,,,,,,62.581512451171875,62.61253634158445,62.465174341425225,62.558246012662956,2219700.0
2018-01-30,,,,,,BND,,,,,,62.46516799926758,62.52721577379295,62.42638666088886,62.488434435414234,2735100.0
2018-01-31,,,,,,BND,,,,,,62.480682373046875,62.597020481015356,62.37985916864857,62.597020481015356,3082600.0
2018-02-01,,,,,,BND,,,,,,62.30732345581055,62.50164518924774,62.29177439620751,62.47055300027034,2814300.0
2018-02-02,,,,,,BND,,,,,,62.12077713012695,62.26846356139822,62.08191633731774,62.214053707281856,3137600.0
2018-02-05,,,,,,BND,,,,,,62.392799377441406,62.5171680931153,62.02747961815955,62.08188944871019,4349200.0
2018-02-06,,,,,,BND,,,,,,62.190738677978516,62.37728590995522,62.19073867797851,62.36174277821949,3891500.0
2018-02-07,,,,,,BND,,,,,,62.05084228515625,62.26848176524741,62.02752461660806,62.26848176524741,3797200.0
2018-02-08,,,,,,BND,,,,,,62.004180908203125,62.0896829519699,61.887592603274925,61.949771055826915,4639800.0
2018-02-09,,,,,,BND,,,,,,61.848716735839844,62.04303845562446,61.833173607557505,61.879808922632776,3725500.0
2018-02-12,,,,,,BND,,,,,,61.864261627197266,61.98085584843652,61.83317536974667,61.93422053203219,5336200.0
2018-02-13,,,,,,BND,,,,,,61.918663024902344,61.934206150018305,61.8176119558539,61.88757084444337,2669400.0
2018-02-14,,,,,,BND,,,,,,61.71660232543945,61.825422054541356,61.677735594947144,61.7943298561936,3509700.0
2018-02-15,,,,,,BND,,,,,,61.77877426147461,61.872044907474894,61.755450669745265,61.77099973089816,1981200.0
2018-02-16,,,,,,BND,,,,,,61.91089630126953,61.96530614137449,61.86425505958828,61.93421395699625,1957800.0
2018-02-20,,,,,,BND,,,,,,61.848716735839844,61.864259864122175,61.747671576434016,61.864259864122175,2294300.0
2018-02-21,,,,,,BND,,,,,,61.615543365478516,61.864274990410486,61.58445710131302,61.8409573271715,2330100.0
2018-02-22,,,,,,BND,,,,,,61.69328308105469,61.76323607787481,61.662190883502305,61.68550854910902,2156000.0
2018-02-23,,,,,,BND,,,,,,61.85649108886719,61.88758327557154,61.77876358722043,61.78653218622534,1660600.0
2018-02-26,,,,,,BND,,,,,,61.88758850097656,62.00417679817656,61.87981397108698,61.94976694940698,2715300.0
2018-02-27,,,,,,BND,,,,,,61.75544738769531,61.91868286997905,61.66994534658629,61.89535927948926,3007200.0
2018-02-28,,,,,,BND,,,,,,61.83320999145508,61.840978595053315,61.763251047448676,61.771025581278664,1947700.0
2018-03-01,,,,,,BND,,,,,,61.93833541870117,61.99285836588753,61.79034795779852,61.86044634308574,2877400.0
2018-03-02,,,,,,BND,,,,,,61.82149124145508,61.88379892277255,61.751386928960834,61.82927598752335,4448000.0
2018-03-05,,,,,,BND,,,,,,61.782562255859375,61.92276498030949,61.735829995228016,61.89160815903657,2229100.0
2018-03-06,,,,,,BND,,,,,,61.80594253540039,61.89941302061733,61.798151842659635,61.82930867106528,1905000.0
2018-03-07,,,,,,BND,,,,,,61.79032516479492,61.922737138753035,61.76695904498506,61.876004899133314,2167700.0
2018-03-08,,,,,,BND,,,,,,61.86042022705078,61.91494315121882,61.813687989921895,61.813687989921895,1479700.0
2018-03-09,,,,,,BND,,,,,,61.782562255859375,61.81371907713229,61.71246386491234,61.75140543458646,2290800.0
2018-03-12,,,,,,BND,,,,,,61.84490203857422,61.85269273282437,61.76701292374832,61.79037906394023,2253900.0
2018-03-13,,,,,,BND,,,,,,61.86042022705078,61.907158406732705,61.82147867696106,61.8760016011291,2471700.0
2018-03-14,,,,,,BND,,,,,,61.992835998535156,62.03957418108546,61.84484859102716,61.84484859102716,1733800.0
2018-03-15,,,,,,BND,,,,,,62.0006217956543,62.023987913809705,61.92273275428528,61.95388955934347,1590100.0
2018-03-16,,,,,,BND,,,,,,61.94612121582031,61.96948734240367,61.89938896265361,61.93054577894977,1492000.0
2018-03-19,,,,,,BND,,,,,,61.899417877197266,61.96951628969179,61.860470352995065,61.883836490493245,1328100.0
2018-03-20,,,,,,BND,,,,,,61.82149124145508,61.84485736476841,61.78254374089669,61.80590986421002,2234600.0
2018-03-21,,,,,,BND,,,,,,61.82149124145508,61.86043279945922,61.642341058462456,61.75917761758336,1760300.0
2018-03-22,,,,,,BND,,,,,,61.92278289794922,62.03961952589086,61.86825993058415,61.95393972823751,2871700.0
2018-03-23,,,,,,BND,,,,,,61.93833541870117,61.96170748968579,61.86823703341395,61.922759980600304,2114500.0
2018-03-26,,,,,,BND,,,,,,61.899417877197266,61.9773069830438,61.883836490493245,61.92278401469544,2303700.0
2018-03-27,,,,,,BND,,,,,,62.10969924926758,62.140856070181265,61.93055495720888,61.93055495720888,1693500.0
2018-03-28,,,,,,BND,,,,,,62.10194396972656,62.210989923391224,62.070787134028265,62.17983308769292,3251800.0
2018-03-29,,,,,,BND,,,,,,62.257667541503906,62.27324297439796,62.12525556296703,62.12525556296703,2157300.0
2018-04-02,,,,,,BND,,,,,,62.24985885620117,62.29670832304749,62.148343734753915,62.179578698471516,2336700.0
2018-04-03,,,,,,BND,,,,,,62.179622650146484,62.22647810757277,62.11715863601876,62.21866787175765,2580800.0
2018-04-04,,,,,,BND,,,,,,62.179622650146484,62.234282385923485,62.140583385999705,62.234282385923485,2226300.0
2018-04-05,,,,,,BND,,,,,,62.093685150146484,62.12492011442372,62.04683568246077,62.12492011442372,1978300.0
2018-04-06,,,,,,BND,,,,,,62.24985885620117,62.26547335932988,62.15615396504836,62.21862389248357,2155900.0
2018-04-09,,,,,,BND,,,,,,62.312355041503906,62.312355041503906,62.14836992351958,62.20303560115615,2052000.0
2018-04-10,,,,,,BND,,,,,,62.2030143737793,62.28109881060025,62.17958368101843,62.234243382539155,1854600.0
2018-04-11,,,,,,BND,,,,,,62.24985885620117,62.31232878363638,62.210813662189125,62.27328358962433,1645200.0
2018-04-12,,,,,,BND,,,,,,62.13274002075195,62.23424920236573,62.117125514911834,62.2030201906855,1397700.0
2018-04-13,,,,,,BND,,,,,,62.179622650146484,62.1874328859616,62.09372792857342,62.10934840020365,1461800.0
2018-04-16,,,,,,BND,,,,,,62.18738555908203,62.18738555908203,62.078066170724085,62.078066170724085,1939600.0
2018-04-17,,,,,,BND,,,,,,62.21083450317383,62.21864473608475,62.14836455481083,62.18740976190325,1588500.0
2018-04-18,,,,,,BND,,,,,,62.00783157348633,62.16400052588407,61.98440086890937,62.16400052588407,1721200.0
2018-04-19,,,,,,BND,,,,,,61.859466552734375,61.92193651632977,61.81261705876964,61.92193651632977,1602300.0
2018-04-20,,,,,,BND,,,,,,61.70329666137695,61.843851112164494,61.70329666137695,61.843851112164494,1576600.0
2018-04-23,,,,,,BND,,,,,,61.67204666137695,61.70327567763032,61.63300145486711,61.67985093670925,2263300.0
2018-04-24,,,,,,BND,,,,,,61.562705993652344,61.64079638728855,61.54709148940147,61.62517592557707,2664000.0
2018-04-25,,,,,,BND,,,,,,61.47681427001953,61.531473968408676,61.44557930558854,61.50023900397769,2201300.0
2018-04-26,,,,,,BND,,,,,,61.60175704956055,61.632992018493745,61.562711849028766,61.570522080627356,3297100.0
2018-04-27,,,,,,BND,,,,,,61.69548034667969,61.718905090996785,61.6408206241188,61.6408206241188,1407300.0
2018-04-30,,,,,,BND,,,,,,61.7266960144043,61.765735256898814,61.69546104593203,61.71107555143762,1602900.0
2018-05-01,,,,,,BND,,,,,,61.631221771240234,61.725138163465694,61.615572024656025,61.717310304720215,1410700.0
2018-05-02,,,,,,BND,,,,,,61.6390495300293,61.717310204636895,61.61557192473769,61.6860047406125,1434000.0
2018-05-03,,,,,,BND,,,,,,61.69384002685547,61.78775045932806,61.686012167180266,61.74862310276696,1477700.0
2018-05-04,,,,,,BND,,,,,,61.73299026489258,61.78777336110955,61.65472955185542,61.76429574428937,1342100.0
2018-05-07,,,,,,BND,,,,,,61.701656341552734,61.748617524454055,61.678178735555534,61.74078966548602,1634400.0
2018-05-08,,,,,,BND,,,,,,61.65471267700195,61.6938460082646,61.59210173534493,61.63906292704172,1380900.0
2018-05-09,,,,,,BND,,,,,,61.58427047729492,61.6312256909406,61.55296501122877,61.57644261805161,2260900.0
2018-05-10,,,,,,BND,,,,,,61.70948028564453,61.732957890152306,61.65469721815755,61.701652427173094,1695500.0
2018-05-11,,,,,,BND,,,,,,61.7720947265625,61.77992258547936,61.69383405011455,61.7720947265625,1457800.0
2018-05-14,,,,,,BND,,,,,,61.69384002685547,61.74079524309177,61.686012167180266,61.709489775298415,1519500.0
2018-05-15,,,,,,BND,,,,,,61.40426254272461,61.52165654201539,61.33382972569424,61.52165654201539,1602600.0
2018-05-16,,,,,,BND,,,,,,61.35733413696289,61.45907246297837,61.34950627468187,61.427766984763736,2201300.0
2018-05-17,,,,,,BND,,,,,,61.30249786376953,61.372930650470934,61.2790202682024,61.357280910394266,2036000.0
2018-05-18,,,,,,BND,,,,,,61.466835021972656,61.466835021972656,61.372918687106875,61.372918687106875,1539700.0
2018-05-21,,,,,,BND,,,,,,61.466835021972656,61.48248475899873,61.39639627809754,61.41987983999132,1254900.0
2018-05-22,,,,,,BND,,,,,,61.482513427734375,61.51381888728709,61.43555822385825,61.49816914296367,2225800.0
2018-05-23,,,,,,BND,,,,,,61.67036437988281,61.678186268899296,61.56079822457557,61.568620113592054,1177200.0
2018-05-24,,,,,,BND,,,,,,61.795597076416016,61.842552306905084,61.74081398387568,61.74081398387568,1209400.0
2018-05-25,,,,,,BND,,,,,,61.92863082885742,61.94428655041982,61.8660258553327,61.8738477452056,1039500.0
2018-05-29,,,,,,BND,,,,,,62.35903549194336,62.43729613919454,62.0303371909456,62.045986932033976,2414400.0
2018-05-30,,,,,,BND,,,,,,62.17122268676758,62.25731120932134,62.07730630646185,62.1320893689137,3549700.0
2018-05-31,,,,,,BND,,,,,,62.14776611328125,62.24167655445735,62.07732731149116,62.15558800277392,4272100.0
2018-06-01,,,,,,BND,,,,,,62.18627166748047,62.21772327849463,62.07619402832159,62.13909725034993,3442400.0
2018-06-04,,,,,,BND,,,,,,62.052608489990234,62.16268613211201,62.04475008611124,62.16268613211201,2272100.0
2018-06-05,,,,,,BND,,,,,,62.107666015625,62.15484644701593,62.05262717798842,62.11553042065406,2760500.0
2018-06-06,,,,,,BND,,,,,,61.934688568115234,61.99759181430557,61.871791320708624,61.99759181430557,2624600.0
2018-06-07,,,,,,BND,,,,,,62.09193420410156,62.20201186341894,61.91108890734729,61.91895331123639,3290700.0
2018-06-08,,,,,,BND,,,,,,62.0132942199707,62.076191440595665,61.99756541572859,62.04474582967377,1977000.0
2018-06-11,,,,,,BND,,,,,,61.958248138427734,61.98183534324427,61.91106773001418,61.942519336029726,1725200.0
2018-06-12,,,,,,BND,,,,,,61.950408935546875,61.97399614995751,61.88750569792991,61.88750569792991,1850400.0
2018-06-13,,,,,,BND,,,,,,61.911109924316406,62.005464806668755,61.78530941329784,61.95042595832602,1542800.0
2018-06-14,,,,,,BND,,,,,,62.04475784301758,62.05261624787904,61.97399020778808,62.02116463208618,3920100.0
2018-06-15,,,,,,BND,,,,,,62.052608489990234,62.19413774397274,62.052608489990234,62.154827728233016,1827800.0
2018-06-18,,,,,,BND,,,,,,62.052608489990234,62.08406010185097,62.00543407158993,62.08406010185097,3510300.0
2018-06-19,,,,,,BND,,,,,,62.154823303222656,62.19413331616377,62.123371693601065,62.14695890112197,2767100.0
2018-06-20,,,,,,BND,,,,,,62.0132942199707,62.15482346424392,62.005429817849645,62.15482346424392,2102200.0
2018-06-21,,,,,,BND,,,,,,62.04475784301758,62.11551947946473,62.02116463208618,62.06048065152283,2695400.0
2018-06-22,,,,,,BND,,,,,,62.084075927734375,62.09980473706497,62.029037092643506,62.05262430785629,1509900.0
2018-06-25,,,,,,BND,,,,,,62.076210021972656,62.16270047485013,62.0683516162805,62.11552604556532,4554800.0
2018-06-26,,,,,,BND,,,,,,62.17842483520508,62.17842483520508,62.107657197558,62.11552160147046,1670800.0
2018-06-27,,,,,,BND,,,,,,62.3277702331543,62.34349903030867,62.25700864229503,62.25700864229503,1762700.0
2018-06-28,,,,,,BND,,,,,,62.28059387207031,62.32776826448645,62.25700667586224,62.30418106827838,1266500.0
2018-06-29,,,,,,BND,,,,,,62.26491928100586,62.35140973325038,62.25705487658829,62.30422930552787,1419000.0
2018-07-02,,,,,,BND,,,,,,62.22630310058594,62.31299169481532,62.194779428818386,62.28146802304776,1800600.0
2018-07-03,,,,,,BND,,,,,,62.35240936279297,62.36028577280283,62.22631465231446,62.22631465231446,1121900.0
2018-07-05,,,,,,BND,,,,,,62.439083099365234,62.44695950749884,62.33662966837541,62.36027091782682,1991900.0
2018-07-06,,,,,,BND,,,,,,62.5099983215332,62.52575714817625,62.454833409495826,62.5099983215332,1331800.0
2018-07-09,,,,,,BND,,,,,,62.45481491088867,62.47057373286408,62.4154088371661,62.431173671664205,1556600.0
2018-07-10,,,,,,BND,,,,,,62.41539764404297,62.45480371069875,62.38388000574429,62.40752124072911,1661500.0
2018-07-11,,,,,,BND,,,,,,62.446956634521484,62.45483905481774,62.38391530972649,62.43908022675025,3750100.0
2018-07-12,,,,,,BND,,,,,,62.49428176879883,62.51004060610185,62.41546954469808,62.42335196961386,1807800.0
2018-07-13,,,,,,BND,,,,,,62.549407958984375,62.55728436649095,62.51000187135225,62.51788429138364,4071900.0
2018-07-16,,,,,,BND,,,,,,62.46275329589844,62.51003581671337,62.37606466605235,62.47062970768221,1688000.0
2018-07-17,,,,,,BND,,,,,,62.439083099365234,62.494248018926946,62.43120067870633,62.439083099365234,2432200.0
2018-07-18,,,,,,BND,,,,,,62.407554626464844,62.47847836936088,62.39967220641256,62.44695470167659,2182900.0
2018-07-19,,,,,,BND,,,,,,62.52573776245117,62.54938501387076,62.3523666730324,62.39964915082637,1990100.0
2018-07-20,,,,,,BND,,,,,,62.38389205932617,62.48633943489543,62.352368402414996,62.48633943489543,1607800.0
2018-07-23,,,,,,BND,,,,,,62.1868896484375,62.36026078709125,62.15536598344838,62.34450196085884,1427200.0
2018-07-24,,,,,,BND,,,,,,62.281455993652344,62.29722083275402,62.17900858958927,62.22629108184539,1811100.0
2018-07-25,,,,,,BND,,,,,,62.281455993652344,62.352385744560976,62.22629108184539,62.29722083275402,2075200.0
2018-07-26,,,,,,BND,,,,,,62.281455993652344,62.28145599365235,62.28145599365235,62.28145599365235,0.0
2018-07-27,,,,,,BND,,,,,,62.26566696166992,62.328708249921604,62.25778454594289,62.297190612056525,1376600.0
2018-07-30,,,,,,BND,,,,,,62.19477844238281,62.25782578491797,62.19477844238281,62.21054328427936,2115400.0
2018-07-31,,,,,,BND,,,,,,62.24205017089844,62.32085632155317,62.19476167048648,62.27356782114122,3328200.0
2018-08-01,,,,,,BND,,,,,,62.20809555053711,62.23179290836441,62.12910234884781,62.20809555053712,3168600.0
2018-08-02,,,,,,BND,,,,,,62.23968505859375,62.25548128593504,62.18438922270808,62.24758618566145,2817700.0
2018-08-03,,,,,,BND,,,,,,62.37398147583008,62.39767883304711,62.294988276175054,62.32658676139603,2711600.0
2018-08-06,,,,,,BND,,,,,,62.42927169799805,62.50036979004325,62.41347547020705,62.46087018037433,2083800.0
2018-08-07,,,,,,BND,,,,,,62.31865692138672,62.389754987075676,62.302860699451415,62.381853862712006,1886900.0
2018-08-08,,,,,,BND,,,,,,62.302860260009766,62.33445873044954,62.27915688708594,62.318656481833656,2101300.0
2018-08-09,,,,,,BND,,,,,,62.421390533447266,62.421390533447266,62.342397315641186,62.358199575280125,2603800.0
2018-08-10,,,,,,BND,,,,,,62.54777145385742,62.60306729746477,62.42137751030065,62.42137751030065,2414900.0
2018-08-13,,,,,,BND,,,,,,62.55565643310547,62.57145265857475,62.48455835151022,62.539854180842795,3315700.0
2018-08-14,,,,,,BND,,,,,,62.51618194580078,62.60307628777606,62.50828081649508,62.57147779734907,2692700.0
2018-08-15,,,,,,BND,,,,,,62.5872688293457,62.642564670975275,62.5635654456804,62.571466573568834,3051300.0
2018-08-16,,,,,,BND,,,,,,62.618831634521484,62.642535006962184,62.5556407217219,62.618831634521484,2226900.0
2018-08-17,,,,,,BND,,,,,,62.689964294433594,62.729463910174545,62.64256957698063,62.666266935707114,1018100.0
2018-08-20,,,,,,BND,,,,,,62.768985748291016,62.816380487073985,62.74528837889954,62.74528837889954,2473200.0
2018-08-21,,,,,,BND,,,,,,62.73732376098633,62.745224885054064,62.68992907016352,62.721527539642665,1883300.0
2018-08-22,,,,,,BND,,,,,,62.77684783935547,62.816341421514196,62.729453130047325,62.816341421514196,2025500.0
2018-08-23,,,,,,BND,,,,,,62.77684783935547,62.80844632115895,62.75315048470139,62.80844632115895,1447500.0
2018-08-24,,,,,,BND,,,,,,62.80845260620117,62.81634770734646,62.682058666339415,62.71365715130485,1845300.0
2018-08-27,,,,,,BND,,,,,,62.72944259643555,62.768936171962466,62.721541470612905,62.75313994711033,2340800.0
2018-08-28,,,,,,BND,,,,,,62.634674072265625,62.68206879397404,62.610976711411425,62.67416766475739,2375800.0
2018-08-29,,,,,,BND,,,,,,62.59516525268555,62.65046109548317,62.55567166599859,62.65046109548317,1560100.0
2018-08-30,,,,,,BND,,,,,,62.64259719848633,62.689991936837444,62.61099869731963,62.658393435670746,1157400.0
2018-08-31,,,,,,BND,,,,,,62.65835952758789,62.74525385207327,62.65045839987251,62.73735272435789,2888300.0
2018-09-04,,,,,,BND,,,,,,62.56172180175781,62.609229085241424,62.530048265732304,62.55380190747411,2400700.0
2018-09-05,,,,,,BND,,,,,,62.57758712768555,62.60134078141414,62.52215992194805,62.58550702596585,2558000.0
2018-09-06,,,,,,BND,,,,,,62.6726188659668,62.6963725238957,62.59343799249935,62.625105508995595,2133300.0
2018-09-07,,,,,,BND,,,,,,62.4746208190918,62.53004799662057,62.4429472832026,62.53004799662057,2481100.0
2018-09-10,,,,,,BND,,,,,,62.51424026489258,62.530080061514326,62.45881305894121,62.482572753873825,1464300.0
2018-09-11,,,,,,BND,,,,,,62.379642486572266,62.45882335940208,62.35588882883466,62.41131604392686,1496800.0
2018-09-12,,,,,,BND,,,,,,62.42713928222656,62.49048638626091,62.419225425056524,62.46673273252611,1088400.0
2018-09-13,,,,,,BND,,,,,,62.46670913696289,62.537976112359935,62.450875387491365,62.51421642648754,1723800.0
2018-09-14,,,,,,BND,,,,,,62.36378479003906,62.40337219070162,62.34003114141932,62.36378479003906,3196000.0
2018-09-17,,,,,,BND,,,,,,62.35588836669922,62.395481823377374,62.3004611520178,62.31629491002107,2375200.0
2018-09-18,,,,,,BND,,,,,,62.213348388671875,62.316282898635926,62.18959473568879,62.316282898635926,2504000.0
2018-09-19,,,,,,BND,,,,,,62.11834716796875,62.20544795022901,62.07083984714099,62.18169428981513,1968700.0
2018-09-20,,,,,,BND,,,,,,62.197540283203125,62.22920780616508,62.10251959097332,62.110439492271134,2297700.0
2018-09-21,,,,,,BND,,,,,,62.237060546875,62.237060546875,62.16579963543694,62.16579963543694,1750600.0
2018-09-24,,,,,,BND,,,,,,62.15792465209961,62.22127175766301,62.13417099779145,62.15000475362606,2915800.0
2018-09-25,,,,,,BND,,,,,,62.11040496826172,62.12623872094152,62.06289162799974,62.11040496826172,1698200.0
2018-09-26,,,,,,BND,,,,,,62.26881790161133,62.30841137755993,62.15004351488178,62.157963418294756,1831100.0
2018-09-27,,,,,,BND,,,,,,62.3162841796875,62.3162841796875,62.25294311746789,62.28461666913383,1374700.0
2018-09-28,,,,,,BND,,,,,,62.3162841796875,62.38755118121394,62.28461666913383,62.363797527742555,2577700.0
2018-10-01,,,,,,BND,,,,,,62.199615478515625,62.286919235393036,62.19167712192898,62.23929515106505,2853300.0
2018-10-02,,,,,,BND,,,,,,62.310752868652344,62.34250025235028,62.263128765508306,62.263128765508306,2597600.0
2018-10-03,,,,,,BND,,,,,,61.99325180053711,62.2234156673684,61.921818711773106,62.2234156673684,2300300.0
2018-10-04,,,,,,BND,,,,,,61.83450698852539,61.91387235954629,61.802759629079105,61.8821250001,3221400.0
2018-10-05,,,,,,BND,,,,,,61.72338104248047,61.81068475703245,61.63608338311745,61.77100510371998,2299100.0
2018-10-08,,,,,,BND,,,,,,61.69962692260742,61.74725102620961,61.68375625820293,61.739312666410186,1885400.0
2018-10-09,,,,,,BND,,,,,,61.81864929199219,61.81864929199219,61.6995981712548,61.6995981712548,4273200.0
2018-10-10,,,,,,BND,,,,,,61.77104949951172,61.7948585196489,61.66786900532618,61.72342540404404,2813100.0
2018-10-11,,,,,,BND,,,,,,61.94564437866211,62.00913306763895,61.826593247143386,61.83453160396252,3245600.0
2018-10-12,,,,,,BND,,,,,,61.92977523803711,62.01707900814721,61.91390457765019,61.92183688024724,2365700.0
2018-10-15,,,,,,BND,,,,,,61.913917541503906,61.993282970442074,61.90597918205186,61.993282970442074,2077800.0
2018-10-16,,,,,,BND,,,,,,61.961490631103516,61.98529963699072,61.882125259749614,61.90593426563681,2367000.0
2018-10-17,,,,,,BND,,,,,,61.85039138793945,61.98531315418256,61.83452073228362,61.94563348744748,1877300.0
2018-10-18,,,,,,BND,,,,,,61.81072998046875,61.905972117442126,61.75517358103262,61.81072998046874,1681500.0
2018-10-19,,,,,,BND,,,,,,61.77894592285156,61.83450834449325,61.73926626406581,61.81863163682711,1716700.0
2018-10-22,,,,,,BND,,,,,,61.755165100097656,61.85040722399129,61.747232797834286,61.81072149190413,1520000.0
2018-10-23,,,,,,BND,,,,,,61.84248733520508,61.977409176286415,61.826616670746134,61.921852767888545,1934300.0
2018-10-24,,,,,,BND,,,,,,62.00909423828125,62.02497094197772,61.94560558906024,61.96147623756842,1615500.0
2018-10-25,,,,,,BND,,,,,,61.937713623046875,62.00120837500809,61.90596624706626,61.95358428344076,1981000.0
2018-10-26,,,,,,BND,,,,,,62.048828125,62.144070255572146,62.0329574641678,62.08057550185738,2224400.0
2018-10-29,,,,,,BND,,,,,,61.99325180053711,62.056746533840446,61.945633778155134,62.024999167188774,1900700.0
2018-10-30,,,,,,BND,,,,,,61.90597915649414,61.98534458539955,61.898040797045375,61.921849820197586,2546300.0
2018-10-31,,,,,,BND,,,,,,61.77894592285156,61.89799700958841,61.77894592285156,61.82656999066018,6206300.0
2018-11-01,,,,,,BND,,,,,,61.8935546875,61.917423193286304,61.77420608824652,61.7821642802826,3784100.0
2018-11-02,,,,,,BND,,,,,,61.662803649902344,61.82988922812811,61.630976958289715,61.81397891748216,2024600.0
2018-11-05,,,,,,BND,,,,,,61.71055221557617,61.7503371051271,61.68668370997437,61.71851040755073,1858900.0
2018-11-06,,,,,,BND,,,,,,61.70260238647461,61.73442301491139,61.678727809663876,61.718512700693,2024700.0
2018-11-07,,,,,,BND,,,,,,61.7582893371582,61.877631853650165,61.742372954745086,61.82193665584682,2673700.0
2018-11-08,,,,,,BND,,,,,,61.65489959716797,61.78220647540373,61.65489959716797,61.758337953316044,2233100.0
2018-11-09,,,,,,BND,,,,,,61.80605697631836,61.837883686597394,61.7185350406321,61.7185350406321,1697200.0
2018-11-12,,,,,,BND,,,,,,61.901519775390625,61.90947189799065,61.85377668817748,61.88560338954538,1067200.0
2018-11-13,,,,,,BND,,,,,,61.86964797973633,61.877600096540384,61.79008431946863,61.8298631144434,2735900.0
2018-11-14,,,,,,BND,,,,,,61.917415618896484,61.98106900675451,61.79011491350162,61.829893728172,2905100.0
2018-11-15,,,,,,BND,,,,,,61.925384521484375,61.9731215354746,61.82194623074258,61.957211220918595,2557800.0
2018-11-16,,,,,,BND,,,,,,62.0606575012207,62.0765678193812,61.941308868884406,62.01292047641563,1811300.0
2018-11-19,,,,,,BND,,,,,,62.0606575012207,62.08452601362325,62.01292047641563,62.01292047641563,2495900.0
2018-11-20,,,,,,BND,,,,,,62.0208740234375,62.08452743818724,61.997005510487284,62.04474860671146,1891300.0
2018-11-21,,,,,,BND,,,,,,62.08451461791992,62.08451461791993,62.004950901074295,62.052687917117176,3871300.0
2018-11-23,,,,,,BND,,,,,,62.07656478881836,62.15613458670705,62.0606544714346,62.132260005146456,644500.0
2018-11-26,,,,,,BND,,,,,,62.02878189086914,62.060608572421465,61.99695520931682,62.01287158525239,1520500.0
2018-11-27,,,,,,BND,,,,,,62.068565368652344,62.10039204949103,62.020822312234976,62.020822312234976,2563100.0
2018-11-28,,,,,,BND,,,,,,62.100425720214844,62.140204540092185,62.00494562592968,62.06859902211979,2217500.0
2018-11-29,,,,,,BND,,,,,,62.14816665649414,62.19590367149005,62.09247144889145,62.156124849100905,2395900.0
2018-11-30,,,,,,BND,,,,,,62.17200469970703,62.17200469970703,62.10039921229985,62.14017801519738,2181200.0
2018-12-03,,,,,,BND,,,,,,62.269351959228516,62.269351959228516,62.17363666151876,62.205541760755345,2187500.0
2018-12-04,,,,,,BND,,,,,,62.4208869934082,62.51659618642206,62.333149509629344,62.333149509629344,3204700.0
2018-12-06,,,,,,BND,,,,,,62.53254318237305,62.66015745061316,62.50063809399467,62.5245653889601,4447800.0
2018-12-07,,,,,,BND,,,,,,62.66016387939453,62.684091176814846,62.516594009598606,62.53254959806149,3806000.0
2018-12-10,,,,,,BND,,,,,,62.724021911621094,62.77187654296756,62.636284363966794,62.67616728027462,2712100.0
2018-12-11,,,,,,BND,,,,,,62.73198318481445,62.79579339998432,62.67615076786008,62.739960983029945,4157200.0
2018-12-12,,,,,,BND,,,,,,62.66815185546875,62.73196204913967,62.660174059941134,62.70803474783182,2662400.0
2018-12-13,,,,,,BND,,,,,,62.716026306152344,62.75590921113737,62.68412119921971,62.68412119921971,2587600.0
2018-12-14,,,,,,BND,,,,,,62.77184295654297,62.81172585151123,62.73994394289884,62.763871245769636,3490600.0
2018-12-17,,,,,,BND,,,,,,62.89143753051758,62.89941532047425,62.78775060216389,62.79572839212056,2924300.0
2018-12-18,,,,,,BND,,,,,,62.98721694946289,63.01114425844837,62.88352383015655,62.88352383015655,3210700.0
2018-12-19,,,,,,BND,,,,,,63.09885025024414,63.218492820661496,63.01111277095634,63.07492295321545,3117500.0
2018-12-20,,,,,,BND,,,,,,63.01108932495117,63.17858642710136,62.98716203682567,63.162636930108235,3451000.0
2018-12-21,,,,,,BND,,,,,,63.01108932495117,63.058943901202184,62.96323474870017,63.03501661307668,4516100.0
2018-12-24,,,,,,BND,,,,,,63.02554702758789,63.169477727191556,62.953584728070034,63.105507171685936,6031000.0
2018-12-26,,,,,,BND,,,,,,62.88961410522461,63.089517515539654,62.88961410522461,63.06553008239272,5912400.0
2018-12-27,,,,,,BND,,,,,,63.02554702758789,63.16147988261137,63.0175491830077,63.12150286084631,2751800.0
2018-12-28,,,,,,BND,,,,,,63.177467346191406,63.18545908916314,63.025538821788345,63.057524095376735,3495100.0
2018-12-31,,,,,,BND,,,,,,63.33732986450195,63.36931510892716,63.11343925408708,63.12942882601889,5651100.0
2019-01-02,,,,,,BND,,,,,,63.46528625488281,63.473277992508734,63.36933049830412,63.39331791230803,4142500.0
2019-01-03,,,,,,BND,,,,,,63.71318435668945,63.76915704047668,63.465306199998174,63.4812957808381,4908400.0
2019-01-04,,,,,,BND,,,,,,63.52125930786133,63.553244560248984,63.44129312661064,63.54524672201129,4583600.0
2019-01-07,,,,,,BND,,,,,,63.42529296875,63.57722136710267,63.401305558602125,63.54523612005148,4121700.0
2019-01-08,,,,,,BND,,,,,,63.34537124633789,63.425331362087206,63.32937556284856,63.36935867100611,1745400.0
2019-01-09,,,,,,BND,,,,,,63.43327331542969,63.4572607189636,63.353313270129824,63.36130500426752,1989600.0
2019-01-10,,,,,,BND,,,,,,63.30540466308594,63.44933534923191,63.28141723215617,63.38536479970762,2579900.0
2019-01-11,,,,,,BND,,,,,,63.43327331542969,63.48924595719563,63.40928591189577,63.441265049567384,3097100.0
2019-01-14,,,,,,BND,,,,,,63.377323150634766,63.4652810618273,63.3693253131002,63.44928538675816,2395700.0
2019-01-15,,,,,,BND,,,,,,63.38531494140625,63.489268527756145,63.34533795482463,63.457283278153305,1742900.0
2019-01-16,,,,,,BND,,,,,,63.40931701660156,63.425306593280865,63.32135909345685,63.35334434737887,1697700.0
2019-01-17,,,,,,BND,,,,,,63.33732986450195,63.41728992528418,63.31334245632345,63.40929818959907,2394700.0
2019-01-18,,,,,,BND,,,,,,63.28935241699219,63.40129771754568,63.281354581077984,63.337327231354735,3722400.0
2019-01-22,,,,,,BND,,,,,,63.401336669921875,63.489294617333506,63.39333882909397,63.40933451074977,3917700.0
2019-01-23,,,,,,BND,,,,,,63.46528625488281,63.51326108289062,63.36933049830412,63.36933049830412,2536100.0
2019-01-24,,,,,,BND,,,,,,63.601226806640625,63.64120380136555,63.56124371135187,63.58523112829959,2700300.0
2019-01-25,,,,,,BND,,,,,,63.529300689697266,63.57728165605442,63.497321512883005,63.53729853418477,2073100.0
2019-01-28,,,,,,BND,,,,,,63.55324935913086,63.59322635221174,63.52925584260604,63.537253681447645,2938200.0
2019-01-29,,,,,,BND,,,,,,63.68118667602539,63.68118667602539,63.60122658628874,63.60122658628874,1772300.0
2019-01-30,,,,,,BND,,,,,,63.745147705078125,63.76913511837429,63.577229711442115,63.63320237598745,2961400.0
2019-01-31,,,,,,BND,,,,,,64.04104614257812,64.04104614257812,63.92110899081032,63.95309426480414,3698100.0
2019-02-01,,,,,,BND,,,,,,63.8630485534668,64.03940036672769,63.806937168854894,63.95924211952244,3335000.0
2019-02-04,,,,,,BND,,,,,,63.806922912597656,63.81494057023149,63.75081154052262,63.81494057023149,4078600.0
2019-02-05,,,,,,BND,,,,,,63.9432373046875,63.96729029443753,63.87911434574289,63.88712589330774,2400300.0
2019-02-06,,,,,,BND,,,,,,63.91917419433594,63.97528559146268,63.87909811963604,63.95925638471944,2724700.0
2019-02-07,,,,,,BND,,,,,,63.96725082397461,63.99930922582296,63.92716864814209,63.95923316567183,2474700.0
2019-02-08,,,,,,BND,,,,,,64.0634536743164,64.11155352002436,63.99932462382771,64.02337760452312,1538700.0
2019-02-11,,,,,,BND,,,,,,64.03939819335938,64.06344505513663,63.975269151498686,64.00733367242903,2600900.0
2019-02-12,,,,,,BND,,,,,,64.03141784667969,64.03943551050484,63.97530643127478,64.00737097088981,1541200.0
2019-02-13,,,,,,BND,,,,,,63.935237884521484,63.97531397700295,63.89515567635369,63.96730242791845,1631600.0
2019-02-14,,,,,,BND,,,,,,64.04743194580078,64.1195725492594,64.00734975564583,64.09552568143985,1895800.0
2019-02-15,,,,,,BND,,,,,,64.07145690917969,64.07145690917969,64.02336318998266,64.03939239115451,1917900.0
2019-02-19,,,,,,BND,,,,,,64.12759399414062,64.151640863379,64.07148259402311,64.12759399414062,3792100.0
2019-02-20,,,,,,BND,,,,,,64.1035385131836,64.13560303975517,64.06345632604835,64.11155617374726,1768400.0
2019-02-21,,,,,,BND,,,,,,63.97529220581055,63.991327529895266,63.94322767332534,63.991327529895266,3411400.0
2019-02-22,,,,,,BND,,,,,,64.11954498291016,64.19169167103496,64.02335755298502,64.06343361022685,1936600.0
2019-02-25,,,,,,BND,,,,,,64.09552001953125,64.1195668852266,64.05544394860001,64.09552001953125,2244600.0
2019-02-26,,,,,,BND,,,,,,64.1837158203125,64.22379801934339,64.1436336212816,64.17569815736933,1405200.0
2019-02-27,,,,,,BND,,,,,,64.05545043945312,64.14362025070946,64.00735058750536,64.14362025070946,1323000.0
2019-02-28,,,,,,BND,,,,,,63.983306884765625,64.05545360841471,63.919177822785095,64.05545360841471,4028500.0
2019-03-01,,,,,,BND,,,,,,63.78565979003906,63.938316688640775,63.78565979003906,63.91421425829618,3035000.0
2019-03-04,,,,,,BND,,,,,,63.898136138916016,63.93831093908731,63.849931282561556,63.898136138916016,2531300.0
2019-03-05,,,,,,BND,,,,,,63.946319580078125,63.962391946689664,63.84990989965617,63.85794608296194,1924500.0
2019-03-06,,,,,,BND,,,,,,64.0267105102539,64.08295157009842,63.97849950909019,64.00260807457994,1629000.0
2019-03-07,,,,,,BND,,,,,,64.21147155761719,64.24361016758353,64.10702567258637,64.1471943376845,2322200.0
2019-03-08,,,,,,BND,,,,,,64.29180908203125,64.31591763464004,64.17932702244023,64.24360423643867,4388500.0
2019-03-11,,,,,,BND,,,,,,64.25970458984375,64.29987326872678,64.25166840214106,64.29987326872678,1891100.0
2019-03-12,,,,,,BND,,,,,,64.41233825683594,64.42841062796934,64.2918199925896,64.31592854928971,1958500.0
2019-03-13,,,,,,BND,,,,,,64.38023376464844,64.40434233412562,64.35613132498806,64.38826995447417,1318600.0
2019-03-14,,,,,,BND,,,,,,64.3239517211914,64.38822893921908,64.28378305728378,64.38822893921908,4058400.0
2019-03-15,,,,,,BND,,,,,,64.44447326660156,64.4846480623756,64.38823223040582,64.42840702617987,1639300.0
2019-03-18,,,,,,BND,,,,,,64.40431213378906,64.43644461839087,64.34806496120109,64.41234219003255,5344200.0
2019-03-19,,,,,,BND,,,,,,64.37214660644531,64.4203514430083,64.32393564007096,64.34000800546619,2702400.0
2019-03-20,,,,,,BND,,,,,,64.65337371826172,64.6694399593164,64.4123371937472,64.42840956461535,2528700.0
2019-03-21,,,,,,BND,,,,,,64.66947174072266,64.70964655782322,64.66144168115571,64.68554411948946,1980500.0
2019-03-22,,,,,,BND,,,,,,65.02294921875,65.06312401033496,64.87832855078176,64.93456958111315,2734000.0
2019-03-25,,,,,,BND,,,,,,65.1032943725586,65.22381262064873,64.98277612446844,65.03901715626881,2034000.0
2019-03-26,,,,,,BND,,,,,,65.119384765625,65.17562581299207,65.03903515811683,65.06314371825793,3527200.0
2019-03-27,,,,,,BND,,,,,,65.23987579345703,65.32825542924833,65.20774331663515,65.22380955504609,2121900.0
2019-03-28,,,,,,BND,,,,,,65.27202606201172,65.29612848884065,65.18364641042994,65.24792363518279,1818300.0
2019-03-29,,,,,,BND,,,,,,65.22382354736328,65.23988978922088,65.1354438926121,65.14348007844778,1937000.0
2019-04-01,,,,,,BND,,,,,,64.96607208251953,65.12715583612578,64.93385410280803,65.12715583612578,4106700.0
2019-04-02,,,,,,BND,,,,,,64.99830627441406,65.06274225600079,64.96609442857411,64.99830627441406,6305600.0
2019-04-03,,,,,,BND,,,,,,64.90972900390625,64.94194700495817,64.86946111130788,64.9016791123598,2177300.0
2019-04-04,,,,,,BND,,,,,,64.9741439819336,64.98220001582868,64.901658111738,64.93387610236495,1586000.0
2019-04-05,,,,,,BND,,,,,,65.02244567871094,65.03049556414142,64.91773571860764,64.92579174898883,2131700.0
2019-04-08,,,,,,BND,,,,,,64.95803833007812,65.0305242005761,64.92582033931677,65.0305242005761,3794200.0
2019-04-09,,,,,,BND,,,,,,65.0546875,65.09496152552121,65.01441961943233,65.06274353409495,1919100.0
2019-04-10,,,,,,BND,,,,,,65.14326477050781,65.15937683358543,65.07883495305215,65.08688483963935,3414300.0
2019-04-11,,,,,,BND,,,,,,65.030517578125,65.09495355308579,65.0063556237529,65.0868975199775,2641800.0
2019-04-12,,,,,,BND,,,,,,64.90972900390625,64.99027707901372,64.9016791123598,64.97416500601008,1821800.0
2019-04-15,,,,,,BND,,,,,,64.92585754394531,64.9419634760785,64.893639534722,64.90169557326706,1671300.0
2019-04-16,,,,,,BND,,,,,,64.81304931640625,64.87748528686596,64.79693725131514,64.86137322177485,2002000.0
2019-04-17,,,,,,BND,,,,,,64.81304931640625,64.89359120700472,64.8049932838607,64.81304931640625,1797500.0
2019-04-18,,,,,,BND,,,,,,64.90164184570312,64.94996574705563,64.8613678312748,64.91774776450335,1604600.0
2019-04-22,,,,,,BND,,,,,,64.83723449707031,64.90167049061426,64.80501650029834,64.90167049061426,1840100.0
2019-04-23,,,,,,BND,,,,,,64.9499740600586,64.95803009296573,64.89359411961394,64.9177560733827,2643500.0
2019-04-24,,,,,,BND,,,,,,65.11911010742188,65.12716613986211,65.0466242503165,65.07884223512521,1370500.0
2019-04-25,,,,,,BND,,,,,,65.10302734375,65.1432952303694,65.05469727687046,65.11913326940687,1238100.0
2019-04-26,,,,,,BND,,,,,,65.24795532226562,65.28017329387842,65.22379337979346,65.24795532226562,1622500.0
2019-04-29,,,,,,BND,,,,,,65.11106872558594,65.17550470970204,65.07885687848155,65.15939878614985,1737800.0
2019-04-30,,,,,,BND,,,,,,65.20771789550781,65.20771789550781,65.07885208172755,65.07885208172755,2376200.0
2019-05-01,,,,,,BND,,,,,,65.2117691040039,65.41361314205737,65.16332850600426,65.21984459026758,2035300.0
2019-05-02,,,,,,BND,,,,,,65.06643676757812,65.17947508828212,65.01799617284125,65.16332411684265,2061100.0
2019-05-03,,,,,,BND,,,,,,65.18753814697266,65.2279094118992,65.13909755689295,65.17139333687615,1877500.0
2019-05-06,,,,,,BND,,,,,,65.26828002929688,65.32480226888374,65.25213521783685,65.28443100054761,2261500.0
2019-05-07,,,,,,BND,,,,,,65.36516571044922,65.39746149233635,65.32480060293322,65.3570902250298,3223200.0
2019-05-08,,,,,,BND,,,,,,65.31668853759766,65.44586543301149,65.31668853759766,65.41356966921126,4750500.0
2019-05-09,,,,,,BND,,,,,,65.3813247680664,65.4539856664567,65.28443741042138,65.43784085341152,1926100.0
2019-05-10,,,,,,BND,,,,,,65.37324523925781,65.45398161907397,65.35709426742001,65.38939005130467,4679900.0
2019-05-13,,,,,,BND,,,,,,65.5104751586914,65.55891573795445,65.47817938591976,65.4943303522,3427000.0
2019-05-14,,,,,,BND,,,,,,65.55084991455078,65.55891923833292,65.51047865648349,65.52662962362606,4478100.0
2019-05-15,,,,,,BND,,,,,,65.64774322509766,65.68811449063487,65.57508233887901,65.67196352050387,1940900.0
2019-05-16,,,,,,BND,,,,,,65.55084991455078,65.59121501282893,65.5346989474082,65.59121501282893,1862700.0
2019-05-17,,,,,,BND,,,,,,65.56696319580078,65.64769951332634,65.5265981169311,65.63963019342411,1615200.0
2019-05-20,,,,,,BND,,,,,,65.48624420166016,65.59927630805409,65.48624420166016,65.56698054054327,2188000.0
2019-05-21,,,,,,BND,,,,,,65.45394134521484,65.49431259017793,65.4377965431019,65.48623710922789,1747000.0
2019-05-22,,,,,,BND,,,,,,65.57508087158203,65.61544597642575,65.49434450210443,65.49434450210443,4000500.0
2019-05-23,,,,,,BND,,,,,,65.80921936035156,65.86573543385313,65.64774046478276,65.64774046478276,5334000.0
2019-05-24,,,,,,BND,,,,,,65.80921936035156,65.82536417001343,65.76884809651186,65.80921936035156,1770100.0
2019-05-28,,,,,,BND,,,,,,65.94644165039062,65.95451713142438,65.86570531941466,65.9141458860428,1910600.0
2019-05-29,,,,,,BND,,,,,,65.93032836914062,66.09180110829202,65.93032836914062,66.00298925382171,3142700.0
2019-05-30,,,,,,BND,,,,,,66.10794067382812,66.13216712659005,65.93839246323269,65.99490853343117,2253600.0
2019-05-31,,,,,,BND,,,,,,66.39860534667969,66.39860534667969,66.19676133199273,66.23713259884632,5898700.0
2019-06-03,,,,,,BND,,,,,,66.58714294433594,66.61951468375791,66.39291868208208,66.47384494349802,3787000.0
2019-06-04,,,,,,BND,,,,,,66.47383880615234,66.53048780134105,66.38481807453046,66.49002776150763,2906700.0
2019-06-05,,,,,,BND,,,,,,66.47383880615234,66.58713679652976,66.41718981096363,66.50621054258552,7341700.0
2019-06-06,,,,,,BND,,,,,,66.45765686035156,66.57095485215298,66.41719064573213,66.4981169006935,2995300.0
2019-06-07,,,,,,BND,,,,,,66.63572692871094,66.72474770791159,66.58717238524902,66.65191589271872,2490100.0
2019-06-10,,,,,,BND,,,,,,66.49813842773438,66.57097640277324,66.47386116081458,66.57097640277324,2417400.0
2019-06-11,,,,,,BND,,,,,,66.4496078491211,66.50625688378254,66.42533057344929,66.45770233243893,3362100.0
2019-06-12,,,,,,BND,,,,,,66.5628890991211,66.5628890991211,66.46577384669155,66.48196280923655,1904400.0
2019-06-13,,,,,,BND,,,,,,66.67615509033203,66.70852682558163,66.59522883934662,66.60332331672831,1946300.0
2019-06-14,,,,,,BND,,,,,,66.68427276611328,66.70045555222923,66.6033464869749,66.6114347928932,2260700.0
2019-06-17,,,,,,BND,,,,,,66.68427276611328,66.70855003242686,66.6033464869749,66.6033464869749,2792600.0
2019-06-18,,,,,,BND,,,,,,66.83802032470703,66.9432300278796,66.78946579972175,66.89467550289432,3342000.0
2019-06-19,,,,,,BND,,,,,,67.06465911865234,67.06465911865234,66.724758735402,66.74904218542696,2496900.0
2019-06-20,,,,,,BND,,,,,,67.16983032226562,67.27503385786136,67.1536475376658,67.18601310686545,2171600.0
2019-06-21,,,,,,BND,,,,,,66.98370361328125,67.06463607031996,66.9351490784817,67.04844710920038,2398100.0
2019-06-24,,,,,,BND,,,,,,67.10511779785156,67.14558403944051,67.04846876419599,67.07274603943672,2803800.0
2019-06-25,,,,,,BND,,,,,,67.12937927246094,67.2103117365893,67.08082473340804,67.16175102325626,2699800.0
2019-06-26,,,,,,BND,,,,,,66.97559356689453,67.12126329828875,66.96749908896219,67.1131688203564,2195800.0
2019-06-27,,,,,,BND,,,,,,67.16983032226562,67.19410758630474,67.0322550431915,67.08080957126973,2021400.0
2019-06-28,,,,,,BND,,,,,,67.22650146484375,67.24268425477193,67.12938620243229,67.13748068453678,2554600.0
2019-07-01,,,,,,BND,,,,,,67.22162628173828,67.28651514562729,67.12428370280549,67.25407380804921,2354400.0
2019-07-02,,,,,,BND,,,,,,67.35140228271484,67.37573637740495,67.21350495364953,67.26217314302974,3127100.0
2019-07-03,,,,,,BND,,,,,,67.47309875488281,67.50554628690686,67.39198301918967,67.41631712102422,1720800.0
2019-07-05,,,,,,BND,,,,,,67.1567611694336,67.20542938623119,67.01886376268335,67.18920871021052,2356800.0
2019-07-08,,,,,,BND,,,,,,67.14864349365234,67.26220678482726,67.13242281865674,67.22975924610081,1761500.0
2019-07-09,,,,,,BND,,,,,,67.05937957763672,67.1567221433999,67.05127233870546,67.1567221433999,1839400.0
2019-07-10,,,,,,BND,,,,,,67.11614990234375,67.1729315089698,67.06748172201598,67.14048399250764,2097200.0
2019-07-11,,,,,,BND,,,,,,66.89716339111328,67.14051057784017,66.864715861803,67.09184237824148,3024100.0
2019-07-12,,,,,,BND,,,,,,66.95390319824219,66.97823728284153,66.8727875200012,66.89712160460053,2265000.0
2019-07-15,,,,,,BND,,,,,,67.05127716064453,67.05127716064453,66.94582115963429,66.94582115963429,2245900.0
2019-07-16,,,,,,BND,,,,,,66.96206665039062,66.9864007531701,66.88905815331802,66.93772635887697,2294100.0
2019-07-17,,,,,,BND,,,,,,67.16484832763672,67.17295556810778,67.03505821530152,67.05939231418107,2062300.0
2019-07-18,,,,,,BND,,,,,,67.28652954101562,67.31086983250586,67.10807739122644,67.14051873574508,3323200.0
2019-07-19,,,,,,BND,,,,,,67.21347045898438,67.26213862338756,67.17290952949577,67.20535703534087,2167300.0
2019-07-22,,,,,,BND,,,,,,67.28652954101562,67.35142460752124,67.26219543825957,67.34331117702449,1725500.0
2019-07-23,,,,,,BND,,,,,,67.22972869873047,67.28651031851788,67.18106050712194,67.25406898326713,1799600.0
2019-07-24,,,,,,BND,,,,,,67.29463195800781,67.35141358472374,67.27029785923429,67.28651852883891,2535800.0
2019-07-25,,,,,,BND,,,,,,67.22162628173828,67.28651514562729,67.10806303401645,67.27029447683825,2199000.0
2019-07-26,,,,,,BND,,,,,,67.22162628173828,67.26218104807731,67.18917875542735,67.26218104807731,2413500.0
2019-07-29,,,,,,BND,,,,,,67.26219940185547,67.30276036799518,67.2297518666906,67.29464693702033,1771900.0
2019-07-30,,,,,,BND,,,,,,67.24595642089844,67.28651118485024,67.19728203993081,67.27840394529936,1968800.0
2019-07-31,,,,,,BND,,,,,,67.32707214355469,67.44874881288592,67.14861385369987,67.26217709474703,2628700.0
2019-08-01,,,,,,BND,,,,,,67.80919647216797,67.84171961234104,67.43518966490976,67.45958046925088,3278400.0
2019-08-02,,,,,,BND,,,,,,67.8742904663086,67.9068074261855,67.78485331874943,67.84176730327262,5392400.0
2019-08-05,,,,,,BND,,,,,,68.16694641113281,68.21573422855472,68.05311850907405,68.10190632649596,4284300.0
2019-08-06,,,,,,BND,,,,,,68.33771514892578,68.35397362421655,68.1588409049407,68.19136405867957,4939700.0
2019-08-07,,,,,,BND,,,,,,68.33771514892578,68.70358977296266,68.3214504704777,68.66293427999976,5516400.0
2019-08-08,,,,,,BND,,,,,,68.39462280273438,68.43527208878707,68.12631146152826,68.21574857526363,3244200.0
2019-08-09,,,,,,BND,,,,,,68.27266693115234,68.49219045880066,68.25640225315937,68.42715035630009,2832800.0
2019-08-12,,,,,,BND,,,,,,68.57349395751953,68.63041412627392,68.44340755179284,68.48406304285825,3008000.0
2019-08-13,,,,,,BND,,,,,,68.4677963256836,68.6304120819443,68.40275002317931,68.60601506613757,3299800.0
2019-08-14,,,,,,BND,,,,,,68.71170043945312,68.76861438975526,68.66291262265462,68.72795890961572,3395400.0
2019-08-15,,,,,,BND,,,,,,69.04508209228516,69.12638688507447,68.78490303346454,68.84181700873286,4358100.0
2019-08-16,,,,,,BND,,,,,,68.97188568115234,68.99627649020077,68.77674680245318,68.9230978598996,3913600.0
2019-08-19,,,,,,BND,,,,,,68.75238800048828,68.81743432366976,68.70360635968157,68.73612952127232,3640100.0
2019-08-20,,,,,,BND,,,,,,68.93120574951172,68.93120574951172,68.84990101380133,68.89868261459682,2568100.0
2019-08-21,,,,,,BND,,,,,,68.89873504638672,69.0206953443407,68.8255625895094,68.86621188672177,2532300.0
2019-08-22,,,,,,BND,,,,,,68.76863098144531,68.92310819630423,68.73610783011796,68.82554494547898,3232600.0
2019-08-23,,,,,,BND,,,,,,69.02066802978516,69.09384666086088,68.71983357430675,68.7442305867693,3100100.0
2019-08-26,,,,,,BND,,,,,,68.98004150390625,69.10200180479508,68.93125986481415,69.05322016570298,2358800.0
2019-08-27,,,,,,BND,,,,,,69.21578979492188,69.22392213112725,69.06131262594955,69.08570343141072,2450800.0
2019-08-28,,,,,,BND,,,,,,69.24018096923828,69.35400885390233,69.223916298198,69.34587651838218,3352400.0
2019-08-29,,,,,,BND,,,,,,69.19953918457031,69.20767152169928,69.0694466031297,69.20767152169928,2812400.0
2019-08-30,,,,,,BND,,,,,,69.19139862060547,69.24831256742976,69.11009386845005,69.13448467378119,2861800.0
2019-09-03,,,,,,BND,,,,,,69.25498962402344,69.40981510277237,69.1327593101107,69.2468454954834,3345800.0
2019-09-04,,,,,,BND,,,,,,69.3853530883789,69.39350343179115,69.22237730458637,69.23867799141085,2864100.0
2019-09-05,,,,,,BND,,,,,,69.02684020996094,69.18166571231248,68.92091057076371,69.1409201958327,3162800.0
2019-09-06,,,,,,BND,,,,,,69.10832214355469,69.14091731200038,69.03498767722142,69.0675828456671,2764600.0
2019-09-09,,,,,,BND,,,,,,68.79049682617188,68.89643263134215,68.77420235754798,68.83124232306659,2618400.0
2019-09-10,,,,,,BND,,,,,,68.44014739990234,68.75794257066427,68.41570257398122,68.74164809234809,2425900.0
2019-09-11,,,,,,BND,,,,,,68.39935302734375,68.48083778710867,68.37490822110314,68.38305234525757,2030200.0
2019-09-12,,,,,,BND,,,,,,68.26899719238281,68.59494256651814,68.22825790617271,68.57049775141391,3025200.0
2019-09-13,,,,,,BND,,,,,,67.87787628173828,68.1793706619209,67.86972593671149,68.13863137057034,3111300.0
2019-09-16,,,,,,BND,,,,,,68.05715942382812,68.12234976852552,67.967530470986,68.06530977113866,2971000.0
2019-09-17,,,,,,BND,,,,,,68.21192932128906,68.26896927216809,68.04895980931711,68.10599976019613,2974900.0
2019-09-18,,,,,,BND,,,,,,68.2608413696289,68.48085712169,68.22010208668864,68.35862683908833,2557800.0
2019-09-19,,,,,,BND,,,,,,68.35862731933594,68.45641278948234,68.33418250602196,68.44011210267938,2631100.0
2019-09-20,,,,,,BND,,,,,,68.60307312011719,68.61121724487526,68.40750222191912,68.44009737161879,2436700.0
2019-09-23,,,,,,BND,,,,,,68.65199279785156,68.82311274603877,68.64384245263545,68.69273830704026,2365800.0
2019-09-24,,,,,,BND,,,,,,68.88829040527344,68.90458487581722,68.70902014483832,68.73346495909935,3043500.0
2019-09-25,,,,,,BND,,,,,,68.56233978271484,68.8149444665548,68.5134501579433,68.80680034035304,3009500.0
2019-09-26,,,,,,BND,,,,,,68.67640686035156,68.74974750066775,68.6438117109765,68.70085166816061,2909900.0
2019-09-27,,,,,,BND,,,,,,68.7497787475586,68.78237391174824,68.66828772863857,68.66828772863857,2778400.0
2019-09-30,,,,,,BND,,,,,,68.79866027832031,68.831255438669,68.635690693468,68.66013550950673,5258400.0
2019-10-01,,,,,,BND,,,,,,68.86559295654297,69.0207465804462,68.61243642118339,68.63694026420677,5383100.0
2019-10-02,,,,,,BND,,,,,,69.02075958251953,69.08609071558507,68.9390987813475,69.00442991441304,3741400.0
2019-10-03,,,,,,BND,,,,,,69.24942779541016,69.3555862280776,69.0942678912403,69.10243584154414,3149600.0
2019-10-04,,,,,,BND,,,,,,69.36376953125,69.39643510937488,69.26577279687534,69.29843837500023,3309600.0
2019-10-07,,,,,,BND,,,,,,69.18408966064453,69.31474570069645,69.1759217111663,69.24942079583047,4701400.0
2019-10-08,,,,,,BND,,,,,,69.21678924560547,69.3474453498698,69.1677877549737,69.33928362670036,3876100.0
2019-10-09,,,,,,BND,,,,,,69.13507843017578,69.23306887996488,69.0779090273741,69.23306887996488,3187900.0
2019-10-10,,,,,,BND,,,,,,68.92278289794922,69.07793658211123,68.88194937403652,69.06160691073877,3683300.0
2019-10-11,,,,,,BND,,,,,,68.66960906982422,68.73494019959762,68.56345065668204,68.718610532314,3411200.0
2019-10-14,,,,,,BND,,,,,,68.78397369384766,68.80030336873578,68.73497220853855,68.79213541613055,1600400.0
2019-10-15,,,,,,BND,,,,,,68.60430145263672,68.78395898961178,68.57163587952115,68.74312546563708,2408500.0
2019-10-16,,,,,,BND,,,,,,68.67781066894531,68.7186442026409,68.61247950716135,68.63698336557222,2549900.0
2019-10-17,,,,,,BND,,,,,,68.67781066894531,68.76763945881761,68.61247950716135,68.66148099366058,2420600.0
2019-10-18,,,,,,BND,,,,,,68.71046447753906,68.79212530061663,68.70229652613487,68.71046447753906,2467600.0
2019-10-21,,,,,,BND,,,,,,68.5471420288086,68.6696301468301,68.5471420288086,68.63697080223861,2328000.0
2019-10-22,,,,,,BND,,,,,,68.66960906982422,68.71044258351246,68.57161860548358,68.6859449674273,4545600.0
2019-10-23,,,,,,BND,,,,,,68.70231628417969,68.80031303824845,68.69415456074971,68.77581540731207,4250400.0
2019-10-24,,,,,,BND,,,,,,68.71046447753906,68.81662292450777,68.69413480505212,68.74313005283437,2353700.0
2019-10-25,,,,,,BND,,,,,,68.59611511230469,68.75127498542757,68.55528159927677,68.75127498542757,2157500.0
2019-10-28,,,,,,BND,,,,,,68.44913482666016,68.47363244651464,68.40013958695118,68.46546449645635,2861600.0
2019-10-29,,,,,,BND,,,,,,68.46546936035156,68.53896845545692,68.4491396893953,68.53896845545692,2729800.0
2019-10-30,,,,,,BND,,,,,,68.68595886230469,68.69412681275857,68.5063013342436,68.54713485619229,2831800.0
2019-10-31,,,,,,BND,,,,,,69.0125961303711,69.02075784905948,68.84110658312085,68.87376591851361,3058400.0
2019-11-01,,,,,,BND,,,,,,68.95124816894531,69.04127403699381,68.8366709267002,68.95124816894531,2771900.0
2019-11-04,,,,,,BND,,,,,,68.75482177734375,68.79573864755994,68.71389866313699,68.78755901991104,2444500.0
2019-11-05,,,,,,BND,,,,,,68.5174560546875,68.58293051555299,68.43561610059976,68.57474464694775,2890600.0
2019-11-06,,,,,,BND,,,,,,68.66477966308594,68.69751689790183,68.52565109811019,68.5420165935236,3147000.0
2019-11-07,,,,,,BND,,,,,,68.31288146972656,68.43564457392911,68.14101562143934,68.43564457392911,3767100.0
2019-11-08,,,,,,BND,,,,,,68.24736785888672,68.41104774133355,68.23918199156819,68.29647057482332,2130600.0
2019-11-11,,,,,,BND,,,,,,68.28836059570312,68.36201474472455,68.2392515856952,68.33746336171741,1926100.0
2019-11-12,,,,,,BND,,,,,,68.32923126220703,68.37834023899337,68.23920542275306,68.31286576593786,3072600.0
2019-11-13,,,,,,BND,,,,,,68.45199584960938,68.50928445380052,68.41107274204874,68.46836759022945,2690800.0
2019-11-14,,,,,,BND,,,,,,68.6484375,68.71391199784065,68.64025787076375,68.68936062214836,2299700.0
2019-11-15,,,,,,BND,,,,,,68.62385559082031,68.68114418994296,68.58293873086927,68.59930422605188,2342200.0
2019-11-18,,,,,,BND,,,,,,68.72208404541016,68.77937265849734,68.7057123022478,68.73844954458198,3553000.0
2019-11-19,,,,,,BND,,,,,,68.79572296142578,68.82846019652865,68.72206886543619,68.73025473520919,3712600.0
2019-11-20,,,,,,BND,,,,,,68.98396301269531,68.99214888276622,68.86938580766021,68.91848854010685,4924100.0
2019-11-21,,,,,,BND,,,,,,68.86937713623047,68.9021143684027,68.803902671886,68.8939284993625,2779600.0
2019-11-22,,,,,,BND,,,,,,68.91028594970703,68.95120904614261,68.85299736108992,68.94302317805793,3119700.0
2019-11-25,,,,,,BND,,,,,,68.97576904296875,69.00032040630907,68.93485218539776,68.95940354873808,3444700.0
2019-11-26,,,,,,BND,,,,,,69.09037017822266,69.10674192211569,69.03308156257866,69.07400467832043,3207400.0
2019-11-27,,,,,,BND,,,,,,68.98396301269531,69.03306574514197,68.9675912725535,69.00032850884773,2293000.0
2019-11-29,,,,,,BND,,,,,,68.98396301269531,69.00032850884773,68.90212304395443,68.98396301269531,2535100.0
2019-12-02,,,,,,BND,,,,,,68.80350494384766,68.80350494384766,68.6968859578743,68.75429714375996,3745800.0
2019-12-03,,,,,,BND,,,,,,69.1726303100586,69.24644832554098,69.00039661707287,69.03320392869227,3393600.0
2019-12-04,,,,,,BND,,,,,,69.03316497802734,69.1233834697379,68.94294648631679,69.10698295185932,3876800.0
2019-12-05,,,,,,BND,,,,,,68.95933532714844,69.00033973985647,68.87732024438267,68.92652804257219,2850000.0
2019-12-06,,,,,,BND,,,,,,68.86914825439453,68.97576728485964,68.78713313424039,68.81994043377256,4121700.0
2019-12-09,,,,,,BND,,,,,,68.88555145263672,68.96756657597827,68.87735432044954,68.95936944379109,2795100.0
2019-12-10,,,,,,BND,,,,,,68.83634185791016,68.93476375779784,68.8117379472764,68.92656036846904,2700500.0
2019-12-11,,,,,,BND,,,,,,69.06599426269531,69.09880156625012,68.9265679156024,68.95117182893017,2581800.0
2019-12-12,,,,,,BND,,,,,,68.7378921508789,69.02495434508535,68.65587706282712,69.01675095907513,4645900.0
2019-12-13,,,,,,BND,,,,,,69.0495834350586,69.08239073371743,68.77892791413743,68.91835424042321,3877700.0
2019-12-16,,,,,,BND,,,,,,68.86094665527344,68.95116516699406,68.84454613375729,68.93476464547793,2876500.0
2019-12-17,,,,,,BND,,,,,,68.86914825439453,68.97576728485964,68.84454434408354,68.95936676376985,3282700.0
2019-12-18,,,,,,BND,,,,,,68.7789306640625,68.88554969595229,68.729722842783,68.88554969595229,3786100.0
2019-12-19,,,,,,BND,,,,,,68.82813262939453,68.88554383512025,68.75432090375524,68.79532533221526,3240600.0
2019-12-20,,,,,,BND,,,,,,68.84452819824219,68.86092871548564,68.74610632272818,68.78711700186346,3646300.0
2019-12-23,,,,,,BND,,,,,,68.80097198486328,68.883176493551,68.743432591576,68.87495478841753,4192500.0
2019-12-24,,,,,,BND,,,,,,68.86671447753906,68.8831578833635,68.72697688464052,68.74341401914313,1682800.0
2019-12-26,,,,,,BND,,,,,,68.93248748779297,68.93248748779297,68.81740871239349,68.89960694177556,2036400.0
2019-12-27,,,,,,BND,,,,,,69.0311279296875,69.03934336255732,68.99002568004722,69.01468452130227,1940300.0
2019-12-30,,,,,,BND,,,,,,69.00643157958984,69.00643157958984,68.82559806847078,68.85025689856339,2562000.0
2019-12-31,,,,,,BND,,,,,,68.93248748779297,68.98180517115763,68.85850469142306,68.92426578345788,5931300.0
2020-01-02,,,,,,BND,,,,,,69.0229263305664,69.13800513749212,68.99004577554126,69.03114803715386,5511000.0
2020-01-03,,,,,,BND,,,,,,69.26953125,69.28597466558759,69.12979357413326,69.1955546938325,5368300.0
2020-01-06,,,,,,BND,,,,,,69.1872787475586,69.302357481155,69.13796108210889,69.29414205112714,3710400.0
2020-01-07,,,,,,BND,,,,,,69.1297607421875,69.2119589671102,69.10510190184294,69.2119589671102,3029900.0
2020-01-08,,,,,,BND,,,,,,69.0229263305664,69.21198168280522,68.96538692710355,69.15444227934238,3674400.0
2020-01-09,,,,,,BND,,,,,,69.10509490966797,69.1297537475175,68.93247677339932,68.97357901736316,5886600.0
2020-01-10,,,,,,BND,,,,,,69.22017669677734,69.24483553570613,69.12975677315698,69.17908072233676,4525700.0
2020-01-13,,,,,,BND,,,,,,69.17906951904297,69.19550665189283,69.12974557785101,69.19550665189283,3735700.0
2020-01-14,,,,,,BND,,,,,,69.2777099609375,69.28593166362853,69.19551174799211,69.21194888205252,3492300.0
2020-01-15,,,,,,BND,,,,,,69.38460540771484,69.38460540771484,69.3024008853863,69.37638370121708,2594300.0
2020-01-16,,,,,,BND,,,,,,69.34352111816406,69.40106053591168,69.30241884634741,69.35174282679263,4784100.0
2020-01-17,,,,,,BND,,,,,,69.33524322509766,69.34346492706393,69.2530450193982,69.26948215200966,3090600.0
2020-01-21,,,,,,BND,,,,,,69.50787353515625,69.5325323740609,69.39279477271967,69.45033415393796,2910600.0
2020-01-22,,,,,,BND,,,,,,69.5654067993164,69.5654067993164,69.5078674231577,69.53252625989406,4192100.0
2020-01-23,,,,,,BND,,,,,,69.68872833251953,69.72983058705977,69.6394106441301,69.68872833251953,3104800.0
2020-01-24,,,,,,BND,,,,,,69.79560089111328,69.86957743345418,69.70518093625816,69.72983978370513,4548400.0
2020-01-27,,,,,,BND,,,,,,70.0257797241211,70.03399516154435,69.95179688802783,70.00933630662202,3208600.0
2020-01-28,,,,,,BND,,,,,,69.90243530273438,69.9846335246578,69.8531176238448,69.97641182106875,3993400.0
2020-01-29,,,,,,BND,,,,,,70.0997314453125,70.14083370316712,69.98465264890842,70.00931149509157,4177500.0
2020-01-30,,,,,,BND,,,,,,70.11614227294922,70.2394364465683,70.0586029014866,70.16545994239685,4795700.0
2020-01-31,,,,,,BND,,,,,,70.29696655273438,70.34629048700215,70.18188782497676,70.19833122683946,6264000.0
2020-02-03,,,,,,BND,,,,,,70.23356628417969,70.26651733838713,70.09352273260531,70.20061522997224,6030800.0
2020-02-04,,,,,,BND,,,,,,70.0193862915039,70.0523373451077,69.95348418429631,70.04409801051405,4180900.0
2020-02-05,,,,,,BND,,,,,,69.9040298461914,69.96993192426793,69.87931813810474,69.92874155427809,3537200.0
2020-02-06,,,,,,BND,,,,,,69.97001647949219,69.98648887653333,69.89587498086783,69.94530474154263,3435700.0
2020-02-07,,,,,,BND,,,,,,70.18416595458984,70.20888396917591,70.11003076515249,70.15945422477739,4169700.0
2020-02-10,,,,,,BND,,,,,,70.29125213623047,70.3406755913831,70.2418223963048,70.307724526357,2785500.0
2020-02-11,,,,,,BND,,,,,,70.17596435546875,70.2830506609122,70.16772501358035,70.25833892002343,3799400.0
2020-02-12,,,,,,BND,,,,,,70.0935287475586,70.12647980459367,70.06058397529502,70.10176808301024,4127500.0
2020-02-13,,,,,,BND,,,,,,70.15943145751953,70.20886118587774,70.10176867841126,70.13471973572621,2852500.0
2020-02-14,,,,,,BND,,,,,,70.23356628417969,70.2994621078236,70.22532694943509,70.28298972310536,3069000.0
2020-02-18,,,,,,BND,,,,,,70.34066772460938,70.40656984729121,70.28300493845586,70.37361878595028,3645200.0
2020-02-19,,,,,,BND,,,,,,70.33240509033203,70.37359547455686,70.28298165707844,70.31593270750425,3109600.0
2020-02-20,,,,,,BND,,,,,,70.50538635253906,70.50538635253906,70.39006082994743,70.41477882887675,8404000.0
2020-02-21,,,,,,BND,,,,,,70.67841339111328,70.78549962992427,70.62075060332697,70.64546232883932,6561500.0
2020-02-24,,,,,,BND,,,,,,70.90082550048828,70.99967868772146,70.89258616369239,70.98320001412966,6314500.0
2020-02-25,,,,,,BND,,,,,,70.95848083496094,71.04909467588004,70.90081805299167,70.91729044008066,7928900.0
2020-02-26,,,,,,BND,,,,,,70.91727447509766,71.08202973275698,70.84313932272882,70.90904142579254,8015900.0
2020-02-27,,,,,,BND,,,,,,70.99968719482422,71.1561969040639,70.94202439988891,71.05734998975953,9514600.0
2020-02-28,,,,,,BND,,,,,,71.46917724609375,71.55979104190774,71.17262414793318,71.27147099080753,16377200.0
2020-03-02,,,,,,BND,,,,,,71.42216491699219,71.73582228197982,71.39740381919401,71.66153269125626,10154400.0
2020-03-03,,,,,,BND,,,,,,71.85137939453125,72.23931376165623,71.43042183338643,71.45518293157217,9323900.0
2020-03-04,,,,,,BND,,,,,,71.83488464355469,72.14028628656656,71.81012353956223,72.02473026971464,7445600.0
2020-03-05,,,,,,BND,,,,,,72.10723114013672,72.22278709570367,72.04119736629067,72.1237364349346,5385000.0
2020-03-06,,,,,,BND,,,,,,72.60247802734375,72.850101551674,72.35486080034131,72.80882886517635,10176200.0
2020-03-09,,,,,,BND,,,,,,72.44564819335938,73.72502588597719,72.40438180486288,73.67550370085031,12445600.0
2020-03-10,,,,,,BND,,,,,,71.47167205810547,72.379620768319,71.47167205810547,72.1732699336937,14177600.0
2020-03-11,,,,,,BND,,,,,,70.11801147460938,72.0081858859121,70.0519839931331,71.62850110378062,10511600.0
2020-03-12,,,,,,BND,,,,,,66.30465698242188,70.06849449109171,63.135104635125,68.90467896557541,16986900.0
2020-03-13,,,,,,BND,,,,,,69.10275268554688,69.70529345819516,67.27035668603602,67.4271852995896,14137500.0
2020-03-16,,,,,,BND,,,,,,69.82913208007812,69.87040477237812,65.62783145388008,67.12180971467549,8411000.0
2020-03-17,,,,,,BND,,,,,,68.38467407226562,69.92818077950108,68.33515188077341,68.96246026143174,13629700.0
2020-03-18,,,,,,BND,,,,,,66.73387145996094,68.23610557231461,66.28815281598844,67.22086279770694,10076800.0
2020-03-19,,,,,,BND,,,,,,66.6926040649414,67.33641777526344,65.6856108063028,65.81767208920866,11007200.0
2020-03-20,,,,,,BND,,,,,,67.82341003417969,68.13706742198919,66.60181627350643,66.61006577515337,8864500.0
2020-03-23,,,,,,BND,,,,,,69.32563781738281,69.32563781738281,67.02276130947128,67.03101710767761,10973300.0
2020-03-24,,,,,,BND,,,,,,69.39993286132812,69.53199415636473,68.29388881591571,68.46722280789905,9371200.0
2020-03-25,,,,,,BND,,,,,,70.33262634277344,70.6958058713949,69.44944491416729,69.44944491416729,9655500.0
2020-03-26,,,,,,BND,,,,,,70.654541015625,70.72883060804877,70.19231705326975,70.20057285183442,10803800.0
2020-03-27,,,,,,BND,,,,,,71.03421020507812,71.10024398436171,70.3326186178415,70.46468617640868,4975200.0
2020-03-30,,,,,,BND,,,,,,71.10852813720703,71.4551961706957,71.00122162874841,71.00122162874841,6030800.0
2020-03-31,,,,,,BND,,,,,,70.44817352294922,71.33135484126329,70.44817352294922,71.19103778539277,8523900.0
2020-04-01,,,,,,BND,,,,,,70.81216430664062,71.35814898651655,70.77080584722384,71.24233520194491,5995000.0
2020-04-02,,,,,,BND,,,,,,71.14308166503906,71.29198604190944,71.05208419520831,71.24235335341248,6356100.0
2020-04-03,,,,,,BND,,,,,,71.1099624633789,71.25059256506917,71.00242291115288,71.18441777751768,4151200.0
2020-04-06,,,,,,BND,,,,,,71.33334350585938,71.39125040695889,71.14307436717303,71.39125040695889,4373100.0
2020-04-07,,,,,,BND,,,,,,71.3995132446289,71.46569435872414,71.19270199661516,71.3333384419121,6009600.0
2020-04-08,,,,,,BND,,,,,,71.58151245117188,71.58151245117188,71.3085200726697,71.39124962594585,4572300.0
2020-04-09,,,,,,BND,,,,,,72.36738586425781,72.36738586425781,71.7634943166333,71.7634943166333,5070700.0
2020-04-13,,,,,,BND,,,,,,72.1357650756836,72.29294365316936,71.92068590914168,72.29294365316936,7018100.0
2020-04-14,,,,,,BND,,,,,,72.1357650756836,72.29294365316936,72.06131605142957,72.29294365316936,5818300.0
2020-04-15,,,,,,BND,,,,,,72.49147033691406,72.50801876974717,72.13575476753695,72.16884532182527,3922500.0
2020-04-16,,,,,,BND,,,,,,72.53284454345703,72.63211621923631,72.38394018547747,72.49147976737099,3459600.0
2020-04-17,,,,,,BND,,,,,,72.43351745605469,72.68169329995906,72.31770374526569,72.55760537800688,3528300.0
2020-04-20,,,,,,BND,,,,,,72.31773376464844,72.41700540569303,72.25155267061872,72.40873119109519,3705200.0
2020-04-21,,,,,,BND,,,,,,72.40875244140625,72.5576567909849,72.3343034223061,72.54938257395875,4513000.0
2020-04-22,,,,,,BND,,,,,,72.3508529663086,72.40048565079972,72.2433133794515,72.34257874843374,3240100.0
2020-04-23,,,,,,BND,,,,,,72.4666748046875,72.52458171347304,72.38395155090527,72.4418584596908,2587200.0
2020-04-24,,,,,,BND,,,,,,72.44181823730469,72.4831829969184,72.35909502945344,72.4335440231067,2272600.0
2020-04-27,,,,,,BND,,,,,,72.18538665771484,72.4252884191857,72.1688382265087,72.40873998797956,3117300.0
2020-04-28,,,,,,BND,,,,,,72.40046691894531,72.42528956614763,72.30120157564555,72.38392479885448,3118800.0
2020-04-29,,,,,,BND,,,,,,72.45011901855469,72.55765859705784,72.3673957803693,72.49975169919023,4867500.0
2020-04-30,,,,,,BND,,,,,,72.3921890258789,72.56590966406081,72.38391481128649,72.54109333166005,5390100.0
2020-05-01,,,,,,BND,,,,,,72.36235809326172,72.48668697836807,72.24631358452817,72.4286647240013,4857100.0
2020-05-04,,,,,,BND,,,,,,72.43695068359375,72.46181645898764,72.33748125806714,72.39550350863658,7276600.0
2020-05-05,,,,,,BND,,,,,,72.37063598632812,72.42037385986633,72.34577021153444,72.37063598632812,3625600.0
2020-05-06,,,,,,BND,,,,,,72.04740142822266,72.34580351099757,71.99766985574476,72.31264702136104,5006600.0
2020-05-07,,,,,,BND,,,,,,72.2794418334961,72.31259830079347,72.0888000514731,72.26286676182217,3425600.0
2020-05-08,,,,,,BND,,,,,,72.07225799560547,72.25461550330385,72.0308171318259,72.22145901790843,3078900.0
2020-05-11,,,,,,BND,,,,,,71.84848022460938,72.08886006968352,71.80703302499305,72.05570357478142,4344300.0
2020-05-12,,,,,,BND,,,,,,72.0805435180664,72.17172226536329,71.93134250648538,72.00594617425214,3942700.0
2020-05-13,,,,,,BND,,,,,,72.16342163085938,72.27118176680648,72.12198077576187,72.22973458775733,2628900.0
2020-05-14,,,,,,BND,,,,,,72.36235809326172,72.36235809326172,72.2628886612252,72.30433583889494,2844700.0
2020-05-15,,,,,,BND,,,,,,72.40382385253906,72.53644980754191,72.34580157821371,72.53644980754191,2871300.0
2020-05-18,,,,,,BND,,,,,,72.27116394042969,72.43693996783271,72.17169452961782,72.43693996783271,3573700.0
2020-05-19,,,,,,BND,,,,,,72.36235809326172,72.37064246963452,72.24631358452817,72.33748599228902,3083000.0
2020-05-20,,,,,,BND,,,,,,72.55298614501953,72.58614261606395,72.33747224520594,72.4203665847921,4388600.0
2020-05-21,,,,,,BND,,,,,,72.62760925292969,72.68563151182212,72.57787137105623,72.6110278509879,5762200.0
2020-05-22,,,,,,BND,,,,,,72.65248107910156,72.67734686013202,72.61932459641012,72.67734686013202,3710300.0
2020-05-26,,,,,,BND,,,,,,72.61100006103516,72.66073792387276,72.55297782434921,72.66073792387276,5193900.0
2020-05-27,,,,,,BND,,,,,,72.64418029785156,72.76022480919384,72.58615804218041,72.73535903161358,7606400.0
2020-05-28,,,,,,BND,,,,,,72.66905212402344,72.66905212402344,72.52814182337225,72.56958900542358,7381900.0
2020-05-29,,,,,,BND,,,,,,72.87627410888672,72.89285551099742,72.63589436989733,72.71049803149154,6196500.0
2020-06-01,,,,,,BND,,,,,,72.8173599243164,72.8173599243164,72.70939851055772,72.74261253314842,4345600.0
2020-06-02,,,,,,BND,,,,,,72.87545013427734,72.87545013427734,72.77578911804355,72.80900945678815,5445500.0
2020-06-03,,,,,,BND,,,,,,72.70938110351562,72.81734249142774,72.6346337302426,72.77581546892783,5036400.0
2020-06-04,,,,,,BND,,,,,,72.53494262695312,72.78409198646281,72.50172862607448,72.75917831773812,6341700.0
2020-06-05,,,,,,BND,,,,,,72.5266342163086,72.5266342163086,72.27748488455079,72.41866654901922,6465600.0
2020-06-08,,,,,,BND,,,,,,72.60137939453125,72.65951339713799,72.43528405454944,72.48511138931777,4491000.0
2020-06-09,,,,,,BND,,,,,,72.65122985839844,72.76749789048668,72.65122985839844,72.7425778812113,5445200.0
2020-06-10,,,,,,BND,,,,,,72.95851135253906,72.95851135253906,72.66784125474666,72.78410929386362,3951600.0
2020-06-11,,,,,,BND,,,,,,72.82565307617188,73.03327552755917,72.81734640399876,73.03327552755917,5026500.0
2020-06-12,,,,,,BND,,,,,,72.900390625,73.00835834967516,72.82564958742559,72.94191764774185,4087300.0
2020-06-15,,,,,,BND,,,,,,73.04981994628906,73.13286758846144,72.90863832098313,72.96677230411669,4486100.0
2020-06-16,,,,,,BND,,,,,,72.95851135253906,73.15782708586343,72.90037733298058,73.15782708586343,9338500.0
2020-06-17,,,,,,BND,,,,,,72.97511291503906,73.03324692521485,72.84223155684762,73.02494025629491,3900300.0
2020-06-18,,,,,,BND,,,,,,73.05815124511719,73.0830649125564,72.98340390666844,73.03323757767797,2988600.0
2020-06-19,,,,,,BND,,,,,,73.08307647705078,73.09968347926109,73.03324913428779,73.03324913428779,2606400.0
2020-06-22,,,,,,BND,,,,,,73.05815124511719,73.21594625374033,73.04153790940364,73.18272591844435,3048400.0
2020-06-23,,,,,,BND,,,,,,73.02490234375,73.09964331683028,73.00829535066391,73.09134298835154,3037100.0
2020-06-24,,,,,,BND,,,,,,73.0332260131836,73.08305334017209,72.95847868657077,73.00831234968935,3256700.0
2020-06-25,,,,,,BND,,,,,,73.10799407958984,73.19934843698903,73.0830804068687,73.19104176737116,4318400.0
2020-06-26,,,,,,BND,,,,,,73.24088287353516,73.25748987832193,73.12461483162848,73.22426953261531,2911700.0
2020-06-29,,,,,,BND,,,,,,73.29071807861328,73.29902474996344,73.19105703081269,73.26580440069657,3047300.0
2020-06-30,,,,,,BND,,,,,,73.36544799804688,73.38206133823039,73.22426628715098,73.37375466813863,5405900.0
2020-07-01,,,,,,BND,,,,,,73.38375854492188,73.38375854492188,73.21735799767312,73.33383965030204,3569200.0
2020-07-02,,,,,,BND,,,,,,73.50023651123047,73.50023651123047,73.35879541838544,73.40872065827531,4007000.0
2020-07-06,,,,,,BND,,,,,,73.47525787353516,73.49190173174232,73.36709818627666,73.4253389944577,4026800.0
2020-07-07,,,,,,BND,,,,,,73.59172821044922,73.59172821044922,73.45860910405523,73.52517183113774,3300800.0
2020-07-08,,,,,,BND,,,,,,73.55014038085938,73.62501869727751,73.50853708433475,73.61670311619005,2908100.0
2020-07-09,,,,,,BND,,,,,,73.74984741210938,73.79145072283445,73.57512493305723,73.59176244868286,3189700.0
2020-07-10,,,,,,BND,,,,,,73.66663360595703,73.84135605291287,73.64998974561486,73.84135605291287,2960500.0
2020-07-13,,,,,,BND,,,,,,73.69991302490234,73.71655053703059,73.6250283508936,73.65830972292275,3115800.0
2020-07-14,,,,,,BND,,,,,,73.79142761230469,73.83302456222815,73.74982431460923,73.7747837541177,3067300.0
2020-07-15,,,,,,BND,,,,,,73.79972839355469,73.85796918998531,73.74148759712406,73.81637224840385,3349900.0
2020-07-16,,,,,,BND,,,,,,73.84967041015625,73.93287066001685,73.84967041015625,73.89958929051816,2856100.0
2020-07-17,,,,,,BND,,,,,,73.924560546875,73.9911232965118,73.8579977972382,73.97448578298919,2430300.0
2020-07-20,,,,,,BND,,,,,,73.99945068359375,74.04936957561559,73.94952544379827,74.04936957561559,2771000.0
2020-07-21,,,,,,BND,,,,,,74.04103088378906,74.08263418290535,74.02439337280587,74.05767474254446,3044700.0
2020-07-22,,,,,,BND,,,,,,74.1408920288086,74.16585147490456,74.09097313661665,74.14921396009848,5609100.0
2020-07-23,,,,,,BND,,,,,,74.20745849609375,74.24905545907686,74.17417711704287,74.24905545907686,4394900.0
2020-07-24,,,,,,BND,,,,,,74.1907958984375,74.24072112829397,74.12423315714379,74.18248031660508,2980400.0
2020-07-27,,,,,,BND,,,,,,74.1408920288086,74.28233312186819,74.04936982794094,74.2740111905783,5146900.0
2020-07-28,,,,,,BND,,,,,,74.17414855957031,74.24902687277572,74.11590775559782,74.22406743504058,5547800.0
2020-07-29,,,,,,BND,,,,,,74.29061889648438,74.29061889648438,74.1824592334511,74.21573424686858,3136200.0
2020-07-30,,,,,,BND,,,,,,74.33224487304688,74.35721066451808,74.2989698466314,74.31560735983913,2621100.0
2020-07-31,,,,,,BND,,,,,,74.43209838867188,74.44042032021247,74.27401342826981,74.34057618504687,5110000.0
2020-08-03,,,,,,BND,,,,,,74.4062271118164,74.45624122420844,74.32287873659422,74.4479044789642,6270000.0
2020-08-04,,,,,,BND,,,,,,74.56462860107422,74.56462860107422,74.47294343741788,74.48961693576071,5325100.0
2020-08-05,,,,,,BND,,,,,,74.46460723876953,74.50628462585833,74.41459946152415,74.48961748646867,4931500.0
2020-08-06,,,,,,BND,,,,,,74.58128356933594,74.66463196311256,74.54794294001033,74.58128356933594,3933400.0
2020-08-07,,,,,,BND,,,,,,74.49793243408203,74.67296597723494,74.47292855064235,74.63963170536545,3764400.0
2020-08-10,,,,,,BND,,,,,,74.41458892822266,74.59795923093515,74.40625218016966,74.58129209390471,3708400.0
2020-08-11,,,,,,BND,,,,,,74.15619659423828,74.26454886746419,74.08117859040908,74.26454886746419,8125700.0
2020-08-12,,,,,,BND,,,,,,73.9645004272461,74.05618557923174,73.93949654199102,74.05618557923174,4530800.0
2020-08-13,,,,,,BND,,,,,,73.72278594970703,73.98950465880209,73.64777429359074,73.98950465880209,3969800.0
2020-08-14,,,,,,BND,,,,,,73.63946533203125,73.79783181124557,73.62279818851934,73.76449116514371,3454400.0
2020-08-17,,,,,,BND,,,,,,73.73114776611328,73.806165806811,73.67280322738297,73.71448062322368,3995400.0
2020-08-18,,,,,,BND,,,,,,73.83112335205078,73.87279436265406,73.77277884994713,73.8227866063006,6371100.0
2020-08-19,,,,,,BND,,,,,,73.70612335205078,73.93116469333559,73.68111946513869,73.93116469333559,4628100.0
2020-08-20,,,,,,BND,,,,,,73.83112335205078,73.91447173233115,73.8227866063006,73.8978045999046,4623400.0
2020-08-21,,,,,,BND,,,,,,73.989501953125,73.989501953125,73.83114189853416,73.91449029975176,3642100.0
2020-08-24,,,,,,BND,,,,,,73.90614318847656,74.00616507135744,73.88113930752498,73.97282444373049,2960400.0
2020-08-25,,,,,,BND,,,,,,73.76445770263672,73.81446546956496,73.63109517872786,73.78112483858776,4830800.0
2020-08-26,,,,,,BND,,,,,,73.72278594970703,73.77280007952685,73.63943754544151,73.73945944600551,4853800.0
2020-08-27,,,,,,BND,,,,,,73.45606231689453,73.86448028084816,73.4477319283793,73.86448028084816,5125700.0
2020-08-28,,,,,,BND,,,,,,73.514404296875,73.58942230445165,73.44772939567629,73.54774492701185,4281200.0
2020-08-31,,,,,,BND,,,,,,73.73114776611328,73.7978290558273,73.56445090090604,73.59779154576304,16000300.0
2020-09-01,,,,,,BND,,,,,,73.93401336669922,73.95070938053105,73.62508296501959,73.68352856857055,7201700.0
2020-09-02,,,,,,BND,,,,,,74.09262084960938,74.11766804629522,73.91728410271782,73.92563529164333,5054900.0
2020-09-03,,,,,,BND,,,,,,74.10099792480469,74.21788913023356,74.06759952752601,74.15109233567622,7543900.0
2020-09-04,,,,,,BND,,,,,,73.66682434082031,74.00914673199433,73.66682434082031,73.99245072002412,6588300.0
2020-09-08,,,,,,BND,,,,,,73.77536010742188,73.8839001042263,73.74196171530699,73.82545451054824,4440300.0
2020-09-09,,,,,,BND,,,,,,73.72527313232422,73.850509152758,73.67517235405812,73.8087659359776,6048200.0
2020-09-10,,,,,,BND,,,,,,73.74200439453125,73.77540280597594,73.61676194413758,73.66686274635244,5331800.0
2020-09-11,,,,,,BND,,,,,,73.81713104248047,73.85887426712979,73.76703025476998,73.83382705832145,5301400.0
2020-09-14,,,,,,BND,,,,,,73.81713104248047,73.91731987771388,73.80877984951309,73.88392147593814,4256400.0
2020-09-15,,,,,,BND,,,,,,73.8588638305664,73.88391103583548,73.80876942002826,73.8588638305664,3746900.0
2020-09-16,,,,,,BND,,,,,,73.8421630859375,73.97575029551113,73.75866391359993,73.9590542830991,4851800.0
2020-09-17,,,,,,BND,,,,,,73.8421630859375,73.98410148676338,73.825460703433,73.97575029551113,2815400.0
2020-09-18,,,,,,BND,,,,,,73.75869750976562,73.90898717029883,73.7503526848049,73.90898717029883,2938800.0
2020-09-21,,,,,,BND,,,,,,73.8004150390625,73.89225903447547,73.79206384763606,73.88390784304903,4981500.0
2020-09-22,,,,,,BND,,,,,,73.82547760009766,73.8672271958218,73.76703198814023,73.80878158386437,4442200.0
2020-09-23,,,,,,BND,,,,,,73.65848541259766,73.84217342531231,73.65848541259766,73.81712621814093,4659600.0
2020-09-24,,,,,,BND,,,,,,73.66682434082031,73.750317140856,73.63342594678757,73.74196594982473,4225900.0
2020-09-25,,,,,,BND,,,,,,73.65848541259766,73.7252822117836,73.63343820542627,73.7252822117836,5602600.0
2020-09-28,,,,,,BND,,,,,,73.72527313232422,73.73361795362474,73.6668275327576,73.70021955814487,4215100.0
2020-09-29,,,,,,BND,,,,,,73.77536010742188,73.84215689165165,73.7503129058587,73.80040730898506,7929700.0
2020-09-30,,,,,,BND,,,,,,73.65848541259766,73.7252822117836,73.58333742099013,73.70857982694042,6113600.0
2020-10-01,,,,,,BND,,,,,,73.7337417602539,73.75883162134643,73.57483079874622,73.59155524582748,4485900.0
2020-10-02,,,,,,BND,,,,,,73.68357849121094,73.7755789310214,73.58321901574007,73.7755789310214,5557100.0
2020-10-05,,,,,,BND,,,,,,73.40756225585938,73.58320406413068,73.40756225585938,73.58320406413068,6298400.0
2020-10-06,,,,,,BND,,,,,,73.5079345703125,73.63339028115931,73.38247885946569,73.48284470433164,5705900.0
2020-10-07,,,,,,BND,,,,,,73.40756225585938,73.5162935067837,73.36574794322398,73.44938294943672,3494600.0
2020-10-08,,,,,,BND,,,,,,73.53302764892578,73.55811751600281,73.47448249876513,73.50793778184877,5661600.0
2020-10-09,,,,,,BND,,,,,,73.54977416992188,73.54977416992188,73.39922855440388,73.45777371705286,4105000.0
2020-10-12,,,,,,BND,,,,,,73.6584701538086,73.68356001638548,73.56646973706557,73.59155959964247,3383500.0
2020-10-13,,,,,,BND,,,,,,73.7170181274414,73.76719785452428,73.67519743424441,73.70029367872775,4121100.0
2020-10-14,,,,,,BND,,,,,,73.75885772705078,73.7923130139955,73.70031257013339,73.74212689310664,6966400.0
2020-10-15,,,,,,BND,,,,,,73.7170181274414,73.8006531328935,73.68356284907219,73.7588388206384,3877900.0
2020-10-16,,,,,,BND,,,,,,73.6584701538086,73.77556043312849,73.6333802912317,73.73374612248091,3424500.0
2020-10-19,,,,,,BND,,,,,,73.59154510498047,73.62500037547416,73.53299997685163,73.60827593069752,5206600.0
2020-10-20,,,,,,BND,,,,,,73.46614074707031,73.54141675349148,73.44105087191154,73.54141675349148,4652700.0
2020-10-21,,,,,,BND,,,,,,73.38248443603516,73.46611945597455,73.36575998442449,73.4326705527532,4115700.0
2020-10-22,,,,,,BND,,,,,,73.25704193115234,73.38249767416502,73.2403174765246,73.37413863732323,5036700.0
2020-10-23,,,,,,BND,,,,,,73.34902954101562,73.3908502416787,73.2403046526119,73.24867006893312,3237300.0
2020-10-26,,,,,,BND,,,,,,73.45775604248047,73.52466660682124,73.43266617608833,73.44102521092397,4177000.0
2020-10-27,,,,,,BND,,,,,,73.6333999633789,73.65012441591777,73.51630965277677,73.57485480807783,3293100.0
2020-10-28,,,,,,BND,,,,,,73.53302764892578,73.67520781632413,73.50793778184877,73.67520781632413,4766400.0
2020-10-29,,,,,,BND,,,,,,73.37411499023438,73.54975042147049,73.29883901630913,73.53301959129061,4200700.0
2020-10-30,,,,,,BND,,,,,,73.24864196777344,73.39918749908485,73.18173142475935,73.33227695607076,9731400.0
2020-11-02,,,,,,BND,,,,,,73.35003662109375,73.41705635172447,73.324897031149,73.35841009244581,4021200.0
2020-11-03,,,,,,BND,,,,,,73.33329772949219,73.34167759518795,73.24113838273296,73.32491786379644,3985400.0
2020-11-04,,,,,,BND,,,,,,73.83595275878906,73.88622554176493,73.72704011427211,73.78568636777543,5667400.0
2020-11-05,,,,,,BND,,,,,,73.91138458251953,73.97003085653022,73.81922523879354,73.96165099111026,4128700.0
2020-11-06,,,,,,BND,,,,,,73.74381256103516,73.78570549237962,73.66003309031012,73.73543908833737,3844500.0
2020-11-09,,,,,,BND,,,,,,73.40026092529297,73.52593323509778,73.25783529042847,73.50917351807891,5712700.0
2020-11-10,,,,,,BND,,,,,,73.25790405273438,73.35006340696445,73.21601111282426,73.24952418635931,5169600.0
2020-11-11,,,,,,BND,,,,,,73.30812072753906,73.3165005882284,73.20758157514967,73.2578543473248,3365700.0
2020-11-12,,,,,,BND,,,,,,73.55111694335938,73.55111694335938,73.39193148212624,73.43382441149188,4178500.0
2020-11-13,,,,,,BND,,,,,,73.57621765136719,73.62648403083638,73.55108446163258,73.5845975119323,3199500.0
2020-11-16,,,,,,BND,,,,,,73.6181411743164,73.62651464640264,73.551115045846,73.57624824603154,4059400.0
2020-11-17,,,,,,BND,,,,,,73.74381256103516,73.76895215502017,73.66003309031012,73.69354615699291,5537500.0
2020-11-18,,,,,,BND,,,,,,73.82759094238281,73.83596441423207,73.76894467962184,73.82759094238281,6089500.0
2020-11-19,,,,,,BND,,,,,,73.9783935546875,74.01190022466287,73.86947450539714,73.90298756733549,6207000.0
2020-11-20,,,,,,BND,,,,,,74.04541015625,74.07054974561319,73.93649750352702,73.99514376144904,6611300.0
2020-11-23,,,,,,BND,,,,,,73.98675537109375,74.03702815206331,73.9532423144347,74.02864828990806,3506600.0
2020-11-24,,,,,,BND,,,,,,73.91138458251953,73.99516406082557,73.89462485167964,73.97841072195015,4678800.0
2020-11-25,,,,,,BND,,,,,,73.87786102294922,73.98677369008621,73.86948115871913,73.95326062512939,5282000.0
2020-11-27,,,,,,BND,,,,,,74.03704833984375,74.04542181232023,73.96164234380934,73.97002220824956,2226300.0
2020-11-30,,,,,,BND,,,,,,74.13754272460938,74.14592258470685,74.02025025108645,74.03700997128139,4729900.0
2020-12-01,,,,,,BND,,,,,,73.91351318359375,74.07294987467579,73.84637857560732,74.06456285040893,7331400.0
2020-12-02,,,,,,BND,,,,,,73.78759765625,74.0057818135496,73.69528922055805,73.8631192478315,4631300.0
2020-12-03,,,,,,BND,,,,,,73.9302978515625,74.00582589043265,73.84638278794708,73.95547173041622,3685300.0
2020-12-04,,,,,,BND,,,,,,73.73729705810547,73.86316645785807,73.68694289589519,73.84638600532747,4880200.0
2020-12-07,,,,,,BND,,,,,,73.83797454833984,73.90510914668798,73.81280067453622,73.82958752527709,4734800.0
2020-12-08,,,,,,BND,,,,,,73.86314392089844,73.9806326620017,73.85475689834679,73.97223923714276,3737300.0
2020-12-09,,,,,,BND,,,,,,73.73729705810547,73.7792513905866,73.68694289589519,73.75407751063607,5163900.0
2020-12-10,,,,,,BND,,,,,,73.8883285522461,73.9302828744,73.77923322956904,73.81280052867677,4731400.0
2020-12-11,,,,,,BND,,,,,,74.00582885742188,74.0393961646756,73.94708767030517,73.98065497755888,5317100.0
2020-12-14,,,,,,BND,,,,,,73.98065185546875,74.00582573426935,73.85477605915675,73.9386911225951,5176800.0
2020-12-15,,,,,,BND,,,,,,74.01422119140625,74.02261461939904,73.9303061184075,73.93869954640027,6539900.0
2020-12-16,,,,,,BND,,,,,,73.93869018554688,74.00582479637032,73.83798826931171,73.92190333168658,4186700.0
2020-12-17,,,,,,BND,,,,,,73.95547485351562,74.09813751022627,73.87995321376519,74.03939632298396,4963600.0
2020-12-18,,,,,,BND,,,,,,73.9302978515625,74.04778022108587,73.89673054565453,74.00582589043265,3472700.0
2020-12-21,,,,,,BND,,,,,,73.93869018554688,74.03099867485189,73.89672945320501,74.00582479637032,5364200.0
2020-12-22,,,,,,BND,,,,,,74.0561752319336,74.06456865916734,73.92190600543022,73.97226016652354,4697300.0
2020-12-23,,,,,,BND,,,,,,73.97283172607422,73.9812529226954,73.83811827409892,73.97283172607422,5643700.0
2020-12-24,,,,,,BND,,,,,,74.09910583496094,74.11594180058934,74.03174912546858,74.08226344584317,1980900.0
2020-12-28,,,,,,BND,,,,,,74.07386016845703,74.11595330080412,73.98124628440694,74.04018180848514,4706500.0
2020-12-29,,,,,,BND,,,,,,74.09910583496094,74.13278418970712,74.01491315984018,74.04858509109698,4884800.0
2020-12-30,,,,,,BND,,,,,,74.14964294433594,74.15806414148298,74.0738714404866,74.11596457923912,3609800.0
2020-12-31,,,,,,BND,,,,,,74.25064086914062,74.26747683151514,74.16644178680367,74.1832841726663,6134900.0
2021-01-04,,,,,,BND,,,,,,74.14964294433594,74.17490011228571,74.0738714404866,74.12438577638616,7568400.0
2021-01-05,,,,,,BND,,,,,,74.02333068847656,74.12436575647892,73.9391380102194,74.10752336673373,6452700.0
2021-01-06,,,,,,BND,,,,,,73.6949691772461,73.76232588415711,73.53499860420472,73.76232588415711,5933700.0
2021-01-07,,,,,,BND,,,,,,73.54344177246094,73.60237730274511,73.52660580244732,73.55186296921326,6196100.0
2021-01-08,,,,,,BND,,,,,,73.47608947753906,73.5771245741883,73.3918967754104,73.5771245741883,7688800.0
2021-01-11,,,,,,BND,,,,,,73.4002685546875,73.45920404884738,73.33291186893703,73.45920404884738,5404300.0
2021-01-12,,,,,,BND,,,,,,73.38346099853516,73.38346099853516,73.19823325277135,73.32451905807433,6078800.0
2021-01-13,,,,,,BND,,,,,,73.57711029052734,73.67814536756246,73.43398208234522,73.47607521349222,7357100.0
2021-01-14,,,,,,BND,,,,,,73.4844970703125,73.66972483479843,73.42556154738428,73.58553214825672,7191900.0
2021-01-15,,,,,,BND,,,,,,73.54344177246094,73.61079849949743,73.48450624217675,73.53502057570861,4083600.0
2021-01-19,,,,,,BND,,,,,,73.64444732666016,73.65286852003501,73.50131915672985,73.56025466337694,7636500.0
2021-01-20,,,,,,BND,,,,,,73.63605499267578,73.66973335588595,73.585540659606,73.6023766294656,5889500.0
2021-01-21,,,,,,BND,,,,,,73.53500366210938,73.58552440751212,73.4760681453808,73.52658889078354,7890800.0
2021-01-22,,,,,,BND,,,,,,73.56868743896484,73.6023657972185,73.50975191789347,73.59395102527262,4439800.0
2021-01-25,,,,,,BND,,,,,,73.73710632324219,73.74552109827988,73.6276500128281,73.6613283834561,5126900.0
2021-01-26,,,,,,BND,,,,,,73.72865295410156,73.77075250489003,73.66971743709148,73.70339579302433,4608700.0
2021-01-27,,,,,,BND,,,,,,73.72865295410156,73.83810279326613,73.72023175924595,73.77916727625605,4248500.0
2021-01-28,,,,,,BND,,,,,,73.66973114013672,73.7286666681092,73.59395964281101,73.72024547168719,4359300.0
2021-01-29,,,,,,BND,,,,,,73.61079406738281,73.65289362511858,73.49292301391148,73.49292301391148,6088400.0
2021-02-01,,,,,,BND,,,,,,73.63524627685547,73.67741287149185,73.55935412697283,73.56778229892487,5774700.0
2021-02-02,,,,,,BND,,,,,,73.54247283935547,73.56777021849564,73.50874085592923,73.54247283935547,4554500.0
2021-02-03,,,,,,BND,,,,,,73.41596984863281,73.50873118241836,73.41596984863281,73.49186840978332,4271700.0
2021-02-04,,,,,,BND,,,,,,73.43284606933594,73.45814344756349,73.31478734846223,73.40754869110839,4652200.0
2021-02-05,,,,,,BND,,,,,,73.33168029785156,73.47503645594223,73.32324569039905,73.43287628612049,4401300.0
2021-02-08,,,,,,BND,,,,,,73.41596984863281,73.4665710339722,73.31478034538833,73.34007772119945,5571500.0
2021-02-09,,,,,,BND,,,,,,73.38227081298828,73.4834667953796,73.37384263974569,73.41600280711872,4474000.0
2021-02-10,,,,,,BND,,,,,,73.50032806396484,73.50032806396484,73.42442947694593,73.46659607348082,3735500.0
2021-02-11,,,,,,BND,,,,,,73.42440795898438,73.52560390077971,73.38224137480695,73.50030652376024,4578200.0
2021-02-12,,,,,,BND,,,,,,73.2304458618164,73.34007639997914,73.20514848646101,73.3063444215996,4825400.0
2021-02-16,,,,,,BND,,,,,,72.88470458984375,73.01962607010285,72.86784181745526,73.00276329771435,6702200.0
2021-02-17,,,,,,BND,,,,,,73.03653717041016,73.04497177830106,72.93534117688141,73.01123978045815,5217000.0
2021-02-18,,,,,,BND,,,,,,72.99434661865234,73.02807860542937,72.87628788179205,72.92688907881691,4607000.0
2021-02-19,,,,,,BND,,,,,,72.74136352539062,72.90158241417127,72.69076233034345,72.88471963830114,4011100.0
2021-02-22,,,,,,BND,,,,,,72.53894805908203,72.76663727856717,72.52208528868726,72.6823105591608,4809400.0
2021-02-23,,,,,,BND,,,,,,72.52213287353516,72.56429947776378,72.37034210552079,72.41250870974943,6475900.0
2021-02-24,,,,,,BND,,,,,,72.47993469238281,72.51366667432579,72.20165710035921,72.25225185641483,5164600.0
2021-02-25,,,,,,BND,,,,,,71.84747314453125,72.2353877126615,71.61135570912506,72.18478652384762,9956100.0
2021-02-26,,,,,,BND,,,,,,72.47152709960938,72.47152709960938,71.93182810271601,72.15951100333183,8580200.0
2021-03-01,,,,,,BND,,,,,,72.37775421142578,72.41998418480763,72.23418261135038,72.30174799140562,7152000.0
2021-03-02,,,,,,BND,,,,,,72.36931610107422,72.38620422503037,72.29330343479774,72.3355334097724,5338800.0
2021-03-03,,,,,,BND,,,,,,72.14128875732422,72.22574226881451,72.06528252999993,72.18351873476432,6022500.0
2021-03-04,,,,,,BND,,,,,,71.91328430175781,72.19198676883322,71.82883076599333,72.16664490905129,9701800.0
2021-03-05,,,,,,BND,,,,,,71.87102508544922,71.89636049153661,71.7190062055357,71.78657158402818,6871000.0
2021-03-08,,,,,,BND,,,,,,71.54166412353516,71.7865838298084,71.54166412353516,71.7528011347993,5806700.0
2021-03-09,,,,,,BND,,,,,,71.77814483642578,71.84571023424856,71.72747400975419,71.72747400975419,7671800.0
2021-03-10,,,,,,BND,,,,,,71.91328430175781,71.96395513453815,71.82038347939935,71.84571889578952,5286700.0
2021-03-11,,,,,,BND,,,,,,71.9217300415039,71.98084815960675,71.8203819347312,71.90483546867931,5510000.0
2021-03-12,,,,,,BND,,,,,,71.490966796875,71.57542028139082,71.43184871337515,71.56697299992288,5717100.0
2021-03-15,,,,,,BND,,,,,,71.57544708251953,71.6176770622842,71.49944085101144,71.49944085101144,5012200.0
2021-03-16,,,,,,BND,,,,,,71.5670166015625,71.65991742414533,71.49945763882279,71.617693877857,6159100.0
2021-03-17,,,,,,BND,,,,,,71.54166412353516,71.61767679815317,71.31363898646158,71.44876332310771,7370600.0
2021-03-18,,,,,,BND,,,,,,71.24608612060547,71.3389869373637,71.12784988898434,71.19541529087967,4905200.0
2021-03-19,,,,,,BND,,,,,,71.30516815185547,71.67677123083563,71.19537926187864,71.61765314494225,4969200.0
2021-03-22,,,,,,BND,,,,,,71.50788116455078,71.54166385943516,71.40653952328785,71.4740984696664,4748300.0
2021-03-23,,,,,,BND,,,,,,71.6683349609375,71.68522308376416,71.51631608194123,71.67678224404537,5148600.0
2021-03-24,,,,,,BND,,,,,,71.77814483642578,71.78659212200138,71.56700780077284,71.58390237192403,5148200.0
2021-03-25,,,,,,BND,,,,,,71.72749328613281,71.83728225455678,71.6430397378534,71.81194683441224,3876300.0
2021-03-26,,,,,,BND,,,,,,71.60079193115234,71.71902815801053,71.5585683892122,71.58390380305451,3376200.0
2021-03-29,,,,,,BND,,,,,,71.50788116455078,71.6430119440883,71.43187493360358,71.61767653377257,3775500.0
2021-03-30,,,,,,BND,,,,,,71.58387756347656,71.59231840273588,71.37274060099625,71.42341141010712,4769200.0
2021-03-31,,,,,,BND,,,,,,71.55011749267578,71.65990642824897,71.47410481159373,71.58390019055771,6949300.0
2021-04-01,,,,,,BND,,,,,,71.78035736083984,71.8142103356905,71.67031258948246,71.76342441538802,4780200.0
2021-04-05,,,,,,BND,,,,,,71.67029571533203,71.70415514023728,71.56872389864127,71.6279762777192,8200600.0
2021-04-06,,,,,,BND,,,,,,71.92424011230469,71.9411665962012,71.74648297027825,71.76340945417475,5400600.0
2021-04-07,,,,,,BND,,,,,,71.83960723876953,71.96657203508072,71.82267429391052,71.86500019803177,5480200.0
2021-04-08,,,,,,BND,,,,,,72.00045013427734,72.00891660890194,71.90733828749059,71.92427123673978,3872300.0
2021-04-09,,,,,,BND,,,,,,71.90730285644531,72.00888112780578,71.82265752599064,71.9242357973511,9748500.0
2021-04-12,,,,,,BND,,,,,,71.89039611816406,71.89039611816406,71.82267725199152,71.89039611816406,3995700.0
2021-04-13,,,,,,BND,,,,,,72.07659912109375,72.07659912109375,71.85651609810031,71.85651609810031,4097500.0
2021-04-14,,,,,,BND,,,,,,72.02582550048828,72.05968493268513,71.95811309412096,72.00043254084724,4592300.0
2021-04-15,,,,,,BND,,,,,,72.33055877685547,72.42367060712672,72.17819455077768,72.22898693148814,5395000.0
2021-04-16,,,,,,BND,,,,,,72.13587188720703,72.21205076783838,72.00043415538262,72.13587188720703,6199700.0
2021-04-19,,,,,,BND,,,,,,72.09353637695312,72.11046932018856,72.00042456323514,72.04275046329809,6165300.0
2021-04-20,,,,,,BND,,,,,,72.2120590209961,72.25438493153531,72.06816125800638,72.07662773171967,6383700.0
2021-04-21,,,,,,BND,,,,,,72.28822326660156,72.28822326660156,72.15278555883371,72.18664498577567,4508300.0
2021-04-22,,,,,,BND,,,,,,72.3220443725586,72.33897084804813,72.19507320331026,72.29665143031332,4007800.0
2021-04-23,,,,,,BND,,,,,,72.33055877685547,72.37288468444305,72.2459134197071,72.3559581962241,6435700.0
2021-04-26,,,,,,BND,,,,,,72.27974700927734,72.3643923361593,72.26282052711075,72.33899938389716,3797400.0
2021-04-27,,,,,,BND,,,,,,72.09353637695312,72.26283351917928,72.07660989174333,72.26283351917928,4450300.0
2021-04-28,,,,,,BND,,,,,,72.12741088867188,72.14434383544832,71.97504665781877,72.11894441528365,5479200.0
2021-04-29,,,,,,BND,,,,,,72.06814575195312,72.06814575195312,71.90731507614086,72.00042689287156,6247600.0
2021-04-30,,,,,,BND,,,,,,72.16972351074219,72.16972351074219,72.04275226540287,72.13586408144998,6867600.0
2021-05-03,,,,,,BND,,,,,,72.1875228881836,72.3231625483909,72.15361135614093,72.16209085614244,4601200.0
2021-05-04,,,,,,BND,,,,,,72.2807846069336,72.39099224519735,72.23839357100539,72.26382560537672,5520300.0
2021-05-05,,,,,,BND,,,,,,72.32318878173828,72.34862082300424,72.20450161051996,72.23841315486315,5950300.0
2021-05-06,,,,,,BND,,,,,,72.35710144042969,72.39949248850297,72.26384630904114,72.27232581224897,4143600.0
2021-05-07,,,,,,BND,,,,,,72.36558532714844,72.56904814070002,72.31472124075209,72.46731996790734,4886300.0
2021-05-10,,,,,,BND,,,,,,72.1960220336914,72.3910053110401,72.1790630290736,72.37405277438745,6211800.0
2021-05-11,,,,,,BND,,,,,,72.0519027709961,72.09429381834359,72.00951819161432,72.07733481221831,6630800.0
2021-05-12,,,,,,BND,,,,,,71.79754638671875,71.93318604015344,71.77211435594744,71.93318604015344,7011700.0
2021-05-13,,,,,,BND,,,,,,71.94169616699219,71.97560771177857,71.78909744943641,71.78909744943641,6991000.0
2021-05-14,,,,,,BND,,,,,,72.11124420166016,72.11124420166016,71.99255703419266,72.04342758308267,6262100.0
2021-05-17,,,,,,BND,,,,,,72.04344177246094,72.0943058634034,72.01800325902289,72.0943058634034,4753000.0
2021-05-18,,,,,,BND,,,,,,71.96709442138672,72.00100595025226,71.93318289252117,71.98405341980089,4631000.0
2021-05-19,,,,,,BND,,,,,,71.89081573486328,72.06036695227112,71.80603365819502,71.9840708448269,6511300.0
2021-05-20,,,,,,BND,,,,,,72.12820434570312,72.13667738068058,71.96712612961251,71.96712612961251,5283900.0
2021-05-21,,,,,,BND,,,,,,72.14513397216797,72.1875250054555,72.08579040634358,72.1620929726684,5050800.0
2021-05-24,,,,,,BND,,,,,,72.22991180419922,72.26382333828509,72.17904773705229,72.1875272375647,6954500.0
2021-05-25,,,,,,BND,,,,,,72.41644287109375,72.41644287109375,72.263844157725,72.27232366068039,5235500.0
2021-05-26,,,,,,BND,,,,,,72.39097595214844,72.45031950831307,72.3316323959838,72.37402342237105,4834400.0
2021-05-27,,,,,,BND,,,,,,72.28922271728516,72.34856625813777,72.22987917643255,72.33161373273454,5215200.0
2021-05-28,,,,,,BND,,,,,,72.2807846069336,72.39099224519735,72.27230510615516,72.28925763974804,5258500.0
2021-06-01,,,,,,BND,,,,,,72.27568817138672,72.29266739004399,72.15681420635009,72.23323040752568,5398000.0
2021-06-02,,,,,,BND,,,,,,72.35209655761719,72.36908225258502,72.25020182224375,72.2671875172116,5479900.0
2021-06-03,,,,,,BND,,,,,,72.21627807617188,72.2842014542352,72.19929237304531,72.2842014542352,4829000.0
2021-06-04,,,,,,BND,,,,,,72.50495147705078,72.50495147705078,72.29267558995832,72.30966128868745,19321400.0
2021-06-07,,,,,,BND,,,,,,72.4540023803711,72.47947444857621,72.42003746338241,72.4540023803711,10706500.0
2021-06-08,,,,,,BND,,,,,,72.58984375,72.60682944480122,72.54739246928585,72.58984375,5099600.0
2021-06-09,,,,,,BND,,,,,,72.73419189453125,72.8021152352417,72.68324129131831,72.75966395706568,4810300.0
2021-06-10,,,,,,BND,,,,,,72.88703918457031,72.90402488183176,72.60683996121051,72.63231202895727,7400300.0
2021-06-11,,,,,,BND,,,,,,72.87006378173828,72.89553585081904,72.80213394542575,72.87006378173828,4194500.0
2021-06-14,,,,,,BND,,,,,,72.6832504272461,72.81911008203204,72.6662712094703,72.81911008203204,4438400.0
2021-06-15,,,,,,BND,,,,,,72.6832504272461,72.70872249298223,72.61532059985312,72.6492855135496,6173600.0
2021-06-16,,,,,,BND,,,,,,72.47947692871094,72.79364756299746,72.39456787240655,72.75118979577239,7302400.0
2021-06-17,,,,,,BND,,,,,,72.72570037841797,72.91250414461413,72.58135436931883,72.5983335852711,6467500.0
2021-06-18,,,,,,BND,,,,,,72.95499420166016,73.01443120630228,72.70875333152917,72.78517603929627,5842800.0
2021-06-21,,,,,,BND,,,,,,72.70024108886719,72.81062220731155,72.6832553917863,72.78515013983557,7907000.0
2021-06-22,,,,,,BND,,,,,,72.8021469116211,72.81063976220919,72.60685669512321,72.6153430675644,4082900.0
2021-06-23,,,,,,BND,,,,,,72.75116729736328,72.81909711265769,72.70870954326834,72.75966014381102,5739900.0
2021-06-24,,,,,,BND,,,,,,72.78514099121094,72.83608511975955,72.75966892693664,72.79363383868389,4852100.0
2021-06-25,,,,,,BND,,,,,,72.6492919921875,72.81062372709665,72.5558900907291,72.80213087837895,6018500.0
2021-06-28,,,,,,BND,,,,,,72.84457397460938,72.88702525335827,72.7426792449525,72.75966493896739,5664100.0
2021-06-29,,,,,,BND,,,,,,72.87855529785156,72.87855529785156,72.73420925693685,72.73420925693685,10672700.0
2021-06-30,,,,,,BND,,,,,,72.92948150634766,73.00590417155041,72.91250229082706,72.93797435317997,4846600.0
2021-07-01,,,,,,BND,,,,,,72.92267608642578,72.94818735482991,72.82062452469421,72.90567073686138,5768000.0
2021-07-02,,,,,,BND,,,,,,73.05029296875,73.05029296875,72.91422411909298,72.93123596936003,4315700.0
2021-07-06,,,,,,BND,,,,,,73.31388854980469,73.36491110369305,73.13530312307822,73.13530312307822,5711600.0
2021-07-07,,,,,,BND,,,,,,73.46694946289062,73.50947257554759,73.33088718099724,73.39041564584736,5933900.0
2021-07-08,,,,,,BND,,,,,,73.53497314453125,73.6200128693512,73.45843285051272,73.50946187589678,6991200.0
2021-07-09,,,,,,BND,,,,,,73.30535888671875,73.36488734301477,73.30535888671875,73.36488734301477,10304900.0
2021-07-12,,,,,,BND,,,,,,73.27986145019531,73.38191303230087,73.2373448237386,73.35640175880357,9073900.0
2021-07-13,,,,,,BND,,,,,,73.05029296875,73.33093010507771,73.02478168146928,73.27140160538274,8583600.0
2021-07-14,,,,,,BND,,,,,,73.29686737060547,73.31387272219125,73.18630987689247,73.20332171659408,5036200.0
2021-07-15,,,,,,BND,,,,,,73.47547149658203,73.48397741860202,73.288380140847,73.42444245257954,3423000.0
2021-07-16,,,,,,BND,,,,,,73.4074478149414,73.44997094313274,73.29689676500972,73.30539620015324,5725100.0
2021-07-19,,,,,,BND,,,,,,73.82415008544922,73.89218449794768,73.71359903122823,73.73911031388548,6493300.0
2021-07-20,,,,,,BND,,,,,,73.74757385253906,74.05372204471094,73.70505074713715,74.02821077671578,6762200.0
2021-07-21,,,,,,BND,,,,,,73.50948333740234,73.59452308705012,73.44144894243732,73.55199996816773,6293000.0
2021-07-22,,,,,,BND,,,,,,73.67105865478516,73.73058712975586,73.51798450655804,73.51798450655804,4894900.0
2021-07-23,,,,,,BND,,,,,,73.58602905273438,73.61154033293809,73.47547800914556,73.48398393191948,8887500.0
2021-07-26,,,,,,BND,,,,,,73.54349517822266,73.67105154934502,73.51797741588165,73.67105154934502,5427900.0
2021-07-27,,,,,,BND,,,,,,73.73055267333984,73.74756450859115,73.64551296142567,73.71354732620266,4344100.0
2021-07-28,,,,,,BND,,,,,,73.79863739013672,73.79863739013672,73.56052343906876,73.63705728557551,6636700.0
2021-07-29,,,,,,BND,,,,,,73.67105865478516,73.72208769627231,73.6285420230159,73.64554737810016,5201000.0
2021-07-30,,,,,,BND,,,,,,73.78157043457031,73.7985757791131,73.70503016384494,73.73054142471568,7557200.0
2021-08-02,,,,,,BND,,,,,,73.95706939697266,74.05076192952964,73.78671638400404,73.82930626182194,4660800.0
2021-08-03,,,,,,BND,,,,,,73.97407531738281,74.05073577071373,73.94000472682471,73.96555604516811,5297700.0
2021-08-04,,,,,,BND,,,,,,73.97407531738281,74.14442827017335,73.79520959067827,74.11035767961523,3916900.0
2021-08-05,,,,,,BND,,,,,,73.80377960205078,73.92302350183246,73.77822826614116,73.90598494568927,4613800.0
2021-08-06,,,,,,BND,,,,,,73.45451354980469,73.59079591828291,73.43748150289541,73.5226547340438,4329800.0
2021-08-09,,,,,,BND,,,,,,73.3182373046875,73.56524422256537,73.3182373046875,73.52265435805847,4541300.0
2021-08-10,,,,,,BND,,,,,,73.20752716064453,73.35232884233541,73.20752716064453,73.35232884233541,4312300.0
2021-08-11,,,,,,BND,,,,,,73.2586441040039,73.36936869749434,73.1308809587128,73.22457349870604,6494000.0
2021-08-12,,,,,,BND,,,,,,73.26714324951172,73.29270107245746,73.16493795093795,73.23307914885532,4946500.0
2021-08-13,,,,,,BND,,,,,,73.55673217773438,73.55673217773438,73.34379583087858,73.36082787937433,4329600.0
2021-08-16,,,,,,BND,,,,,,73.62492370605469,73.76119968209815,73.59937236669067,73.65047504541872,3918900.0
2021-08-17,,,,,,BND,,,,,,73.5482177734375,73.65042956608357,73.53118572381416,73.56525632136287,7168400.0
2021-08-18,,,,,,BND,,,,,,73.53120422363281,73.6163774897824,73.45454373528563,73.53120422363281,4561900.0
2021-08-19,,,,,,BND,,,,,,73.69302368164062,73.69302368164062,73.5993376476025,73.66747235432996,5345600.0
2021-08-20,,,,,,BND,,,,,,73.67596435546875,73.73558626322324,73.65041303761691,73.71003494537139,3581200.0
2021-08-23,,,,,,BND,,,,,,73.69302368164062,73.70154295684517,73.61636969970861,73.65895957742838,4005500.0
2021-08-24,,,,,,BND,,,,,,73.5482177734375,73.65894884004625,73.5482177734375,73.6333910181582,5164800.0
2021-08-25,,,,,,BND,,,,,,73.42897033691406,73.59080404277329,73.36934841869777,73.58228476922761,3904900.0
2021-08-26,,,,,,BND,,,,,,73.43753051757812,73.46308185414637,73.34383795129102,73.45456257585518,4810900.0
2021-08-27,,,,,,BND,,,,,,73.65042114257812,73.65042114257812,73.39489493933885,73.45451685365451,4780900.0
2021-08-30,,,,,,BND,,,,,,73.73561096191406,73.73561096191406,73.58229650514781,73.5993350549567,4119000.0
2021-08-31,,,,,,BND,,,,,,73.64195251464844,73.7697157041334,73.58233055932955,73.72712580820316,4974900.0
2021-09-01,,,,,,BND,,,,,,73.65471649169922,73.71443817152759,73.57794263214653,73.71443817152759,4792400.0
2021-09-02,,,,,,BND,,,,,,73.75712585449219,73.75712585449219,73.65475414761895,73.71447585797999,4885100.0
2021-09-03,,,,,,BND,,,,,,73.60353088378906,73.62059607974082,73.54381571488845,73.58647219630257,4059700.0
2021-09-07,,,,,,BND,,,,,,73.39026641845703,73.44998159136479,73.33055124554927,73.4329229027336,4839700.0
2021-09-08,,,,,,BND,,,,,,73.50970458984375,73.57795236856538,73.44145681112214,73.47558070048294,4864600.0
2021-09-09,,,,,,BND,,,,,,73.77413940429688,73.79973068597933,73.52674616725935,73.58646132733983,5504600.0
2021-09-10,,,,,,BND,,,,,,73.59500122070312,73.68884027678418,73.45851218997238,73.6547163919851,3711400.0
2021-09-13,,,,,,BND,,,,,,73.70588684082031,73.7229455246747,73.64617168463411,73.65469777232936,4047300.0
2021-09-14,,,,,,BND,,,,,,73.88507843017578,73.94479362363761,73.74005674726392,73.76564804325213,4758300.0
2021-09-15,,,,,,BND,,,,,,73.81678009033203,73.87649524290482,73.73147365929425,73.867962647262,6204400.0
2021-09-16,,,,,,BND,,,,,,73.6802978515625,73.75707169399003,73.62058269351972,73.66323265871365,4604000.0
2021-09-17,,,,,,BND,,,,,,73.5864486694336,73.60350735146612,73.5182009243771,73.57791607418574,6217800.0
2021-09-20,,,,,,BND,,,,,,73.79120635986328,73.81679764441402,73.68883471319525,73.69736731086718,6195100.0
2021-09-21,,,,,,BND,,,,,,73.77413940429688,73.8082567742306,73.74001552589884,73.79973068597933,6962300.0
2021-09-22,,,,,,BND,,,,,,73.85090637207031,73.8764976513696,73.70588478373185,73.77413253417244,6006200.0
2021-09-23,,,,,,BND,,,,,,73.45848846435547,73.68029038967907,73.42436459057772,73.6632251985585,5222300.0
2021-09-24,,,,,,BND,,,,,,73.30494689941406,73.3902533443045,73.26229042273656,73.37319465871224,4170600.0
2021-09-27,,,,,,BND,,,,,,73.2196273803711,73.29640121452432,73.16843831580555,73.19403610232001,4858500.0
2021-09-28,,,,,,BND,,,,,,72.90399169921875,73.04901329096275,72.84427654329687,72.99783073116224,6253700.0
2021-09-29,,,,,,BND,,,,,,72.91252136230469,73.08313422708574,72.83574101722868,73.00636039047335,5123500.0
2021-09-30,,,,,,BND,,,,,,72.89546966552734,72.93812614385119,72.83575450095285,72.88694357663442,5877700.0
2021-10-01,,,,,,BND,,,,,,73.14325714111328,73.17743302277941,72.98946893280717,73.01509921446103,6029900.0
2021-10-04,,,,,,BND,,,,,,73.09202575683594,73.15183194403113,72.99804367433129,73.05784986152648,7280000.0
2021-10-05,,,,,,BND,,,,,,72.91252136230469,73.06630946471316,72.88689109829969,73.04922479483596,4395400.0
2021-10-06,,,,,,BND,,,,,,72.94670867919922,72.97234546560979,72.8869025476668,72.92962400663829,7177800.0
2021-10-07,,,,,,BND,,,,,,72.74169158935547,72.83567362518113,72.72460690937912,72.81858894520478,5363500.0
2021-10-08,,,,,,BND,,,,,,72.56224822998047,72.69040610018641,72.51952676711846,72.69040610018641,4547100.0
2021-10-11,,,,,,BND,,,,,,72.45120239257812,72.51954762708449,72.43411119516509,72.47683267031574,3286600.0
2021-10-12,,,,,,BND,,,,,,72.71605682373047,72.74168710130479,72.52809276367626,72.52809276367626,5529600.0
2021-10-13,,,,,,BND,,,,,,72.91252136230469,72.92961255056031,72.79290911802903,72.79290911802903,5018100.0
2021-10-14,,,,,,BND,,,,,,73.04073333740234,73.04927893786403,72.90403632193173,72.9552968879353,4336400.0
2021-10-15,,,,,,BND,,,,,,72.86128234863281,72.91254289177894,72.8271064804086,72.91254289177894,5801200.0
2021-10-18,,,,,,BND,,,,,,72.81858825683594,72.8698488146627,72.67333914568972,72.75878209991063,5863600.0
2021-10-19,,,,,,BND,,,,,,72.61354064941406,72.74169857588373,72.60500156779689,72.74169857588373,3865900.0
2021-10-20,,,,,,BND,,,,,,72.52806854248047,72.67331107915159,72.52806854248047,72.58787467630856,5332400.0
2021-10-21,,,,,,BND,,,,,,72.42554473876953,72.52807233857524,72.39991446841312,72.51098766446432,6073300.0
2021-10-22,,,,,,BND,,,,,,72.57933807373047,72.60497486430174,72.44264111591961,72.5109928540153,6076100.0
2021-10-25,,,,,,BND,,,,,,72.61354064941406,72.67334681264886,72.54519540456211,72.55373448617928,4652500.0
2021-10-26,,,,,,BND,,,,,,72.75875854492188,72.75875854492188,72.57079453589907,72.68186121469431,5752800.0
2021-10-27,,,,,,BND,,,,,,73.02362823486328,73.12614933820188,72.79294271558852,72.88692473923655,7618400.0
2021-10-28,,,,,,BND,,,,,,72.92967987060547,73.05783782730919,72.87841929527777,72.98094044593317,6225800.0
2021-10-29,,,,,,BND,,,,,,72.94670867919922,72.9979757336409,72.73311442110067,72.75875120751124,8975200.0
2021-11-01,,,,,,BND,,,,,,72.89026641845703,72.89882545076486,72.7191249440731,72.75334801604689,5201400.0
2021-11-02,,,,,,BND,,,,,,73.02716827392578,73.06995690096613,72.91592698369986,72.9244860148335,4199400.0
2021-11-03,,,,,,BND,,,,,,72.89883422851562,73.08709379018354,72.79614541434324,73.0699757235067,5058700.0
2021-11-04,,,,,,BND,,,,,,73.23252868652344,73.23252868652344,72.9415804538172,72.95013948294495,5564100.0
2021-11-05,,,,,,BND,,,,,,73.45502471923828,73.50637237481847,73.22398311932386,73.27532424627651,4595900.0
2021-11-08,,,,,,BND,,,,,,73.29246520996094,73.36092441970814,73.24967657171153,73.35236538633235,6517200.0
2021-11-09,,,,,,BND,,,,,,73.497802734375,73.61760303238913,73.48069120407008,73.52347329414566,6027800.0
2021-11-10,,,,,,BND,,,,,,73.00151062011719,73.39514124971966,72.907380846883,73.3780297130539,6206400.0
2021-11-11,,,,,,BND,,,,,,72.88172149658203,73.0357514648004,72.86460995728223,73.01008089153568,3847100.0
2021-11-12,,,,,,BND,,,,,,72.89026641845703,73.04429635685408,72.83036624955979,72.98439618795683,4890900.0
2021-11-15,,,,,,BND,,,,,,72.59074401855469,72.8389036527619,72.58218498878841,72.82178559322936,6239500.0
2021-11-16,,,,,,BND,,,,,,72.53941345214844,72.69344338108235,72.51374288543086,72.59076111421199,5580700.0
2021-11-17,,,,,,BND,,,,,,72.69338989257812,72.71050794354646,72.48801898132295,72.5051370322913,6589200.0
2021-11-18,,,,,,BND,,,,,,72.77899932861328,72.80466988781336,72.65064000398647,72.66775153391103,5320700.0
2021-11-19,,,,,,BND,,,,,,72.93302917480469,73.01859988163626,72.89879958634677,72.95014070472043,5498200.0
2021-11-22,,,,,,BND,,,,,,72.57364654541016,72.78757664986296,72.52230540950265,72.7447945461496,7497100.0
2021-11-23,,,,,,BND,,,,,,72.28266143798828,72.48803238722465,72.28266143798828,72.47092086171527,5779500.0
2021-11-24,,,,,,BND,,,,,,72.45384979248047,72.47096785771534,72.24847871006497,72.29126734452316,4757400.0
2021-11-26,,,,,,BND,,,,,,72.96729278564453,73.010081427153,72.77048070341777,72.81326281629617,4402500.0
2021-11-29,,,,,,BND,,,,,,72.95870971679688,72.98438027949616,72.71055006299159,72.72766159524866,6133000.0
2021-11-30,,,,,,BND,,,,,,73.09561157226562,73.33521216288743,72.94158168849069,73.15551171992108,11234800.0
2021-12-01,,,,,,BND,,,,,,73.14276123046875,73.15990638850704,72.9027813296278,72.98849404189546,7737300.0
2021-12-02,,,,,,BND,,,,,,73.15132904052734,73.23703520824567,73.01420047997028,73.21132401182632,8831600.0
2021-12-03,,,,,,BND,,,,,,73.4341812133789,73.56274376233364,73.06563872715556,73.07421130747598,7440900.0
2021-12-06,,,,,,BND,,,,,,73.23703002929688,73.45987128077552,73.20275279580261,73.44273266402838,6865000.0
2021-12-07,,,,,,BND,,,,,,73.0741958618164,73.23703561970768,73.06562328330797,73.12561825494402,5351200.0
2021-12-08,,,,,,BND,,,,,,72.85136413574219,73.02277649459428,72.80850777654798,73.00563787429401,9064200.0
2021-12-09,,,,,,BND,,,,,,72.88566589355469,73.0056558821408,72.82567089926162,72.91994968157414,8096700.0
2021-12-10,,,,,,BND,,,,,,72.91138458251953,73.08279700124443,72.8942459562329,72.98852474822098,6869100.0
2021-12-13,,,,,,BND,,,,,,73.15992736816406,73.21992236057872,73.04850996481218,73.06564858880334,4955300.0
2021-12-14,,,,,,BND,,,,,,73.0399398803711,73.10850745660736,72.91994989143964,73.0656510867187,5165800.0
2021-12-15,,,,,,BND,,,,,,72.9456558227539,73.03136201736943,72.82566584249948,72.8856608326267,6036000.0
2021-12-16,,,,,,BND,,,,,,73.0399398803711,73.12564608118443,72.97994488590537,72.97994488590537,6067700.0
2021-12-17,,,,,,BND,,,,,,73.1684799194336,73.26275867298507,73.1256235627422,73.1427621820416,4884200.0
2021-12-20,,,,,,BND,,,,,,73.04847717285156,73.21988949166993,73.02275943996408,73.17703314248493,7129100.0
2021-12-21,,,,,,BND,,,,,,72.97135162353516,73.01420798127802,72.80850531086686,73.01420798127802,6237800.0
2021-12-22,,,,,,BND,,,,,,73.04847717285156,73.04847717285156,72.92848070292573,73.0399045952224,5110000.0
2021-12-23,,,,,,BND,,,,,,72.93756103515625,73.02354057838619,72.86017485437623,73.02354057838619,4631200.0
2021-12-27,,,,,,BND,,,,,,72.97198486328125,73.02357129895759,72.9203918677835,72.94618508562166,5311700.0
2021-12-28,,,,,,BND,,,,,,72.96336364746094,73.10092962239803,72.92037059039463,73.09233625884036,5674800.0
2021-12-29,,,,,,BND,,,,,,72.72262573242188,72.84299843277375,72.67103274668523,72.80000537129658,7757900.0
2021-12-30,,,,,,BND,,,,,,72.88599395751953,72.90319380816777,72.70543488463899,72.81721423438955,6352100.0
2021-12-31,,,,,,BND,,,,,,72.86882781982422,73.00640043698988,72.85163452259023,72.89462104558692,7162600.0
2022-01-03,,,,,,BND,,,,,,72.37869262695312,72.60224471334364,72.37009270367903,72.60224471334364,7244300.0
2022-01-04,,,,,,BND,,,,,,72.37010955810547,72.37870948338242,72.22394362750208,72.30992320080873,7384500.0
2022-01-05,,,,,,BND,,,,,,72.12075805664062,72.4044965282078,72.1035647673731,72.4044965282078,7076500.0
2022-01-06,,,,,,BND,,,,,,72.04338836669922,72.06918158407358,71.94880886311238,72.00899522359298,6011000.0
2022-01-07,,,,,,BND,,,,,,71.84563446044922,71.9832070424994,71.74246158373334,71.97460711616583,6345100.0
2022-01-10,,,,,,BND,,,,,,71.78543853759766,71.81123175334228,71.630672683309,71.69085903998676,5912300.0
2022-01-11,,,,,,BND,,,,,,71.93161010742188,71.94880339775831,71.71665789920198,71.76824433003209,6755600.0
2022-01-12,,,,,,BND,,,,,,71.90582275390625,72.04339533964662,71.89722938716393,71.99180889990495,6672700.0
2022-01-13,,,,,,BND,,,,,,72.02616119384766,72.04336103878708,71.85420210336628,71.92298836348635,5746300.0
2022-01-14,,,,,,BND,,,,,,71.63068389892578,71.88002928986674,71.62209053221265,71.8714293633317,6843000.0
2022-01-18,,,,,,BND,,,,,,71.18355560302734,71.43290088708444,71.18355560302734,71.38990783266046,7453100.0
2022-01-19,,,,,,BND,,,,,,71.35552215576172,71.46730148501429,71.31253565666594,71.33832886808737,8644100.0
2022-01-20,,,,,,BND,,,,,,71.43291473388672,71.4845011613399,71.3899216711288,71.45870794761332,4951300.0
2022-01-21,,,,,,BND,,,,,,71.69944763183594,71.77683382665849,71.60486814917496,71.66505449633924,5204500.0
2022-01-24,,,,,,BND,,,,,,71.58769226074219,71.79404456405653,71.57909233482283,71.75105149428121,10332200.0
2022-01-25,,,,,,BND,,,,,,71.49308776855469,71.7080399226635,71.48448784564097,71.62206037298381,5872700.0
2022-01-26,,,,,,BND,,,,,,71.09759521484375,71.58768599218908,71.09759521484375,71.55329285134475,7382500.0
2022-01-27,,,,,,BND,,,,,,71.32974243164062,71.44151522220783,71.26955607367043,71.2781559990436,6295600.0
2022-01-28,,,,,,BND,,,,,,71.41571044921875,71.43291029718178,71.16636513231455,71.17496505629607,5992500.0
2022-01-31,,,,,,BND,,,,,,71.3641128540039,71.43289911544865,71.2523400990204,71.27813330710745,8033400.0
2022-02-01,,,,,,BND,,,,,,71.33570861816406,71.40460862037193,71.21513689963324,71.38738033448703,5013300.0
2022-02-02,,,,,,BND,,,,,,71.43904876708984,71.60268462214546,71.40460533823497,71.43904876708984,7248800.0
2022-02-03,,,,,,BND,,,,,,71.13762664794922,71.20652665392808,71.06011906922267,71.14624079136314,6156500.0
2022-02-04,,,,,,BND,,,,,,70.6983871459961,70.81035128226084,70.6294937206008,70.79312299791306,7746000.0
2022-02-07,,,,,,BND,,,,,,70.75869750976562,70.81036923457857,70.63811920075717,70.69840506992793,6252200.0
2022-02-08,,,,,,BND,,,,,,70.52616119384766,70.6295112135354,70.52616119384766,70.60367535128019,6727000.0
2022-02-09,,,,,,BND,,,,,,70.57782745361328,70.7414633294487,70.5692198806393,70.64672746140361,5862000.0
2022-02-10,,,,,,BND,,,,,,69.93186950683594,70.3538769143907,69.93186950683594,70.30219864919563,8869700.0
2022-02-11,,,,,,BND,,,,,,70.38838195800781,70.44005369295687,69.88886661793953,70.14723186335303,11100900.0
2022-02-14,,,,,,BND,,,,,,69.99222564697266,70.15586160491158,69.91471802731928,70.08696156255101,6301600.0
2022-02-15,,,,,,BND,,,,,,69.84575653076172,70.00077820434143,69.82853482065904,69.90604237211694,6731200.0
2022-02-16,,,,,,BND,,,,,,69.94050598144531,69.98357012108309,69.72519842458678,69.9663418369619,7142400.0
2022-02-17,,,,,,BND,,,,,,70.09554290771484,70.1816646350281,69.97497117534296,70.0180353243329,6833600.0
2022-02-18,,,,,,BND,,,,,,70.2160873413086,70.23331562247316,70.11274393697744,70.1902514902258,4744400.0
2022-02-22,,,,,,BND,,,,,,70.17301177978516,70.17301177978516,70.01799014238865,70.09549767575572,7058800.0
2022-02-23,,,,,,BND,,,,,,69.8199462890625,70.03525388296866,69.8199462890625,70.01803216654935,7938900.0
2022-02-24,,,,,,BND,,,,,,69.97496795654297,70.1730538338516,69.88884623319126,70.09553968336863,8883500.0
2022-02-25,,,,,,BND,,,,,,70.03526306152344,70.04387720619519,69.88024131076779,69.93191303746394,5923200.0
2022-02-28,,,,,,BND,,,,,,70.55201721191406,70.57785308155024,70.31087366775128,70.32810196128793,6494400.0
2022-03-01,,,,,,BND,,,,,,70.92206573486328,71.1549618596924,70.75817172563033,70.76679945796668,9319000.0
2022-03-02,,,,,,BND,,,,,,70.05081939697266,70.65463536542352,70.05081939697266,70.6115033030239,6491500.0
2022-03-03,,,,,,BND,,,,,,70.36134338378906,70.41309658764095,70.17157286162823,70.27508585035996,10349100.0
2022-03-04,,,,,,BND,,,,,,70.61149597167969,70.74950671117753,70.53385958362685,70.63737257402127,8042600.0
2022-03-07,,,,,,BND,,,,,,70.26646423339844,70.49936683304207,70.19745556824266,70.32684517015262,6425400.0
2022-03-08,,,,,,BND,,,,,,69.93867492675781,69.9818004017643,69.84378966830464,69.91279832554837,8565900.0
2022-03-09,,,,,,BND,,,,,,69.74890899658203,69.86967086418602,69.68852806278004,69.78341332747291,5761500.0
2022-03-10,,,,,,BND,,,,,,69.37801361083984,69.53327984949529,69.25725171200004,69.50740323989103,8261200.0
2022-03-11,,,,,,BND,,,,,,69.32622528076172,69.42973166675704,69.2917209584211,69.35210187726055,7883400.0
2022-03-14,,,,,,BND,,,,,,68.68795013427734,68.95535716213571,68.67070125233369,68.94672943064843,15449700.0
2022-03-15,,,,,,BND,,,,,,68.80007934570312,69.0157265294513,68.71382178840982,68.955345581243,6265000.0
2022-03-16,,,,,,BND,,,,,,68.9035873413086,68.9035873413086,68.45504408461512,68.8087020518298,8156400.0
2022-03-17,,,,,,BND,,,,,,68.9639663696289,69.1451157943363,68.9122131517295,69.02434731752146,6774600.0
2022-03-18,,,,,,BND,,,,,,69.16233825683594,69.20547030929771,69.04157640717564,69.06745300624182,8895700.0
2022-03-21,,,,,,BND,,,,,,68.45503234863281,68.86045004671348,68.42052801464416,68.8345734414792,6831300.0
2022-03-22,,,,,,BND,,,,,,68.28252410888672,68.36015393237635,68.18763882615754,68.27389637926694,6488400.0
2022-03-23,,,,,,BND,,,,,,68.5930404663086,68.5930404663086,68.26525917756206,68.4291531124496,8919400.0
2022-03-24,,,,,,BND,,,,,,68.50679016113281,68.5240456198007,68.2393897810438,68.25663865868243,18907400.0
2022-03-25,,,,,,BND,,,,,,67.90299224853516,68.23077362751357,67.8081069528516,68.23077362751357,21372500.0
2022-03-28,,,,,,BND,,,,,,68.10136413574219,68.179000528227,67.93747678454704,67.98060226390221,7494000.0
2022-03-29,,,,,,BND,,,,,,68.40325927734375,68.42913587506479,68.13585241183021,68.21348878602024,7308100.0
2022-03-30,,,,,,BND,,,,,,68.55856323242188,68.58443984440545,68.21352638356973,68.22214753354392,7071800.0
2022-03-31,,,,,,BND,,,,,,68.61029052734375,68.72242466390524,68.52403299298659,68.5930350718555,8244200.0
2022-04-01,,,,,,BND,,,,,,68.46155548095703,68.57397605318529,68.11565770036106,68.16754665579387,6326900.0
2022-04-04,,,,,,BND,,,,,,68.51345825195312,68.52210091505852,68.27997439905256,68.49615973083684,9091700.0
2022-04-05,,,,,,BND,,,,,,67.82166290283203,68.33185712171031,67.77842319726993,68.31456519795715,6956300.0
2022-04-06,,,,,,BND,,,,,,67.61414337158203,67.79573830395303,67.36336753236846,67.45848962991342,8649400.0
2022-04-07,,,,,,BND,,,,,,67.47578430175781,67.6141461210694,67.3720195347288,67.53631594834296,9157600.0
2022-04-08,,,,,,BND,,,,,,67.11256408691406,67.2941589445874,67.02609128765795,67.15580378526796,8989600.0
2022-04-11,,,,,,BND,,,,,,66.80127716064453,66.96558014769408,66.74074552290844,66.93098969792293,7858300.0
2022-04-12,,,,,,BND,,,,,,67.01744842529297,67.23363374279391,66.98285798279854,67.12121975277626,8168200.0
2022-04-13,,,,,,BND,,,,,,67.09526824951172,67.32010281452266,67.07797632795024,67.09526824951172,7790300.0
2022-04-14,,,,,,BND,,,,,,66.63695526123047,67.10391630443137,66.59372215937688,67.06932586447739,7046100.0
2022-04-18,,,,,,BND,,,,,,66.4207534790039,66.65423724139727,66.39481230483801,66.6455879841919,7187800.0
2022-04-19,,,,,,BND,,,,,,66.00572204589844,66.28243906941023,65.97978085579643,66.17866771154797,11568000.0
2022-04-20,,,,,,BND,,,,,,66.4207534790039,66.50723285615712,66.20456823102126,66.24780791959786,7366100.0
2022-04-21,,,,,,BND,,,,,,66.06623077392578,66.31700652035543,65.86733738970503,66.30835726083663,7869900.0
2022-04-22,,,,,,BND,,,,,,65.97978210449219,66.12678658282184,65.80682983811522,65.876010744666,8625100.0
2022-04-25,,,,,,BND,,,,,,66.39482879638672,66.60236483871306,66.29970673585134,66.29970673585134,6091600.0
2022-04-26,,,,,,BND,,,,,,66.56777954101562,66.72343321872071,66.49859866260188,66.68884277951383,8837100.0
2022-04-27,,,,,,BND,,,,,,66.36024475097656,66.64561096008092,66.29107046183663,66.5764300734885,10802000.0
2022-04-28,,,,,,BND,,,,,,66.33431243896484,66.33431243896484,66.10083516230739,66.18730798338595,7644000.0
2022-04-29,,,,,,BND,,,,,,65.8846435546875,66.17000317740458,65.85870237057256,65.96246710703232,7120400.0
2022-05-02,,,,,,BND,,,,,,65.54765319824219,65.70358892278989,65.47834402531886,65.68626493440233,10166700.0
2022-05-03,,,,,,BND,,,,,,65.70356750488281,65.9721388099908,65.65158894697744,65.91149495587307,7769000.0
2022-05-04,,,,,,BND,,,,,,66.12808990478516,66.12808990478516,65.53030997048323,65.65159769487997,12238000.0
2022-05-05,,,,,,BND,,,,,,65.46964263916016,65.72954858951822,65.20107800422427,65.72954858951822,10540000.0
2022-05-06,,,,,,BND,,,,,,65.19243621826172,65.42634637018533,65.12312705854907,65.20110151564711,8803000.0
2022-05-09,,,,,,BND,,,,,,65.48698425292969,65.51298014271221,65.09713183209247,65.1317864087845,7420300.0
2022-05-10,,,,,,BND,,,,,,65.67757415771484,65.86817100447439,65.61693030735353,65.74688330375176,24792700.0
2022-05-11,,,,,,BND,,,,,,65.90286254882812,65.92018654021409,65.3830568813095,65.42637016461825,9843600.0
2022-05-12,,,,,,BND,,,,,,66.03280639648438,66.1800834366043,65.98082781989775,66.04147169581105,6079800.0
2022-05-13,,,,,,BND,,,,,,65.79022216796875,65.9288338903798,65.746902286767,65.89417930735557,5024800.0
2022-05-16,,,,,,BND,,,,,,65.89417266845703,66.05011497151182,65.86818338622878,65.87684868353327,6104400.0
2022-05-17,,,,,,BND,,,,,,65.50433349609375,65.69493041732314,65.48700289797114,65.56497737014978,5881200.0
2022-05-18,,,,,,BND,,,,,,65.78155517578125,65.81620975791306,65.44368126210327,65.44368126210327,4963300.0
2022-05-19,,,,,,BND,,,,,,65.92012786865234,66.16270979996186,65.87681462389413,66.13671392148879,5461400.0
2022-05-20,,,,,,BND,,,,,,66.11941528320312,66.16273515424378,65.94614901840916,65.94614901840916,6960100.0
2022-05-23,,,,,,BND,,,,,,65.8855209350586,66.16275099089705,65.84220105364894,66.09344182451596,7332900.0
2022-05-24,,,,,,BND,,,,,,66.42264556884766,66.51794401319663,66.11942625032158,66.11942625032158,6587100.0
2022-05-25,,,,,,BND,,,,,,66.6911849975586,66.7085089747464,66.52657747070441,66.6391998466307,5737200.0
2022-05-26,,,,,,BND,,,,,,66.62191009521484,66.79517639483416,66.54393563360621,66.7085432450245,5328400.0
2022-05-27,,,,,,BND,,,,,,66.8124771118164,66.89911022288341,66.70851341272639,66.8038118178049,6355300.0
2022-05-31,,,,,,BND,,,,,,66.43128967285156,66.48326822239176,66.24069284495974,66.42262437803376,9067000.0
2022-06-01,,,,,,BND,,,,,,66.13446807861328,66.52507456050549,66.0216212024232,66.45563134784533,7294600.0
2022-06-02,,,,,,BND,,,,,,66.1952133178711,66.25597445872181,66.01292989531896,66.2299349158526,5276600.0
2022-06-03,,,,,,BND,,,,,,66.0997314453125,66.13445304374905,65.96084505156631,65.96084505156631,5549600.0
2022-06-06,,,,,,BND,,,,,,65.70909881591797,66.04762602154095,65.68305928048017,65.99554695066536,6698000.0
2022-06-07,,,,,,BND,,,,,,65.93476867675781,66.06497294254497,65.81324646134689,65.8392859900115,6989800.0
2022-06-08,,,,,,BND,,,,,,65.66572570800781,65.9087702905462,65.66572570800781,65.79593005507286,3778300.0
2022-06-09,,,,,,BND,,,,,,65.57890319824219,65.70910087952007,65.54418160907942,65.62230021784615,4828500.0
2022-06-10,,,,,,BND,,,,,,65.02337646484375,65.4660618632129,64.89317215019013,65.32718211739116,14690800.0
2022-06-13,,,,,,BND,,,,,,63.973052978515625,64.45046649039348,63.686611493854045,64.41574490566917,11255300.0
2022-06-14,,,,,,BND,,,,,,63.62584686279297,64.24214005707132,63.539039594543105,64.15533941128622,9530100.0
2022-06-15,,,,,,BND,,,,,,64.35499572753906,64.39839937211323,63.799463513814715,64.10326915843484,9098600.0
2022-06-16,,,,,,BND,,,,,,64.49388122558594,64.51123870970255,63.72134404430419,63.790780603236925,8477600.0
2022-06-17,,,,,,BND,,,,,,64.52862548828125,64.65882985689753,64.268223373518,64.57202915197644,4913600.0
2022-06-21,,,,,,BND,,,,,,64.23345947265625,64.47650393539084,64.18138040848882,64.32894217193983,7069900.0
2022-06-22,,,,,,BND,,,,,,64.76297760009766,64.884499879439,64.70221646042698,64.78901714246116,8407600.0
2022-06-23,,,,,,BND,,,,,,65.07548522949219,65.38797307823283,64.99735995607224,65.01472407126315,8542600.0
2022-06-24,,,,,,BND,,,,,,64.95390319824219,65.21430508448152,64.91049957263722,64.97994272461978,6979000.0
2022-06-27,,,,,,BND,,,,,,64.6414794921875,64.86716664784171,64.5720362716062,64.70224065457863,6238900.0
2022-06-28,,,,,,BND,,,,,,64.6761703491211,64.6761703491211,64.502562380218,64.60672716155986,5578800.0
2022-06-29,,,,,,BND,,,,,,65.04939270019531,65.04939270019531,64.67614399721518,64.67614399721518,3896400.0
2022-06-30,,,,,,BND,,,,,,65.32718658447266,65.492105880009,65.24906134135166,65.24906134135166,4387100.0
2022-07-01,,,,,,BND,,,,,,65.84815216064453,66.14386782890172,65.69159836817978,65.761179306076,5801800.0
2022-07-05,,,,,,BND,,,,,,65.96121978759766,66.07429047671597,65.83945645747318,65.96991906420764,6253900.0
2022-07-06,,,,,,BND,,,,,,65.56116485595703,66.14389717487356,65.54377293156845,66.12649861487857,5312000.0
2022-07-07,,,,,,BND,,,,,,65.37847137451172,65.63069722280527,65.31758973082717,65.6219979492499,7536700.0
2022-07-08,,,,,,BND,,,,,,65.16107177734375,65.26544321053409,65.09149082188353,65.23935201113778,4187100.0
2022-07-11,,,,,,BND,,,,,,65.40462493896484,65.56987811611877,65.36114180091916,65.3959322927204,4128600.0
2022-07-12,,,,,,BND,,,,,,65.51765441894531,65.76988034889166,65.51765441894531,65.64811702210427,6013700.0
2022-07-13,,,,,,BND,,,,,,65.72638702392578,65.77856940810665,65.10017187134224,65.11757042313805,6382700.0
2022-07-14,,,,,,BND,,,,,,65.51765441894531,65.60462727585006,65.18714827286212,65.31761087602108,5598000.0
2022-07-15,,,,,,BND,,,,,,65.75247955322266,65.83945240716062,65.54374337665084,65.54374337665084,5276400.0
2022-07-18,,,,,,BND,,,,,,65.5524673461914,65.63944023289187,65.42200469833776,65.62204167418824,3438000.0
2022-07-19,,,,,,BND,,,,,,65.50025177001953,65.60462317314037,65.38718772667438,65.56113342960587,3493400.0
2022-07-20,,,,,,BND,,,,,,65.43940734863281,65.71772461306118,65.40461686112839,65.70903196789033,3966900.0
2022-07-21,,,,,,BND,,,,,,65.9786148071289,66.01340527610171,65.60462556017563,65.60462556017563,6832900.0
2022-07-22,,,,,,BND,,,,,,66.51786041259766,66.66571493634196,66.34390805913043,66.42218827709164,6617000.0
2022-07-25,,,,,,BND,,,,,,66.27432250976562,66.33520417034516,66.17865038091158,66.22214012515553,4256200.0
2022-07-26,,,,,,BND,,,,,,66.29173278808594,66.59614114483064,66.2656415911656,66.54395875098999,6964100.0
2022-07-27,,,,,,BND,,,,,,66.47437286376953,66.70050761295376,66.39609264321945,66.40479192008146,5919600.0
2022-07-28,,,,,,BND,,,,,,66.93534851074219,67.03102066871863,66.8048858739011,66.93534851074219,5140200.0
2022-07-29,,,,,,BND,,,,,,66.88317108154297,67.1179985368269,66.75270843500485,66.7961981957195,6601700.0
2022-08-01,,,,,,BND,,,,,,67.17333221435547,67.22561861601257,66.94674672579085,67.01646636055386,5370800.0
2022-08-02,,,,,,BND,,,,,,66.49362182617188,67.26051831682014,66.44132874467626,67.18208201899384,10808300.0
2022-08-03,,,,,,BND,,,,,,66.82476806640625,66.83348468653027,66.20602101426202,66.43260659565512,5747700.0
2022-08-04,,,,,,BND,,,,,,66.99034118652344,66.99905115658989,66.78989884484923,66.8596184983735,9869900.0
2022-08-05,,,,,,BND,,,,,,66.2322006225586,66.31934692518936,66.11019446910818,66.27577709829232,8946400.0
2022-08-08,,,,,,BND,,,,,,66.52847290039062,66.62433578977837,66.45875987533648,66.49361971228058,8534700.0
2022-08-09,,,,,,BND,,,,,,66.38031768798828,66.45875397635889,66.31059802028851,66.3716077161509,6888800.0
2022-08-10,,,,,,BND,,,,,,66.5633316040039,66.86835350986281,66.50232855259891,66.66791111305558,4305000.0
2022-08-11,,,,,,BND,,,,,,66.18856811523438,66.81603160113862,66.1624249114602,66.72888537228104,5179500.0
2022-08-12,,,,,,BND,,,,,,66.49362182617188,66.49362182617188,66.24089298691825,66.41518552834559,4376800.0
2022-08-15,,,,,,BND,,,,,,66.5633316040039,66.70277094940614,66.54590501024559,66.64176789800115,3922300.0
2022-08-16,,,,,,BND,,,,,,66.4762191772461,66.48493580297942,66.25835007577435,66.46750255151278,4104000.0
2022-08-17,,,,,,BND,,,,,,66.0840072631836,66.24087316305675,65.97942778032407,66.17115350781707,4131100.0
2022-08-18,,,,,,BND,,,,,,66.20598602294922,66.37156847362634,66.17984282522747,66.26698903390981,4026800.0
2022-08-19,,,,,,BND,,,,,,65.78772735595703,65.84873041554656,65.6744378592436,65.82258719698459,5115800.0
2022-08-22,,,,,,BND,,,,,,65.49139404296875,65.67440312494628,65.43910098466708,65.6482599202111,4158600.0
2022-08-23,,,,,,BND,,,,,,65.46524810791016,65.75282999683436,65.36938526199174,65.46524810791016,6294800.0
2022-08-24,,,,,,BND,,,,,,65.2996597290039,65.36937936498805,65.22122347631414,65.33451954699598,3808600.0
2022-08-25,,,,,,BND,,,,,,65.6570053100586,65.70929839657148,65.29098694864292,65.34328003515581,3688400.0
2022-08-26,,,,,,BND,,,,,,65.52625274658203,65.68311862114562,65.4042466940138,65.56111256857741,4276600.0
2022-08-29,,,,,,BND,,,,,,65.22996520996094,65.32582808414374,65.17767878725505,65.31711146408175,3263800.0
2022-08-30,,,,,,BND,,,,,,65.28223419189453,65.4303834341151,65.09921848229202,65.29966077675496,6878700.0
2022-08-31,,,,,,BND,,,,,,65.01206970214844,65.3083748237607,64.93364010011683,65.22993857289882,5155600.0
2022-09-01,,,,,,BND,,,,,,64.65927124023438,64.72040210461047,64.40601289845786,64.64180147169006,6160700.0
2022-09-02,,,,,,BND,,,,,,64.82523345947266,65.04355903716312,64.7815656788274,64.84269657407003,3600600.0
2022-09-06,,,,,,BND,,,,,,64.24011993408203,64.5807073239236,64.22265681837376,64.57197909745362,6869800.0
2022-09-07,,,,,,BND,,,,,,64.70292663574219,64.70292663574219,64.4322052120364,64.44967497904163,4208300.0
2022-09-08,,,,,,BND,,,,,,64.50209045410156,64.72915085446456,64.48462068181506,64.58941932723627,3580300.0
2022-09-09,,,,,,BND,,,,,,64.47587585449219,64.70292953361796,64.44094298168109,64.58066781016124,3831700.0
2022-09-12,,,,,,BND,,,,,,64.39727020263672,64.68546138377907,64.31867624201446,64.6243305268183,4008200.0
2022-09-13,,,,,,BND,,,,,,64.07417297363281,64.12656896386618,63.94317633528361,63.995572325516974,9481200.0
2022-09-14,,,,,,BND,,,,,,64.15277099609375,64.2400998729002,63.99557635273567,64.01304612575669,4332200.0
2022-09-15,,,,,,BND,,,,,,63.96062469482422,64.091621302965,63.91696360062013,64.02175555692135,4967200.0
2022-09-16,,,,,,BND,,,,,,63.89076614379883,64.02175609026658,63.76849775582173,63.82090039717315,5050000.0
2022-09-19,,,,,,BND,,,,,,63.847129821777344,63.9082607144817,63.67247203198422,63.742331150240915,6374900.0
2022-09-20,,,,,,BND,,,,,,63.53269958496094,63.64622640899219,63.41917276092968,63.497766716929014,4750500.0
2022-09-21,,,,,,BND,,,,,,63.7073860168457,63.74231890064467,63.26200673963312,63.59385914157381,6360300.0
2022-09-22,,,,,,BND,,,,,,63.05241775512695,63.30567619900622,62.97382375328539,63.296947973979734,5216100.0
2022-09-23,,,,,,BND,,,,,,62.87776565551758,63.09609123071035,62.65944008032481,63.09609123071035,6885400.0
2022-09-26,,,,,,BND,,,,,,62.07432174682617,62.711828619332614,62.05685197174087,62.676895731929015,8658900.0
2022-09-27,,,,,,BND,,,,,,61.80356216430664,62.187817067935526,61.71623332150834,62.10922310824614,9946100.0
2022-09-28,,,,,,BND,,,,,,62.764198303222656,62.79039628931823,62.25768169616325,62.379943406451595,11649700.0
2022-09-29,,,,,,BND,,,,,,62.441078186035156,62.56333990400768,62.240215842072345,62.38868221055091,6100300.0
2022-09-30,,,,,,BND,,,,,,62.292606353759766,62.7641900296061,62.222740624872316,62.61572369002962,8919100.0
2022-10-03,,,,,,BND,,,,,,62.81428146362305,63.17312341203412,62.647994879304456,62.753016579427445,6762600.0
2022-10-04,,,,,,BND,,,,,,62.971805572509766,63.225619082489125,62.910540703023024,63.04182447402889,6124400.0
2022-10-05,,,,,,BND,,,,,,62.63920593261719,62.70047078266625,62.38539250316599,62.64795996187216,7252400.0
2022-10-06,,,,,,BND,,,,,,62.40289306640625,62.66545381620815,62.35037557455223,62.604188973517665,7108400.0
2022-10-07,,,,,,BND,,,,,,62.07908248901367,62.245375696153445,62.026571656177694,62.14910138437456,5023200.0
2022-10-10,,,,,,BND,,,,,,61.799015045166016,62.07908395585785,61.667731282604635,62.07908395585785,4950700.0
2022-10-11,,,,,,BND,,,,,,61.81650924682617,62.09657812497023,61.72898897441279,61.89528216615634,9225500.0
2022-10-12,,,,,,BND,,,,,,61.88653564453125,61.98280995907776,61.71149507846645,61.74650452715332,5442000.0
2022-10-13,,,,,,BND,,,,,,61.667724609375,61.877774600321416,61.081331434408156,61.151350323846565,6668900.0
2022-10-14,,,,,,BND,,,,,,61.37017059326172,61.991573377466125,61.34390849474273,61.982819344626456,6544400.0
2022-10-17,,,,,,BND,,,,,,61.50141525268555,61.860256958721095,61.50141525268555,61.74648130131247,19605200.0
2022-10-18,,,,,,BND,,,,,,61.6414680480957,61.73774234993975,61.38765458663128,61.66772346180432,7008000.0
2022-10-19,,,,,,BND,,,,,,61.13383102416992,61.343880976501474,61.07256617651623,61.25636071947729,6483600.0
2022-10-20,,,,,,BND,,,,,,60.72249984741211,61.13385254534008,60.687490396804414,61.01132280689813,6260900.0
2022-10-21,,,,,,BND,,,,,,60.827537536621094,60.8975564485848,60.468695620835334,60.51245911015539,6984400.0
2022-10-24,,,,,,BND,,,,,,60.73999786376953,60.99381133066195,60.59121273132638,60.81001675340237,7259400.0
2022-10-25,,,,,,BND,,,,,,61.31764221191406,61.44892597177134,61.186365129426186,61.21262054592376,7780900.0
2022-10-26,,,,,,BND,,,,,,61.56269073486328,61.67647308930302,61.41390561622324,61.45766908752594,7001000.0
2022-10-27,,,,,,BND,,,,,,61.88653564453125,62.017819407764634,61.59771270089171,61.73775049563921,5493300.0
2022-10-28,,,,,,BND,,,,,,61.76400375366211,61.88653348109798,61.59771054755513,61.61521860997131,4828800.0
2022-10-31,,,,,,BND,,,,,,61.571449279785156,61.61521275429715,61.31763581782678,61.580203310161295,6785000.0
2022-11-01,,,,,,BND,,,,,,61.63549041748047,61.94252609840737,61.49512742455624,61.91620971045305,7019000.0
2022-11-02,,,,,,BND,,,,,,61.53899002075195,62.047795810016616,61.407401393476526,61.714437061868786,10223800.0
2022-11-03,,,,,,BND,,,,,,61.30213928222656,61.38986951015653,61.030194315698466,61.06528506829511,6408200.0
2022-11-04,,,,,,BND,,,,,,61.31968688964844,61.49513395656381,61.17932388181486,61.34600328039808,8780400.0
2022-11-07,,,,,,BND,,,,,,61.08283233642578,61.34600965703151,61.08283233642578,61.328467625667194,6246100.0
2022-11-08,,,,,,BND,,,,,,61.35477066040039,61.468810571631785,61.214407668537916,61.231956388958636,6358100.0
2022-11-09,,,,,,BND,,,,,,61.4424934387207,61.53021696113296,61.2231812862522,61.28458842122835,7269400.0
2022-11-10,,,,,,BND,,,,,,62.71450424194336,62.71450424194336,62.18815638944892,62.19693074997205,7014100.0
2022-11-11,,,,,,BND,,,,,,62.71450424194336,62.749594991159796,62.503966439520795,62.574147937953676,4525300.0
2022-11-14,,,,,,BND,,,,,,62.512752532958984,62.62679246965932,62.46888741498645,62.539068926591575,6914500.0
2022-11-15,,,,,,BND,,,,,,62.95135498046875,62.96012264670278,62.758359237320256,62.863631468003526,11948800.0
2022-11-16,,,,,,BND,,,,,,63.311038970947266,63.363678445681515,63.07418475971136,63.135591902837454,8856700.0
2022-11-17,,,,,,BND,,,,,,63.04786682128906,63.07418321157194,62.863645396432446,62.98645967967019,6260600.0
2022-11-18,,,,,,BND,,,,,,62.94260025024414,63.197003200742294,62.92505821943054,63.10050529907482,8564600.0
2022-11-21,,,,,,BND,,,,,,62.94260025024414,63.197003200742294,62.916283857585206,63.15313808439269,6834600.0
2022-11-22,,,,,,BND,,,,,,63.26718521118164,63.32859235883153,63.10050579918459,63.10928016109947,9534200.0
2022-11-23,,,,,,BND,,,,,,63.65316390991211,63.65316390991211,63.36367692377167,63.36367692377167,4855000.0
2022-11-25,,,,,,BND,,,,,,63.65316390991211,63.65316390991211,63.51280759737075,63.51280759737075,2536400.0
2022-11-28,,,,,,BND,,,,,,63.57419967651367,63.74964669884117,63.504018190432724,63.697013930717894,5852100.0
2022-11-29,,,,,,BND,,,,,,63.33735275268555,63.49525778463011,63.30226869481019,63.33735275268555,5437600.0
2022-11-30,,,,,,BND,,,,,,63.828617095947266,63.83738476405012,63.170680572906356,63.293494855110545,5479900.0
2022-12-01,,,,,,BND,,,,,,64.36054992675781,64.36054992675781,63.88576486799833,63.94731157621442,7462500.0
2022-12-02,,,,,,BND,,,,,,64.62434387207031,64.63313817807321,64.00008230766466,64.14075766326098,6828300.0
2022-12-05,,,,,,BND,,,,,,64.11434936523438,64.33415994866544,64.03522077508079,64.32537235515059,7552900.0
2022-12-06,,,,,,BND,,,,,,64.32537078857422,64.39570507541339,64.1846887987229,64.25502979364856,7584100.0
2022-12-07,,,,,,BND,,,,,,64.88809967041016,64.91447587231411,64.57157183138665,64.60674233662127,7472500.0
2022-12-08,,,,,,BND,,,,,,64.70344543457031,64.83533313708145,64.59794063903115,64.69465784033352,5378100.0
2022-12-09,,,,,,BND,,,,,,64.32537078857422,64.58913945741571,64.32537078857422,64.55396895995288,12079600.0
2022-12-12,,,,,,BND,,,,,,64.32537078857422,64.63310425626587,64.22865359757306,64.58913945741571,7533500.0
2022-12-13,,,,,,BND,,,,,,64.76499938964844,65.19582629394151,64.7210345857444,65.19582629394151,12563900.0
2022-12-14,,,,,,BND,,,,,,64.92327880859375,64.97603793295636,64.56279278391197,64.80897967063896,9833900.0
2022-12-15,,,,,,BND,,,,,,64.95841217041016,65.0287531572704,64.8089426043964,64.95841217041016,7800400.0
2022-12-16,,,,,,BND,,,,,,64.79139709472656,64.9144905368111,64.54521021055747,64.5891683209651,6541900.0
2022-12-19,,,,,,BND,,,,,,64.40450286865234,64.5451848661311,64.31657997427155,64.52759626240282,6300000.0
2022-12-20,,,,,,BND,,,,,,63.98249435424805,64.0968002091923,63.91216002977092,64.00887727252831,6130500.0
2022-12-21,,,,,,BND,,,,,,64.13194274902344,64.27261804470062,64.03522554845725,64.21986564733257,8169000.0
2022-12-22,,,,,,BND,,,,,,64.1231689453125,64.24626238391255,64.06162222601247,64.14075084735995,6833800.0
2022-12-23,,,,,,BND,,,,,,63.92219924926758,64.00152162107035,63.851691968541644,63.89576069998145,4693400.0
2022-12-27,,,,,,BND,,,,,,63.428688049316406,63.6578334447784,63.41987295458209,63.56969594532959,6959600.0
2022-12-28,,,,,,BND,,,,,,63.340553283691406,63.61376068772,63.33173818951239,63.56088357053943,7868200.0
2022-12-29,,,,,,BND,,,,,,63.57850646972656,63.60494502808181,63.411053301547796,63.428683489749076,7391000.0
2022-12-30,,,,,,BND,,,,,,63.31413650512695,63.52565851696975,63.278889560436255,63.43752770734346,7051900.0
2023-01-03,,,,,,BND,,,,,,63.649017333984375,63.878162725788414,63.5168178108687,63.85171744200763,8634800.0
2023-01-04,,,,,,BND,,,,,,64.01034545898438,64.12492149884223,63.88696104986516,64.072037663544,5257100.0
2023-01-05,,,,,,BND,,,,,,63.93986129760742,63.975108231592294,63.64902366262428,63.75477791247435,5632400.0
2023-01-06,,,,,,BND,,,,,,64.64488220214844,64.6801358425852,63.95745302349268,64.02796030436619,5627200.0
2023-01-09,,,,,,BND,,,,,,64.82118225097656,64.90931303339491,64.57440664667843,64.60966030443531,7398200.0
2023-01-10,,,,,,BND,,,,,,64.56559753417969,64.67135178228888,64.41576780944564,64.60965956290931,4827900.0
2023-01-11,,,,,,BND,,,,,,64.9093017578125,64.94455540944536,64.73303349964819,64.75066368743788,8453200.0
2023-01-12,,,,,,BND,,,,,,65.41165924072266,65.41165924072266,64.87405278148402,65.1120065422214,5927600.0
2023-01-13,,,,,,BND,,,,,,65.19132995605469,65.4116602550956,65.12963774128112,65.2706456362148,6331600.0
2023-01-17,,,,,,BND,,,,,,65.10319519042969,65.21776451828694,64.98861913862572,65.00624932687866,6815100.0
2023-01-18,,,,,,BND,,,,,,65.7024917602539,65.79943762074205,65.46453129398428,65.74655378160075,5112800.0
2023-01-19,,,,,,BND,,,,,,65.57027435302734,65.63196654523323,65.4468899686156,65.53502071120332,4765200.0
2023-01-20,,,,,,BND,,,,,,65.2794418334961,65.38520276704054,65.15605743966682,65.33231893829573,4714300.0
2023-01-23,,,,,,BND,,,,,,65.12081909179688,65.27064207321884,65.0855654390011,65.11200399761125,6116700.0
2023-01-24,,,,,,BND,,,,,,65.41165924072266,65.43809780036602,65.02387576876114,65.17369875603826,3907700.0
2023-01-25,,,,,,BND,,,,,,65.49097442626953,65.53504317464116,65.28827432123272,65.40284365347323,4414400.0
2023-01-26,,,,,,BND,,,,,,65.36760711669922,65.52624523885227,65.26185285122966,65.4469295397501,3866800.0
2023-01-27,,,,,,BND,,,,,,65.29708099365234,65.33233464664346,65.17369657015682,65.21776531738242,4474100.0
2023-01-30,,,,,,BND,,,,,,65.11199188232422,65.29706848210505,65.09436842117888,65.18249917479658,6258700.0
2023-01-31,,,,,,BND,,,,,,65.41165924072266,65.41165924072266,65.09438307710815,65.3235284672624,5502300.0
2023-02-01,,,,,,BND,,,,,,65.8321533203125,65.88516286021598,65.30210510077909,65.51412978053548,7473900.0
2023-02-02,,,,,,BND,,,,,,65.8763427734375,66.1325342685974,65.85867741580908,66.0795314557817,4273500.0
2023-02-03,,,,,,BND,,,,,,65.29330444335938,65.46114896356875,65.18729205696523,65.39047403930599,5332900.0
2023-02-06,,,,,,BND,,,,,,64.88690185546875,64.99291420078364,64.86923650121416,64.93991139809076,5282300.0
2023-02-07,,,,,,BND,,,,,,64.79855346679688,65.1077476768913,64.77205206877854,64.83389091079742,4674500.0
2023-02-08,,,,,,BND,,,,,,64.91340637207031,65.01057592493841,64.70138169327969,64.83389543254164,4308200.0
2023-02-09,,,,,,BND,,,,,,64.64838409423828,65.0989281480018,64.61304664493042,65.09009210069252,4268100.0
2023-02-10,,,,,,BND,,,,,,64.37451934814453,64.61303867664596,64.3391819031946,64.59537332413524,3606100.0
2023-02-13,,,,,,BND,,,,,,64.55119323730469,64.55119323730469,64.37451277053623,64.39217812124197,3805800.0
2023-02-14,,,,,,BND,,,,,,64.33036041259766,64.56005048677848,64.14484383958123,64.47171022437969,4328000.0
2023-02-15,,,,,,BND,,,,,,64.18901062011719,64.3038522752186,64.08299827238021,64.24201342402102,4370800.0
2023-02-16,,,,,,BND,,,,,,63.941650390625,64.10066554702875,63.870982229946264,63.98582388848751,5912000.0
2023-02-17,,,,,,BND,,,,,,64.08300018310547,64.09183623066266,63.773805917898514,63.78263522552622,5165700.0
2023-02-21,,,,,,BND,,,,,,63.52644729614258,63.73846524729692,63.50877520192105,63.676626397379856,16093200.0
2023-02-22,,,,,,BND,,,,,,63.667789459228516,63.82680460535112,63.64128805819626,63.69429086026077,4375600.0
2023-02-23,,,,,,BND,,,,,,63.89748764038086,63.915152996676156,63.69429897337048,63.720800377778374,4789200.0
2023-02-24,,,,,,BND,,,,,,63.54411315917969,63.63245341120717,63.42927150553688,63.570614560795015,4345900.0
2023-02-27,,,,,,BND,,,,,,63.65013885498047,63.76498053270914,63.579463942564075,63.65013885498047,3340500.0
2023-02-28,,,,,,BND,,,,,,63.667789459228516,63.68545481327367,63.39393266198977,63.438099417067185,5032400.0
2023-03-01,,,,,,BND,,,,,,63.29061508178711,63.60051460143594,63.25519702878397,63.467698591499904,4427800.0
2023-03-02,,,,,,BND,,,,,,63.157772064208984,63.17547770548779,63.01609991277855,63.05151795063616,4966600.0
2023-03-03,,,,,,BND,,,,,,63.644771575927734,63.644771575927734,63.334872107528675,63.46768809550021,4008600.0
2023-03-06,,,,,,BND,,,,,,63.49424743652344,63.77758504720792,63.485391236261,63.77758504720792,4538700.0
2023-03-07,,,,,,BND,,,,,,63.42340850830078,63.6182043735528,63.31716113110964,63.60049872912134,4253100.0
2023-03-08,,,,,,BND,,,,,,63.37028503417969,63.662478833046634,63.25518145673266,63.55622470019468,4774500.0
2023-03-09,,,,,,BND,,,,,,63.58281326293945,63.715629295990176,63.41458592602566,63.45000398519279,4597800.0
2023-03-10,,,,,,BND,,,,,,64.34426879882812,64.48594100060288,64.11406160389772,64.20260335235575,4779500.0
2023-03-13,,,,,,BND,,,,,,64.85779571533203,65.36249092031102,64.67185608773976,64.92863178926237,7270500.0
2023-03-14,,,,,,BND,,,,,,64.45050811767578,64.80468178530163,64.33540454670023,64.63644777323667,5432500.0
2023-03-15,,,,,,BND,,,,,,65.11457824707031,65.38905961821742,64.82238447793276,65.1765581294358,6677200.0
2023-03-16,,,,,,BND,,,,,,64.80469512939453,65.41563790766648,64.70729718185946,65.37137041216104,6964800.0
2023-03-17,,,,,,BND,,,,,,65.27395629882812,65.4510397475977,65.0703042529726,65.0703042529726,4352700.0
2023-03-20,,,,,,BND,,,,,,64.9906005859375,65.38018541554075,64.95518255501017,65.3270617467991,6924500.0
2023-03-21,,,,,,BND,,,,,,64.81352233886719,64.96405068678813,64.75154246218207,64.81352233886719,3997700.0
2023-03-22,,,,,,BND,,,,,,65.38906860351562,65.45104849439795,64.69843360359786,64.81353718515034,5220500.0
2023-03-23,,,,,,BND,,,,,,65.53958129882812,65.61927357927428,65.23853808565508,65.34479220781644,5392100.0
2023-03-24,,,,,,BND,,,,,,65.67240142822266,65.89375913029053,65.54844165548873,65.73438131458963,4638000.0
2023-03-27,,,,,,BND,,,,,,64.9906005859375,65.28279427461395,64.9906005859375,65.16768398527546,5769800.0
2023-03-28,,,,,,BND,,,,,,64.87551879882812,64.96406729269842,64.8135389062999,64.8666693536824,3473300.0
2023-03-29,,,,,,BND,,,,,,64.94633483886719,65.00831471225841,64.76925141640643,64.77810761411934,4231300.0
2023-03-30,,,,,,BND,,,,,,65.03490447998047,65.09688437998956,64.91980088147855,64.91980088147855,3455300.0
2023-03-31,,,,,,BND,,,,,,65.37137603759766,65.40679409023119,65.05262031919867,65.15886772179645,4549200.0
2023-04-03,,,,,,BND,,,,,,65.64920043945312,65.67582829098609,65.2586405580673,65.31190303322161,5346200.0
2023-04-04,,,,,,BND,,,,,,65.91547393798828,65.96872962605808,65.4361524291007,65.4716584785094,4126700.0
2023-04-05,,,,,,BND,,,,,,66.0929946899414,66.4835544452596,66.0219825940497,66.08411648493339,4345900.0
2023-04-06,,,,,,BND,,,,,,66.07524871826172,66.21726614583892,66.05749230726046,66.13738261259297,4381700.0
2023-04-10,,,,,,BND,,,,,,65.63145446777344,65.72909444358271,65.51605807522317,65.71133802684169,4224300.0
2023-04-11,,,,,,BND,,,,,,65.6580810546875,65.71133675970606,65.51605681185318,65.70245855150675,4401600.0
2023-04-12,,,,,,BND,,,,,,65.72908020019531,65.91548190305039,65.55154993169955,65.91548190305039,4134800.0
2023-04-13,,,,,,BND,,,,,,65.6935806274414,65.94211625576725,65.64031815559447,65.8711041413633,5012700.0
2023-04-14,,,,,,BND,,,,,,65.40065002441406,65.5071681785763,65.33851612750782,65.46278392132032,4349600.0
2023-04-17,,,,,,BND,,,,,,65.04560089111328,65.22313116062837,65.02785125020544,65.1964965411356,5085500.0
2023-04-18,,,,,,BND,,,,,,65.14323425292969,65.23199599265965,65.05447251319973,65.07222215231106,3728400.0
2023-04-19,,,,,,BND,,,,,,65.05447387695312,65.08110172222166,64.9302060843088,65.05447387695312,4611000.0
2023-04-20,,,,,,BND,,,,,,65.33853149414062,65.33853149414062,65.23201331492693,65.24089152288352,3605400.0
2023-04-21,,,,,,BND,,,,,,65.22313690185547,65.4805439641576,65.17875263754796,65.44504467921712,3371600.0
2023-04-24,,,,,,BND,,,,,,65.48051452636719,65.50714913623044,65.34737533747536,65.34737533747536,2993000.0
2023-04-25,,,,,,BND,,,,,,65.90660858154297,65.9421146378738,65.73795650699348,65.73795650699348,3508100.0
2023-04-26,,,,,,BND,,,,,,65.67581939697266,65.93323321374554,65.59593585319183,65.87109931122018,5819900.0
2023-04-27,,,,,,BND,,,,,,65.39177703857422,65.53380125546123,65.35627098435246,65.51604484230666,3078100.0
2023-04-28,,,,,,BND,,,,,,65.75567626953125,65.77342590175927,65.58702428898698,65.71129203083517,4469100.0
2023-05-01,,,,,,BND,,,,,,65.0794677734375,65.54216399402922,65.00828269510298,65.48877179098697,4546500.0
2023-05-02,,,,,,BND,,,,,,65.7201156616211,65.72901549298446,65.23962659673387,65.24852642809722,4825100.0
2023-05-03,,,,,,BND,,,,,,65.99594116210938,66.00484099237036,65.72010752125166,65.8624708625203,4205600.0
2023-05-04,,,,,,BND,,,,,,65.90696716308594,66.1828008204243,65.75570398251857,65.7734968555222,11535800.0
2023-05-05,,,,,,BND,,,,,,65.66669464111328,65.72008002317926,65.55991708840274,65.67558767907188,3143200.0
2023-05-08,,,,,,BND,,,,,,65.35530853271484,65.4976787047775,65.32861582259896,65.39980090863028,9895900.0
2023-05-09,,,,,,BND,,,,,,65.28409576416016,65.39976637644743,65.27519593595964,65.33748115620354,3827700.0
2023-05-10,,,,,,BND,,,,,,65.6845474243164,65.7379328550816,65.53328417809185,65.55997689347444,5291800.0
2023-05-11,,,,,,BND,,,,,,65.89808654785156,66.05824960591444,65.86249400288384,66.00486418275476,4745900.0
2023-05-12,,,,,,BND,,,,,,65.5510482788086,65.89806700359428,65.5510482788086,65.85358142701615,2970500.0
2023-05-15,,,,,,BND,,,,,,65.38200378417969,65.42648936862189,65.33751141115448,65.41758953630024,3268600.0
2023-05-16,,,,,,BND,,,,,,65.22181701660156,65.23960988618852,65.09724656375126,65.19511752935033,3818500.0
2023-05-17,,,,,,BND,,,,,,65.10614776611328,65.30190329901286,65.0616621922788,65.29300346881341,4574400.0
2023-05-18,,,,,,BND,,,,,,64.83922576904297,64.96379626020257,64.80363323034271,64.96379626020257,3530000.0
2023-05-19,,,,,,BND,,,,,,64.6612777709961,64.90152576467793,64.6078923451042,64.70577015162878,4166800.0
2023-05-22,,,,,,BND,,,,,,64.64347839355469,64.84812703129057,64.60788585034334,64.69686381407996,5294900.0
2023-05-23,,,,,,BND,,,,,,64.68795013427734,64.75913520546244,64.49220137139139,64.56337965399446,4561100.0
2023-05-24,,,,,,BND,,,,,,64.51001739501953,64.74136556510187,64.50111756078208,64.72356589662698,4245100.0
2023-05-25,,,,,,BND,,,,,,64.26976013183594,64.50110145557045,64.24306063579017,64.47440874810745,4012300.0
2023-05-26,,,,,,BND,,,,,,64.34982299804688,64.35872282795215,64.1273747704833,64.2074596624684,3783100.0
2023-05-30,,,,,,BND,,,,,,64.77693176269531,64.77693176269531,64.52778402548952,64.5544835173407,3533000.0
2023-05-31,,,,,,BND,,,,,,64.99049377441406,65.07057190097603,64.74135277366595,64.7858383588949,4898400.0
2023-06-01,,,,,,BND,,,,,,65.1662368774414,65.2911271307938,65.09486907380908,65.1662368774414,3984000.0
2023-06-02,,,,,,BND,,,,,,64.80046081542969,65.13944756291018,64.80046081542969,65.13053169487559,4595500.0
2023-06-05,,,,,,BND,,,,,,64.80937194824219,64.98778456124845,64.60419131788055,64.66663641303323,4674600.0
2023-06-06,,,,,,BND,,,,,,64.89860534667969,64.90752802285625,64.70234730684189,64.84508290163585,5001900.0
2023-06-07,,,,,,BND,,,,,,64.5328369140625,64.90751436857363,64.48823715457745,64.85398512878271,4326500.0
2023-06-08,,,,,,BND,,,,,,64.8539810180664,64.88966490699644,64.604200601562,64.61312327529598,3567600.0
2023-06-09,,,,,,BND,,,,,,64.72018432617188,64.80939065842848,64.63097118790837,64.71126165114414,12690400.0
2023-06-12,,,,,,BND,,,,,,64.8539810180664,64.8629036918004,64.5952847338339,64.79153591394031,4632800.0
2023-06-13,,,,,,BND,,,,,,64.56851959228516,65.05024190531596,64.5060744853741,64.99671947253682,4302500.0
2023-06-14,,,,,,BND,,,,,,64.6220474243164,64.77369885122678,64.40794408584827,64.6755698559304,5986200.0
2023-06-15,,,,,,BND,,,,,,65.02350616455078,65.04135151980627,64.82724809279354,64.90753857942553,5061200.0
2023-06-16,,,,,,BND,,,,,,64.88077545166016,64.96998180729744,64.71127861174325,64.83616887083718,3905300.0
2023-06-20,,,,,,BND,,,,,,64.96995544433594,65.07700030526145,64.91642620786727,64.92534888161303,4921700.0
2023-06-21,,,,,,BND,,,,,,65.07701110839844,65.1126950032993,64.7469469910778,64.8450760005534,3678700.0
2023-06-22,,,,,,BND,,,,,,64.76480102539062,64.97889763999446,64.70235589588081,64.88077541305789,3975500.0
2023-06-23,,,,,,BND,,,,,,64.95214080810547,65.11271498142378,64.84509589656602,65.10379910946824,4163100.0
2023-06-26,,,,,,BND,,,,,,65.03240966796875,65.10377745593085,64.96996455500363,65.04133234296573,6287800.0
2023-06-27,,,,,,BND,,,,,,64.90751647949219,65.14837424536235,64.82722602019777,65.05024524289503,4816100.0
2023-06-28,,,,,,BND,,,,,,65.11268615722656,65.12160883124132,64.88966694890038,64.99671861905915,5517200.0
2023-06-29,,,,,,BND,,,,,,64.6220474243164,64.6844925298681,64.51499575508234,64.6577313140611,5803000.0
2023-06-30,,,,,,BND,,,,,,64.8450927734375,64.86293132249854,64.61315079959114,64.675595930318,5612300.0
2023-07-03,,,,,,BND,,,,,,64.66082763671875,64.97384547977552,64.64293700381423,64.83074770964829,3146500.0
2023-07-05,,,,,,BND,,,,,,64.39252471923828,64.65188431815073,64.33886646542103,64.63399368469335,4415700.0
2023-07-06,,,,,,BND,,,,,,63.98114013671875,64.06162753164024,63.81121320529075,64.01691458666564,5613400.0
2023-07-07,,,,,,BND,,,,,,63.94534683227539,64.1331575216609,63.909572392876726,63.981121271674056,5726600.0
2023-07-10,,,,,,BND,,,,,,64.16893005371094,64.24047893038156,63.99006468531082,63.999003177437324,4450800.0
2023-07-11,,,,,,BND,,,,,,64.3031005859375,64.35675884690119,64.18683192281172,64.24943550169547,5709100.0
2023-07-12,,,,,,BND,,,,,,64.81287384033203,64.85758678289646,64.59823397549924,64.64294691806367,6397500.0
2023-07-13,,,,,,BND,,,,,,65.2063980102539,65.24216564161215,65.01858041758567,65.06330019170278,5868400.0
2023-07-14,,,,,,BND,,,,,,64.90229797363281,65.15271225339855,64.8933526569905,65.0811633668148,7410000.0
2023-07-17,,,,,,BND,,,,,,64.97386169433594,65.00963614579544,64.84865452586715,64.91125811010154,5942700.0
2023-07-18,,,,,,BND,,,,,,65.0543441772461,65.22427110301957,65.0454056825158,65.17955133625442,7748100.0
2023-07-19,,,,,,BND,,,,,,65.2063980102539,65.26900160005013,65.0811840073819,65.17062355561612,11522100.0
2023-07-20,,,,,,BND,,,,,,64.90229797363281,65.00067598686611,64.77709083374994,64.9917306702238,5262100.0
2023-07-21,,,,,,BND,,,,,,64.94702911376953,65.06329095738182,64.92019315914033,65.0185711896117,5170600.0
2023-07-24,,,,,,BND,,,,,,64.83969116210938,65.07222162024279,64.83074584591428,65.02750186254431,3553400.0
2023-07-25,,,,,,BND,,,,,,64.76817321777344,64.83077681448977,64.678740482933,64.70556962105711,4200800.0
2023-07-26,,,,,,BND,,,,,,64.98280334472656,65.00068715780729,64.76815664808639,64.9201929407476,4478200.0
2023-07-27,,,,,,BND,,,,,,64.42830657958984,64.90230607161355,64.36570300183725,64.85758630609959,5342600.0
2023-07-28,,,,,,BND,,,,,,64.6518783569336,64.66976216546456,64.49089678704769,64.54455503591738,5273200.0
2023-07-31,,,,,,BND,,,,,,64.76817321777344,64.83077681448977,64.66085666527704,64.66085666527704,4607900.0
2023-08-01,,,,,,BND,,,,,,64.36732482910156,64.55563744423027,64.29558473528722,64.50183579462548,11078000.0
2023-08-02,,,,,,BND,,,,,,64.16107177734375,64.18797259844234,63.96378996727275,64.16107177734375,6546700.0
2023-08-03,,,,,,BND,,,,,,63.766502380371094,63.84720483635577,63.69476230293338,63.78443397897536,5395200.0
2023-08-04,,,,,,BND,,,,,,64.29557037353516,64.32247803383908,63.981716085093176,63.99965452529579,6925000.0
2023-08-07,,,,,,BND,,,,,,64.19691467285156,64.26865473409768,64.14311304767138,64.23278470347462,4987400.0
2023-08-08,,,,,,BND,,,,,,64.4300765991211,64.5466559273849,64.37627496546695,64.44801503801239,4338200.0
2023-08-09,,,,,,BND,,,,,,64.44805145263672,64.5287539487167,64.40321217158312,64.43011300360979,4937800.0
2023-08-10,,,,,,BND,,,,,,64.0893325805664,64.58253027106007,64.0803633595724,64.50182780664714,5195800.0
2023-08-11,,,,,,BND,,,,,,63.8830680847168,64.0893190750495,63.86513648801855,63.90100652292466,4577400.0
2023-08-14,,,,,,BND,,,,,,63.8023681640625,63.95481068731839,63.70372727454166,63.81133738352164,7992400.0
2023-08-15,,,,,,BND,,,,,,63.658897399902344,63.847209987235736,63.64096579985146,63.694767441515026,5028100.0
2023-08-16,,,,,,BND,,,,,,63.47956466674805,63.7754874284892,63.452663841410136,63.658908063342174,5149700.0
2023-08-17,,,,,,BND,,,,,,63.41679000854492,63.50646170148963,63.29124827012,63.48853009950534,7357800.0
2023-08-18,,,,,,BND,,,,,,63.551292419433594,63.64096410031515,63.425750697897264,63.45265151801066,5094400.0
2023-08-21,,,,,,BND,,,,,,63.24641799926758,63.34505892799125,63.174677898102615,63.31815810043254,4280100.0
2023-08-22,,,,,,BND,,,,,,63.327110290527344,63.38988115178522,63.20156856801159,63.26433942926947,4301900.0
2023-08-23,,,,,,BND,,,,,,63.9010124206543,63.90997479907579,63.64095977471574,63.64992899464748,5205800.0
2023-08-24,,,,,,BND,,,,,,63.74856185913086,63.89204200932226,63.73063026111199,63.802370336207694,4186400.0
2023-08-25,,,,,,BND,,,,,,63.74856185913086,63.8651411915389,63.542317695118356,63.67682862554527,4853100.0
2023-08-28,,,,,,BND,,,,,,63.86514663696289,63.892047457039936,63.76650573567327,63.892047457039936,3969000.0
2023-08-29,,,,,,BND,,,,,,64.25971984863281,64.27765145086128,63.766515268453055,63.78444687068154,6214600.0
2023-08-30,,,,,,BND,,,,,,64.23279571533203,64.3583374232808,64.22383333727139,64.32247422801827,4721500.0
2023-08-31,,,,,,BND,,,,,,64.34038543701172,64.43902629650059,64.2776146029286,64.31348462833435,4747100.0
2023-09-01,,,,,,BND,,,,,,64.03109741210938,64.35480524031051,63.95916081467545,64.33682452107779,3940700.0
2023-09-05,,,,,,BND,,,,,,63.68039321899414,63.89619607697804,63.6713994323388,63.88720915057188,4634300.0
2023-09-06,,,,,,BND,,,,,,63.608463287353516,63.76133023545779,63.536533567348435,63.75233644786345,7800400.0
2023-09-07,,,,,,BND,,,,,,63.82428741455078,63.833274343920955,63.67142043198924,63.74335702845921,4742800.0
2023-09-08,,,,,,BND,,,,,,63.84229278564453,63.99515296698017,63.82431205970967,63.92321634273255,4270600.0
2023-09-11,,,,,,BND,,,,,,63.74335861206055,63.797307630627586,63.68940959349351,63.75235240190558,4215800.0
2023-09-12,,,,,,BND,,,,,,63.78830337524414,63.80628408979881,63.70737300912379,63.77930958784194,4246300.0
2023-09-13,,,,,,BND,,,,,,63.88719940185547,63.95014217833989,63.716351782720004,63.716351782720004,6142500.0
2023-09-14,,,,,,BND,,,,,,63.77932357788086,63.96815199324833,63.76134285938211,63.93218369599958,5227300.0
2023-09-15,,,,,,BND,,,,,,63.653446197509766,63.77033803349291,63.63545861643413,63.7523573126694,4946100.0
2023-09-18,,,,,,BND,,,,,,63.71638107299805,63.73436179158153,63.545533375324275,63.545533375324275,5882500.0
2023-09-19,,,,,,BND,,,,,,63.58150100708008,63.71638040592351,63.554526499361636,63.67141831955863,4200900.0
2023-09-20,,,,,,BND,,,,,,63.500572204589844,63.77032411959877,63.500572204589844,63.69838753149613,5518400.0
2023-09-21,,,,,,BND,,,,,,63.104915618896484,63.20382669333475,63.09592183206138,63.18583911966453,9127100.0
2023-09-22,,,,,,BND,,,,,,63.36569595336914,63.40166424920078,63.14989303863029,63.19484826323161,8149800.0
2023-09-25,,,,,,BND,,,,,,62.898128509521484,63.10494454001731,62.889141578816954,63.042001723823354,22744300.0
2023-09-26,,,,,,BND,,,,,,62.83518981933594,63.02401828031703,62.808215304946195,63.01503134902238,7329100.0
2023-09-27,,,,,,BND,,,,,,62.6103515625,63.04196408747848,62.48446600526635,63.032970301890835,7701800.0
2023-09-28,,,,,,BND,,,,,,62.77223587036133,62.79022345026747,62.38558522539939,62.502483914034286,9004600.0
2023-09-29,,,,,,BND,,,,,,62.745277404785156,63.0599915310986,62.66435385527031,62.997048705835915,7650600.0
2023-10-02,,,,,,BND,,,,,,62.314273834228516,62.54870943213709,62.27820628999791,62.503623282053674,6719800.0
2023-10-03,,,,,,BND,,,,,,61.809329986572266,62.269175608177285,61.791292778364614,62.19704741288469,8099500.0
2023-10-04,,,,,,BND,,,,,,62.215091705322266,62.24214064452521,61.90852788878112,62.061809797051694,7915900.0
2023-10-05,,,,,,BND,,,,,,62.260154724121094,62.35032011435705,62.188019660261006,62.33228290880287,6845000.0
2023-10-06,,,,,,BND,,,,,,62.01670455932617,62.16097469624909,61.75522009553745,61.80030623312055,8385100.0
2023-10-09,,,,,,BND,,,,,,62.64787673950195,62.64787673950195,62.26917106574,62.34130613494978,3561600.0
2023-10-10,,,,,,BND,,,,,,62.58477020263672,62.72001487988772,62.341316025225076,62.4224697107556,11555900.0
2023-10-11,,,,,,BND,,,,,,62.873313903808594,62.882325630975636,62.683957566404,62.78314159868982,18074400.0
2023-10-12,,,,,,BND,,,,,,62.332305908203125,62.76510957188141,62.27820802993616,62.747072359671854,6144000.0
2023-10-13,,,,,,BND,,,,,,62.620845794677734,62.72002983443053,62.53068036195199,62.692980892530954,5570100.0
2023-10-16,,,,,,BND,,,,,,62.29621887207031,62.44950761116801,62.269169941399745,62.44950761116801,4914800.0
2023-10-17,,,,,,BND,,,,,,61.8905143737793,62.007728781599205,61.78231169635695,61.92658193292008,5851900.0
2023-10-18,,,,,,BND,,,,,,61.61998748779297,61.80934382045747,61.52081033717086,61.76425766902671,5885900.0
2023-10-19,,,,,,BND,,,,,,61.3494758605957,61.68309541180603,61.31340832431519,61.55685559523468,9433800.0
2023-10-20,,,,,,BND,,,,,,61.57490158081055,61.65604838962526,61.48473616684527,61.51178510311684,5197700.0
2023-10-23,,,,,,BND,,,,,,61.809329986572266,61.8994953900725,61.30439134444813,61.38554502302387,9587100.0
2023-10-24,,,,,,BND,,,,,,62.01670455932617,62.025723162678545,61.746208371363835,61.845385491524894,9462100.0
2023-10-25,,,,,,BND,,,,,,61.547847747802734,61.78227642962532,61.49374300038403,61.7642460999388,7392400.0
2023-10-26,,,,,,BND,,,,,,61.96263885498047,61.97165746301332,61.62000054155526,61.62901914958812,11426600.0
2023-10-27,,,,,,BND,,,,,,61.96263885498047,61.96263885498047,61.78230109023501,61.91755269399852,5325500.0
2023-10-30,,,,,,BND,,,,,,61.809329986572266,61.89047678596868,61.66505983762841,61.76424384523248,5905300.0
2023-10-31,,,,,,BND,,,,,,61.79127502441406,61.98964298262685,61.773244700566245,61.890459003520455,9248200.0
2023-11-01,,,,,,BND,,,,,,62.39087677001953,62.399922168893504,61.90252872509146,61.92966492171337,9330800.0
2023-11-02,,,,,,BND,,,,,,62.752601623535156,62.852080288190784,62.59886437801866,62.788776310647755,8409100.0
2023-11-03,,,,,,BND,,,,,,63.123416900634766,63.458020840639,63.11437149966674,63.331412825563994,7995700.0
2023-11-06,,,,,,BND,,,,,,62.852088928222656,63.00582619487281,62.79783033990308,62.96965150278742,7822000.0
2023-11-07,,,,,,BND,,,,,,63.16862106323242,63.29522906018267,62.98775446748018,63.014883766881184,7986100.0
2023-11-08,,,,,,BND,,,,,,63.3675651550293,63.43991453798861,63.18669859724793,63.195737095405164,6543700.0
2023-11-09,,,,,,BND,,,,,,62.89730453491211,63.34043240704223,62.870168343069565,63.30425771753537,6979700.0
2023-11-10,,,,,,BND,,,,,,63.01488494873047,63.186713047650606,62.96062634891084,63.17766764780784,4381800.0
2023-11-13,,,,,,BND,,,,,,62.99679946899414,63.01488336860772,62.72549267746216,62.77975127592122,6058600.0
2023-11-14,,,,,,BND,,,,,,63.7655029296875,63.819761536727285,63.666024217034966,63.747412127594636,8237100.0
2023-11-15,,,,,,BND,,,,,,63.41279602050781,63.52131321377103,63.331401225942315,63.50322931476652,6793500.0
2023-11-16,,,,,,BND,,,,,,63.79261779785156,63.855921791612985,63.67505520932829,63.67505520932829,5623900.0
2023-11-17,,,,,,BND,,,,,,63.883060455322266,63.93731905803933,63.73836854820382,63.85593115396374,5657300.0
2023-11-20,,,,,,BND,,,,,,63.973472595214844,64.00060188759812,63.76547675386534,63.828780735965175,6959100.0
2023-11-21,,,,,,BND,,,,,,64.06392669677734,64.10010139825424,63.91018939021465,64.03679739557438,5737800.0
2023-11-22,,,,,,BND,,,,,,64.11817169189453,64.23573425938031,63.973472932265935,64.19052107170884,4949100.0
2023-11-24,,,,,,BND,,,,,,63.81068801879883,63.937295979184036,63.80164952135444,63.89208279311296,3534800.0
2023-11-27,,,,,,BND,,,,,,64.1995620727539,64.1995620727539,63.93730073541338,63.98252082446471,5257000.0
2023-11-28,,,,,,BND,,,,,,64.47087860107422,64.48896249967159,64.11818393167296,64.16339712797536,7051400.0
2023-11-29,,,,,,BND,,,,,,64.80549621582031,64.84166401683466,64.6246227126553,64.70601751398422,7615800.0
2023-11-30,,,,,,BND,,,,,,64.59748840332031,64.67887629871991,64.47992581009262,64.66983779897649,9880000.0
2023-12-01,,,,,,BND,,,,,,65.12439727783203,65.15160313338419,64.57118848464357,64.58933033440394,7643500.0
2023-12-04,,,,,,BND,,,,,,64.86140441894531,64.9974406338524,64.76165190837538,64.90675213027745,11164600.0
2023-12-05,,,,,,BND,,,,,,65.278564453125,65.33297615516773,65.06997473014914,65.14252827893094,8393500.0
2023-12-06,,,,,,BND,,,,,,65.46903991699219,65.57786336693415,65.34207461266647,65.43276312731481,9365200.0
2023-12-07,,,,,,BND,,,,,,65.45087432861328,65.62318728732362,65.38739169947068,65.39646262337324,9876000.0
2023-12-08,,,,,,BND,,,,,,65.13346099853516,65.25135533258408,65.03370159315236,65.17880869883193,7349900.0
2023-12-11,,,,,,BND,,,,,,65.14253997802734,65.1878807648434,64.94302114258898,65.10626319712142,12895800.0
2023-12-12,,,,,,BND,,,,,,65.33299255371094,65.35112748591463,65.10626784617547,65.17882141316817,8052300.0
2023-12-13,,,,,,BND,,,,,,66.16731262207031,66.21266031394578,65.45086198877331,65.48713875845641,7172600.0
2023-12-14,,,,,,BND,,,,,,66.66612243652344,66.77494584751153,66.47567454820658,66.53008625370065,9105500.0
2023-12-15,,,,,,BND,,,,,,66.56637573242188,66.68427008985118,66.48475123951773,66.56637573242188,7996700.0
2023-12-18,,,,,,BND,,,,,,66.43034362792969,66.48475534716817,66.38499591583799,66.47569134002138,6144200.0
2023-12-19,,,,,,BND,,,,,,66.55728912353516,66.62984267366735,66.51194142493068,66.53008327200742,6924100.0
2023-12-20,,,,,,BND,,,,,,66.77493286132812,66.81120963096505,66.56635008477369,66.66610947150367,7496100.0
2023-12-21,,,,,,BND,,,,,,66.76587677001953,66.9472537206111,66.66611737146802,66.91097694667535,6912600.0
2023-12-22,,,,,,BND,,,,,,66.72132110595703,66.88503236632893,66.64855900379709,66.87593536881494,5890700.0
2023-12-26,,,,,,BND,,,,,,66.78498077392578,66.83045881881758,66.68493462634417,66.71221867768908,6394600.0
2023-12-27,,,,,,BND,,,,,,67.21245574951172,67.23064280579709,66.97598238394556,67.03055049177773,7467700.0
2023-12-28,,,,,,BND,,,,,,67.04874420166016,67.20335846584392,66.97598209887626,67.13059636306002,8166600.0
2023-12-29,,,,,,BND,,,,,,66.89412689208984,67.03964415205687,66.83046178979633,66.89412689208984,6939800.0
2024-01-02,,,,,,BND,,,,,,66.61217498779297,66.7213181361749,66.56670388019892,66.63036898201113,8334200.0
2024-01-03,,,,,,BND,,,,,,66.66675567626953,66.7122267877137,66.28475809407615,66.40299824957877,6477200.0
2024-01-04,,,,,,BND,,,,,,66.36661529541016,66.43937739840747,66.28475619479416,66.35751829779147,5056900.0
2024-01-05,,,,,,BND,,,,,,66.16651153564453,66.54850210183655,66.1119434373242,66.17560853168953,6223400.0
2024-01-08,,,,,,BND,,,,,,66.45755767822266,66.55760382489859,66.20289728267497,66.23927833046397,7937500.0
2024-01-09,,,,,,BND,,,,,,66.44845581054688,66.52121790079109,66.3484096712048,66.37570065927751,5649400.0
2024-01-10,,,,,,BND,,,,,,66.33023071289062,66.61217517327611,66.33023071289062,66.56670406555546,6578400.0
2024-01-11,,,,,,BND,,,,,,66.67581939697266,66.72129742942842,66.33930693710471,66.4302560630427,7537300.0
2024-01-12,,,,,,BND,,,,,,66.81227111816406,66.97598238062852,66.71222496115934,66.83955517207879,4461200.0
2024-01-16,,,,,,BND,,,,,,66.3393325805664,66.63946411828026,66.25747347829812,66.58489600941887,5724700.0
2024-01-17,,,,,,BND,,,,,,66.18470001220703,66.24836510794162,66.05736982073785,66.17560995494138,12370300.0
2024-01-18,,,,,,BND,,,,,,66.09373474121094,66.23925888965654,66.02097266698813,66.21197484656632,6086200.0
2024-01-19,,,,,,BND,,,,,,66.09373474121094,66.10283173523212,65.87545545751586,66.01188261194028,7883100.0
2024-01-22,,,,,,BND,,,,,,66.2029037475586,66.339330955346,66.17561969379632,66.29385290642485,10321400.0
2024-01-23,,,,,,BND,,,,,,66.04827880859375,66.10284690729877,65.98461371377958,66.10284690729877,6840400.0
2024-01-24,,,,,,BND,,,,,,65.911865234375,66.33023693512,65.89367123839946,66.33023693512,7483800.0
2024-01-25,,,,,,BND,,,,,,66.22109985351562,66.23019685233827,66.08467956606106,66.1665317385338,8361100.0
2024-01-26,,,,,,BND,,,,,,66.12103271484375,66.2301758491725,66.07556161310453,66.2301758491725,9120500.0
2024-01-29,,,,,,BND,,,,,,66.38481140136719,66.44847651542476,66.22110011679385,66.30295922856902,7677600.0
2024-01-30,,,,,,BND,,,,,,66.50303649902344,66.55760460185627,66.2756601519194,66.53941754723714,6688100.0
2024-01-31,,,,,,BND,,,,,,66.78498077392578,66.93049802742377,66.64855357822583,66.75769672258087,9916600.0
2024-02-01,,,,,,BND,,,,,,67.18815612792969,67.34321807401584,66.95099806040119,67.05133389823756,12060800.0
2024-02-02,,,,,,BND,,,,,,66.58615112304688,66.71385003422859,66.4675755509692,66.61351418129028,7820000.0
2024-02-05,,,,,,BND,,,,,,66.05709838867188,66.23040700898945,65.99324894314451,66.2030439550588,7577100.0
2024-02-06,,,,,,BND,,,,,,66.36723327636719,66.43108272578,66.13007519609043,66.1574382516862,8310500.0
2024-02-07,,,,,,BND,,,,,,66.23953247070312,66.45844386823552,66.23040913274448,66.26689552551119,9257500.0
2024-02-08,,,,,,BND,,,,,,66.06622314453125,66.18479870046527,66.0297367521513,66.13007259142923,7987500.0
2024-02-09,,,,,,BND,,,,,,66.01150512695312,66.0388681848252,65.93853233324846,65.97501873010079,5940700.0
2024-02-12,,,,,,BND,,,,,,66.02973175048828,66.12094424499506,65.95675897125595,66.0844578553789,6063000.0
2024-02-13,,,,,,BND,,,,,,65.45508575439453,65.67399712962113,65.43683908033648,65.65575741463023,12938800.0
2024-02-14,,,,,,BND,,,,,,65.70133972167969,65.75606580867738,65.50066812393484,65.51891479231072,6915700.0
2024-02-15,,,,,,BND,,,,,,65.8837890625,65.9841179288842,65.77432990044429,65.95675487813698,6733900.0
2024-02-16,,,,,,BND,,,,,,65.67398071289062,65.68310404763906,65.54628186267412,65.5918915773509,5029200.0
2024-02-20,,,,,,BND,,,,,,65.75607299804688,65.86553214307484,65.71959357543663,65.78344300360317,7605000.0
2024-02-21,,,,,,BND,,,,,,65.57368469238281,65.82908254776947,65.54632163060133,65.82908254776947,6625600.0
2024-02-22,,,,,,BND,,,,,,65.60103607177734,65.69224858116216,65.52806328064214,65.61015941043634,11884200.0
2024-02-23,,,,,,BND,,,,,,65.83819580078125,65.90204525484535,65.61016104211396,65.61016104211396,6147200.0
2024-02-26,,,,,,BND,,,,,,65.71961212158203,65.85642739264422,65.61015294566458,65.85642739264422,5255800.0
2024-02-27,,,,,,BND,,,,,,65.61927795410156,65.77433990463174,65.59191489919246,65.69224378083655,5534300.0
2024-02-28,,,,,,BND,,,,,,65.76522064208984,65.79258369869463,65.6375217385553,65.67400813371778,5255300.0
2024-02-29,,,,,,BND,,,,,,65.8746337890625,66.0023326033508,65.82902408721806,65.85638712469934,6002900.0
2024-03-01,,,,,,BND,,,,,,66.15091705322266,66.19665471560093,65.68441941559666,65.8033345463452,6366800.0
2024-03-04,,,,,,BND,,,,,,65.99540710449219,66.06858455837852,65.9496694511667,65.97710925172755,26404700.0
2024-03-05,,,,,,BND,,,,,,66.35212707519531,66.42530451651587,66.21492111736549,66.26980070906346,6208600.0
2024-03-06,,,,,,BND,,,,,,66.4710693359375,66.59912643475117,66.41618971604264,66.42533864555462,28955300.0
2024-03-07,,,,,,BND,,,,,,66.58081817626953,66.63569778184045,66.46191003800367,66.6265488547164,7495500.0
2024-03-08,,,,,,BND,,,,,,66.64483642578125,66.74545367286063,66.59909877580495,66.69057407575755,7187700.0
2024-03-11,,,,,,BND,,,,,,66.61739349365234,66.69057093873803,66.55336497384869,66.68142201345601,5626200.0
2024-03-12,,,,,,BND,,,,,,66.4161605834961,66.51677782822796,66.36128098767342,66.50762890272902,4699400.0
2024-03-13,,,,,,BND,,,,,,66.30638885498047,66.42530394074184,66.28809798410133,66.35212650005559,6123200.0
2024-03-14,,,,,,BND,,,,,,65.91307067871094,66.132603006912,65.903928732308,66.132603006912,5214000.0
2024-03-15,,,,,,BND,,,,,,65.87651062011719,65.95883702365894,65.83077993245006,65.88565954908584,4783900.0
2024-03-18,,,,,,BND,,,,,,65.79417419433594,65.89479145122803,65.76673439310832,65.86735165000042,5284200.0
2024-03-19,,,,,,BND,,,,,,65.96797180175781,66.03200033362742,65.87649648886988,65.9039432698882,4560100.0
2024-03-20,,,,,,BND,,,,,,66.08686065673828,66.21491768311509,65.88562619283628,66.01368321921309,5287200.0
2024-03-21,,,,,,BND,,,,,,66.14176940917969,66.26068454223697,66.07774086775947,66.22409580734147,5492900.0
2024-03-22,,,,,,BND,,,,,,66.36128997802734,66.42531850802327,66.30640339618344,66.41616958128489,4169400.0
2024-03-25,,,,,,BND,,,,,,66.23323822021484,66.31555763169108,66.18750056144786,66.31555763169108,7950500.0
2024-03-26,,,,,,BND,,,,,,66.2881088256836,66.30639969955425,66.1509028466027,66.2606690255846,7603100.0
2024-03-27,,,,,,BND,,,,,,66.51679229736328,66.5442321012435,66.33384864051698,66.37958629937529,7825200.0
2024-03-28,,,,,,BND,,,,,,66.43447875976562,66.54424497510914,66.37959914138801,66.44362768902465,5326400.0
2024-04-01,,,,,,BND,,,,,,65.98126220703125,66.22897109401445,65.92621889854762,66.19227322189089,6157500.0
2024-04-02,,,,,,BND,,,,,,65.9078598022461,65.91703601920051,65.66933415665305,65.76107532798905,9043000.0
2024-04-03,,,,,,BND,,,,,,65.9537353515625,65.9629115687206,65.65098317997122,65.73355513558833,5419200.0
2024-04-04,,,,,,BND,,,,,,66.09133911132812,66.10968454304931,65.93537844379227,66.10968454304931,12412900.0
2024-04-05,,,,,,BND,,,,,,65.76107025146484,65.99042666180067,65.76107025146484,65.8436351994727,11531700.0
2024-04-08,,,,,,BND,,,,,,65.70601654052734,65.77940526065943,65.66014246596886,65.69684032573544,13873100.0
2024-04-09,,,,,,BND,,,,,,65.94454956054688,65.99042364027446,65.88033004856936,65.88950626439525,8886200.0
2024-04-10,,,,,,BND,,,,,,65.17388153076172,65.50415513475497,65.14635989699532,65.48580271264522,8196500.0
2024-04-11,,,,,,BND,,,,,,65.17388153076172,65.34819454381322,65.05461878464125,65.31149669899195,16574100.0
2024-04-12,,,,,,BND,,,,,,65.3207015991211,65.45831684253847,65.31153238245476,65.37575189612926,12479100.0
2024-04-15,,,,,,BND,,,,,,64.8895034790039,65.00876626463332,64.79775533685762,64.99959005053859,8079200.0
2024-04-16,,,,,,BND,,,,,,64.72438049316406,64.77942379072755,64.6051106825738,64.69685184498029,14378900.0
2024-04-17,,,,,,BND,,,,,,65.03629302978516,65.08216710447134,64.82528908479128,64.92619945017896,6568500.0
2024-04-18,,,,,,BND,,,,,,64.86200714111328,65.0363202987269,64.80696382793172,65.02714408006197,6349500.0
2024-04-19,,,,,,BND,,,,,,64.9445571899414,65.02712213184608,64.88951389533828,64.99960048454453,8338300.0
2024-04-22,,,,,,BND,,,,,,64.97208404541016,65.02712734442555,64.88034288058375,64.91704074639476,5938300.0
2024-04-23,,,,,,BND,,,,,,65.09135437011719,65.2381458502983,64.87117414924855,64.93539367197702,6044400.0
2024-04-24,,,,,,BND,,,,,,64.92621612548828,64.9904356469021,64.79777708266063,64.9904356469021,4616600.0
2024-04-25,,,,,,BND,,,,,,64.74273681640625,64.76108225221266,64.55925446072929,64.63264320335816,5367500.0
2024-04-26,,,,,,BND,,,,,,64.8895034790039,64.98124462174965,64.8619748367197,64.8619748367197,4256600.0
2024-04-29,,,,,,BND,,,,,,65.0821762084961,65.1188740734983,64.97208261348943,64.99960426239059,4799500.0
2024-04-30,,,,,,BND,,,,,,64.83448028564453,64.99044099342228,64.77943697687672,64.88953059381579,6605800.0
2024-05-01,,,,,,BND,,,,,,65.0682144165039,65.27066225678038,64.87497066551174,64.96699049636567,8119200.0
2024-05-02,,,,,,BND,,,,,,65.32588195800781,65.35348720908829,65.01301308487697,65.04982242653897,6014800.0
2024-05-03,,,,,,BND,,,,,,65.65714263916016,65.84118930157378,65.50070824160531,65.7491624600358,7256900.0
2024-05-06,,,,,,BND,,,,,,65.72156524658203,65.76757867297356,65.64794657262087,65.70316408842332,5584300.0
2024-05-07,,,,,,BND,,,,,,65.85037231445312,66.00681369928029,65.80436592416581,65.92399096370582,4635400.0
2024-05-08,,,,,,BND,,,,,,65.69396209716797,65.76758077348039,65.69396209716797,65.72156734561928,6774500.0
2024-05-09,,,,,,BND,,,,,,65.8687973022461,65.90560663626921,65.66634947545023,65.70315880947335,4525200.0
2024-05-10,,,,,,BND,,,,,,65.68474578857422,65.77677262717731,65.65714054525812,65.75836445119185,5562000.0
2024-05-13,,,,,,BND,,,,,,65.73995208740234,65.88718236687322,65.73074800097889,65.88718236687322,5600500.0
2024-05-14,,,,,,BND,,,,,,65.93319702148438,65.97920341314732,65.83197313090045,65.91478884829037,4272500.0
2024-05-15,,,,,,BND,,,,,,66.35651397705078,66.4025274034102,66.2000795604898,66.27369121373644,4208200.0
2024-05-16,,,,,,BND,,,,,,66.24607849121094,66.40251991078279,66.22767733514138,66.3749076456849,4359500.0
2024-05-17,,,,,,BND,,,,,,66.0804214477539,66.24605988851607,66.07122438263296,66.19084941514882,4373500.0
2024-05-20,,,,,,BND,,,,,,66.01602172851562,66.07123923495575,66.00682466132724,66.0436269714047,3699600.0
2024-05-21,,,,,,BND,,,,,,66.154052734375,66.19086206387404,66.11724340487596,66.19086206387404,4612300.0
2024-05-22,,,,,,BND,,,,,,66.07123565673828,66.14484729356859,65.99761699924638,66.01601815328856,4306200.0
2024-05-23,,,,,,BND,,,,,,65.87798309326172,66.11724021312467,65.80437145847893,66.08963497249844,3589900.0
2024-05-24,,,,,,BND,,,,,,65.95160675048828,65.9700149260761,65.8227776040212,65.85958693453493,4025200.0
2024-05-28,,,,,,BND,,,,,,65.63873291015625,66.01601623266805,65.62032473598804,66.01601623266805,4743400.0
2024-05-29,,,,,,BND,,,,,,65.39947509765625,65.5283042328232,65.30745528977432,65.51910014583662,4877500.0
2024-05-30,,,,,,BND,,,,,,65.68474578857422,65.72155511988304,65.57432481530984,65.62953530194203,3723200.0
2024-05-31,,,,,,BND,,,,,,65.9239730834961,65.96078239813883,65.83195330721867,65.84115739104409,4193000.0
2024-06-03,,,,,,BND,,,,,,66.29230499267578,66.30153730496185,66.02462427390687,66.06154648086026,4798900.0
2024-06-04,,,,,,BND,,,,,,66.5414810180664,66.58763550951336,66.37534175010539,66.42148919936568,5298400.0
2024-06-05,,,,,,BND,,,,,,66.72612762451172,66.73535993617557,66.45844692378363,66.62459332278071,5506400.0
2024-06-06,,,,,,BND,,,,,,66.73534393310547,66.76303381926657,66.61534503682238,66.61534503682238,4119700.0
2024-06-07,,,,,,BND,,,,,,66.19998931884766,66.30152360644382,66.19075700846906,66.30152360644382,3826500.0
2024-06-10,,,,,,BND,,,,,,66.09845733642578,66.13537953703836,66.0338452459012,66.10768964712635,3925100.0
2024-06-11,,,,,,BND,,,,,,66.36614227294922,66.39383216464017,66.1446160972314,66.16307367762866,4073200.0
2024-06-12,,,,,,BND,,,,,,66.67074584960938,66.9938063263003,66.661513538221,66.84611751284717,4495700.0
2024-06-13,,,,,,BND,,,,,,66.96611785888672,67.04918753657857,66.81842904229183,66.8830411390045,4339600.0
2024-06-14,,,,,,BND,,,,,,67.067626953125,67.13223902555394,67.01224014662324,67.067626953125,3527000.0
2024-06-17,,,,,,BND,,,,,,66.81841278076172,66.83687739943755,66.72611081394854,66.79995520427455,4019000.0
2024-06-18,,,,,,BND,,,,,,67.04917907714844,67.14148105477955,66.8922650109566,66.90149732137657,8491900.0
2024-06-20,,,,,,BND,,,,,,66.91997528076172,66.94766517826517,66.78151875105284,66.82767327501968,4227800.0
2024-06-21,,,,,,BND,,,,,,66.93840789794922,67.08609668580394,66.8553382364227,67.04917448884026,4115300.0
2024-06-24,,,,,,BND,,,,,,66.975341796875,66.9938064196775,66.88303980943326,66.95688421626275,31937200.0
2024-06-25,,,,,,BND,,,,,,67.01226043701172,67.02149274792205,66.9015008748472,66.9845705464706,5958500.0
2024-06-26,,,,,,BND,,,,,,66.69841766357422,66.75379743251384,66.67072777910441,66.73533985693007,5910600.0
2024-06-27,,,,,,BND,,,,,,66.81841278076172,66.88302486174982,66.79072289493664,66.82764509009964,5514800.0
2024-06-28,,,,,,BND,,,,,,66.50459289550781,66.96610982873912,66.50459289550781,66.96610982873912,4824500.0
2024-07-01,,,,,,BND,,,,,,66.1536865234375,66.44071223236331,66.10739706731586,66.27405464983958,4960000.0
2024-07-02,,,,,,BND,,,,,,66.34810638427734,66.42217090466028,66.26477408604582,66.37588146240283,6080100.0
2024-07-03,,,,,,BND,,,,,,66.72771453857422,66.75548961821768,66.48698540857185,66.53328191721458,4438600.0
2024-07-05,,,,,,BND,,,,,,67.03325653076172,67.07954597692208,66.866598984102,66.90363477934368,4201700.0
2024-07-08,,,,,,BND,,,,,,67.03325653076172,67.07954597692208,66.93140985981101,67.02399581598739,4742300.0
2024-07-09,,,,,,BND,,,,,,67.00547790527344,67.05176734898478,66.85733473214444,67.00547790527344,8533200.0
2024-07-10,,,,,,BND,,,,,,67.06102752685547,67.09806331984147,66.95918086210777,67.05176681264516,5591500.0
2024-07-11,,,,,,BND,,,,,,67.39436340332031,67.53324590392458,67.37584196918246,67.43139920773861,4978100.0
2024-07-12,,,,,,BND,,,,,,67.57027435302734,67.57027435302734,67.4036167832151,67.4499062358061,4656800.0
2024-07-15,,,,,,BND,,,,,,67.35733032226562,67.5054735459285,67.33881595123661,67.41288049921035,4557200.0
2024-07-16,,,,,,BND,,,,,,67.61656951904297,67.62583023588633,67.41287613163236,67.42213684847573,4636600.0
2024-07-17,,,,,,BND,,,,,,67.6813735961914,67.71840939597948,67.48694094519642,67.53323746089565,8365100.0
2024-07-18,,,,,,BND,,,,,,67.50546264648438,67.69063458230737,67.46842684654847,67.57027353040807,7673700.0
2024-07-19,,,,,,BND,,,,,,67.32955169677734,67.57953454375398,67.31103026286362,67.57953454375398,5593100.0
2024-07-22,,,,,,BND,,,,,,67.30177307128906,67.44990921552376,67.21844075077327,67.43139484644078,5055700.0
2024-07-23,,,,,,BND,,,,,,67.31101989746094,67.43138800779235,67.3017662457864,67.33880204405328,6981700.0
2024-07-24,,,,,,BND,,,,,,67.11658477783203,67.44063917088921,67.11658477783203,67.39434972265589,5080200.0
2024-07-25,,,,,,BND,,,,,,67.26471710205078,67.41285320187151,67.190645520213,67.190645520213,4567700.0
2024-07-26,,,,,,BND,,,,,,67.53324127197266,67.55175564098325,67.44064823534895,67.48694475366081,3692700.0
2024-07-29,,,,,,BND,,,,,,67.61656951904297,67.71841621274827,67.55175862885389,67.6350909527297,5185000.0
2024-07-30,,,,,,BND,,,,,,67.69990539550781,67.74619485443922,67.56102289099836,67.71841976630886,4282400.0
2024-07-31,,,,,,BND,,,,,,68.07025146484375,68.07025146484375,67.76471842193568,67.94062967358389,6041400.0
2024-08-01,,,,,,BND,,,,,,68.32471466064453,68.42687261016123,68.20398575914537,68.25970570053802,8733700.0
2024-08-02,,,,,,BND,,,,,,69.10482788085938,69.13268785099672,68.72405606112866,68.84478496020554,6476300.0
2024-08-05,,,,,,BND,,,,,,69.03981018066406,69.46701999734029,68.90051033331848,69.4577309790356,8354200.0
2024-08-06,,,,,,BND,,,,,,68.61260223388672,68.98408499794174,68.61260223388672,68.96551404818896,6484400.0
2024-08-07,,,,,,BND,,,,,,68.44544219970703,68.61260910600271,68.34328425222384,68.54760014719024,5907200.0
2024-08-08,,,,,,BND,,,,,,68.3432846069336,68.38043359579711,68.23184472578816,68.25970469607452,4357500.0
2024-08-09,,,,,,BND,,,,,,68.58474731445312,68.6683343081037,68.54759832676898,68.63118532041953,6093100.0
2024-08-12,,,,,,BND,,,,,,68.70548248291016,68.74262438470996,68.48258855944238,68.54759751575928,4822900.0
2024-08-13,,,,,,BND,,,,,,68.96552276611328,68.9748046994408,68.85407579717545,68.9005138055942,4049000.0
2024-08-14,,,,,,BND,,,,,,69.09554290771484,69.16984088939448,68.96552498249822,69.01195590696386,6333600.0
2024-08-15,,,,,,BND,,,,,,68.80763244628906,68.80763244628906,68.64047263402914,68.68690355339754,5108300.0
2024-08-16,,,,,,BND,,,,,,68.95623016357422,68.95623016357422,68.7704923104429,68.92837019414901,4647700.0
2024-08-19,,,,,,BND,,,,,,69.03981018066406,69.11410815621166,68.91908128448291,68.94694125395203,4964700.0
2024-08-20,,,,,,BND,,,,,,69.24413299560547,69.26271103407277,69.1048331343289,69.17912403186119,4444000.0
2024-08-21,,,,,,BND,,,,,,69.39271545410156,69.50415532143077,69.18839958340565,69.32770650301144,4541800.0
2024-08-22,,,,,,BND,,,,,,69.1141128540039,69.2627088151994,69.0305329399155,69.24413077732726,3999700.0
2024-08-23,,,,,,BND,,,,,,69.42059326171875,69.44845323571094,69.16984641034294,69.26271535213228,4292000.0
2024-08-26,,,,,,BND,,,,,,69.34629821777344,69.5134651542687,69.34629821777344,69.5134651542687,4427200.0
2024-08-27,,,,,,BND,,,,,,69.34629821777344,69.37415819294824,69.17913128127816,69.1977093216923,3715900.0
2024-08-28,,,,,,BND,,,,,,69.29984283447266,69.40200076436376,69.28126480061398,69.3462737482316,5179900.0
2024-08-29,,,,,,BND,,,,,,69.19766998291016,69.24410088665681,69.1140830194584,69.19766998291016,3840800.0
2024-08-30,,,,,,BND,,,,,,69.0583724975586,69.31840826733847,69.02122351824099,69.23482837795636,5037400.0
2024-09-03,,,,,,BND,,,,,,69.3527603149414,69.45522970751254,69.24098069180653,69.31550517859394,6220100.0
2024-09-04,,,,,,BND,,,,,,69.66015625,69.68810115087246,69.37138279825801,69.39001036315798,7338600.0
2024-09-05,,,,,,BND,,,,,,69.82783508300781,69.85577998480902,69.61358609783512,69.7998901812066,9994300.0
2024-09-06,,,,,,BND,,,,,,69.91166687011719,70.20044029004642,69.74399037630958,69.86508730243122,22536000.0
2024-09-09,,,,,,BND,,,,,,70.00482940673828,70.0607192107156,69.80920798577242,69.89304269173839,5040900.0
2024-09-10,,,,,,BND,,,,,,70.23770904541016,70.25633660998787,69.9955080636307,70.03277029983099,5653900.0
2024-09-11,,,,,,BND,,,,,,70.200439453125,70.34017104747284,70.07934252844707,70.12591498853361,6471000.0
2024-09-12,,,,,,BND,,,,,,70.12591552734375,70.22838489018321,70.04208083431737,70.1724950948323,5685400.0
2024-09-13,,,,,,BND,,,,,,70.27498626708984,70.3495036483357,70.20046177879762,70.29361383563972,4786700.0
2024-09-16,,,,,,BND,,,,,,70.4612808227539,70.48922572531119,70.27497673434172,70.3308665394563,4734900.0
2024-09-17,,,,,,BND,,,,,,70.36811065673828,70.47989734522456,70.33084842724286,70.46126267695506,5398400.0
2024-09-18,,,,,,BND,,,,,,70.15386962890625,70.48922265909697,70.14455939982241,70.25633900518925,5695700.0
2024-09-19,,,,,,BND,,,,,,70.15386962890625,70.19113186637689,70.02345535128154,70.07003492488111,5135600.0
2024-09-20,,,,,,BND,,,,,,70.14457702636719,70.22841175145903,69.99552803903026,70.07005253269872,4265000.0
2024-09-23,,,,,,BND,,,,,,70.09797668457031,70.20044605626084,69.91167261261197,70.03276954868042,6632500.0
2024-09-24,,,,,,BND,,,,,,70.18180084228516,70.20975284522032,69.93028967221835,69.97686923673325,5017900.0
2024-09-25,,,,,,BND,,,,,,69.92098999023438,70.07935628534014,69.92098999023438,70.07935628534014,4793100.0
2024-09-26,,,,,,BND,,,,,,69.92098999023438,70.02345937240172,69.79057570512057,69.99551446945526,4919700.0
2024-09-27,,,,,,BND,,,,,,70.12591552734375,70.1724950948323,70.00481860173538,70.07934306689937,3927900.0
2024-09-30,,,,,,BND,,,,,,69.96757507324219,70.10730670601743,69.89305058815592,70.09798936862012,5661900.0
2024-10-01,,,,,,BND,,,,,,70.1740493774414,70.3141933582453,70.11799463632744,70.19273191513975,6267100.0
2024-10-02,,,,,,BND,,,,,,70.0432357788086,70.07126314358324,69.85637480028188,69.93111919169257,6902500.0
2024-10-03,,,,,,BND,,,,,,69.73492431640625,69.93112300855476,69.73492431640625,69.91244047369113,7733800.0
2024-10-04,,,,,,BND,,,,,,69.27713012695312,69.41727409207398,69.23975792771968,69.29581266256076,5218300.0
2024-10-07,,,,,,BND,,,,,,69.07157897949219,69.1556610724831,69.03420678437934,69.08092381027475,7044200.0
2024-10-08,,,,,,BND,,,,,,69.17434692382812,69.17434692382812,68.9688034260377,69.02485815161073,8642400.0
2024-10-09,,,,,,BND,,,,,,68.98749542236328,69.08092948182507,68.95013035220012,69.08092948182507,4997800.0
2024-10-10,,,,,,BND,,,,,,68.95948028564453,68.99685249045359,68.78197122282556,68.94079774724962,4579000.0
2024-10-11,,,,,,BND,,,,,,68.96880340576172,69.06223032436164,68.8847213174269,68.97814823602681,8508000.0
2024-10-14,,,,,,BND,,,,,,68.92208862304688,68.92208862304688,68.74457961034149,68.76326214346203,3380100.0
2024-10-15,,,,,,BND,,,,,,69.19303131103516,69.22105867457293,68.99683263825355,69.12763175344129,4456200.0
2024-10-16,,,,,,BND,,,,,,69.2864761352539,69.36121340697167,69.23975910341431,69.26778647131076,7437800.0
2024-10-17,,,,,,BND,,,,,,68.95013427734375,69.12764331878674,68.91276207703513,69.12764331878674,4250400.0
2024-10-18,,,,,,BND,,,,,,68.98749542236328,69.11830168000618,68.98749542236328,69.04355728364395,3930300.0
2024-10-21,,,,,,BND,,,,,,68.52033996582031,68.80997266193147,68.50165743446631,68.80997266193147,5259900.0
2024-10-22,,,,,,BND,,,,,,68.54839324951172,68.66050272440707,68.4643040153217,68.62313052343579,4633000.0
2024-10-23,,,,,,BND,,,,,,68.38021087646484,68.54838218969306,68.27743912237996,68.53903735895334,6429400.0
2024-10-24,,,,,,BND,,,,,,68.49232482910156,68.61378625263859,68.36152570222923,68.46429746306003,6219500.0
2024-10-25,,,,,,BND,,,,,,68.35218811035156,68.65115856197838,68.3241536162465,68.65115856197838,4641400.0
2024-10-28,,,,,,BND,,,,,,68.2680892944336,68.46428795750194,68.1559727178159,68.42691576529603,4582800.0
2024-10-29,,,,,,BND,,,,,,68.32415008544922,68.33349491633466,68.00649711551893,68.10926887120637,5543800.0
2024-10-30,,,,,,BND,,,,,,68.25875091552734,68.60443838009027,68.22137871978939,68.45494959713847,4610300.0
2024-10-31,,,,,,BND,,,,,,68.24942779541016,68.35219957364431,68.04388423894183,68.15599372209253,6115700.0
2024-11-01,,,,,,BND,,,,,,67.98509979248047,68.49119319841947,67.95698468387266,68.45370400349812,6409800.0
2024-11-04,,,,,,BND,,,,,,68.25691223144531,68.42561008566915,68.13507052263448,68.2475381422287,6860100.0
2024-11-05,,,,,,BND,,,,,,68.42561340332031,68.44435443232717,68.04135438049364,68.04135438049364,6236900.0
2024-11-06,,,,,,BND,,,,,,67.86327362060547,68.03196429300547,67.69457579787178,67.72269090993845,6382500.0
2024-11-07,,,,,,BND,,,,,,68.36934661865234,68.44432500311184,67.94760571914917,67.94760571914917,6590200.0
2024-11-08,,,,,,BND,,,,,,68.50057220458984,68.64115492273316,68.37873766237712,68.37873766237712,5398500.0
2024-11-11,,,,,,BND,,,,,,68.36934661865234,68.4162098965226,68.27562721324412,68.4162098965226,4372000.0
2024-11-12,,,,,,BND,,,,,,67.95700073242188,68.24753312375769,67.91013744011987,68.17255471620828,7197800.0
2024-11-13,,,,,,BND,,,,,,67.92889404296875,68.34126103497084,67.86328971580919,68.34126103497084,5458100.0
2024-11-14,,,,,,BND,,,,,,67.9101333618164,68.15380959655089,67.86327722266282,68.04134199198096,6643300.0
2024-11-15,,,,,,BND,,,,,,67.92889404296875,68.09759190571268,67.66646958399511,67.79767823831423,18467300.0
2024-11-18,,,,,,BND,,,,,,67.99447631835938,68.05070653759248,67.7882893140606,67.85389361994358,4964800.0
2024-11-19,,,,,,BND,,,,,,68.11632537841797,68.21004481391572,68.09758435145226,68.19130378695,4900500.0
2024-11-20,,,,,,BND,,,,,,68.0413589477539,68.12571145978535,67.94763949575797,67.95701358605831,6557800.0
2024-11-21,,,,,,BND,,,,,,68.00384521484375,68.17254302773871,67.94761499398986,68.04133441219076,5115500.0
2024-11-22,,,,,,BND,,,,,,68.03197479248047,68.1069532031189,67.96637047075554,68.06009705922098,10409500.0
2024-11-25,,,,,,BND,,,,,,68.65992736816406,68.66929430910628,68.42562513855012,68.42562513855012,10207100.0
2024-11-26,,,,,,BND,,,,,,68.5380630493164,68.58492633993242,68.35999827571088,68.58492633993242,5537900.0
2024-11-27,,,,,,BND,,,,,,68.72550201416016,68.80984734821891,68.61303441841498,68.61303441841498,5366600.0
2024-11-29,,,,,,BND,,,,,,68.9785385131836,69.0066536218246,68.88481910093596,68.88481910093596,3870800.0
2024-12-02,,,,,,BND,,,,,,69.01897430419922,69.0753825939182,68.7839600845537,68.89676949192688,6212800.0
2024-12-03,,,,,,BND,,,,,,68.85916137695312,69.14118128896091,68.81215566759707,69.12237613639276,6249200.0
2024-12-04,,,,,,BND,,,,,,69.09420013427734,69.14120586033827,68.7087732623648,68.81218012204539,6769700.0
2024-12-05,,,,,,BND,,,,,,69.10359954833984,69.15059810018099,68.95318696948856,68.98138753500655,6146200.0
2024-12-06,,,,,,BND,,,,,,69.29161071777344,69.36681701004049,69.1600032923395,69.31041587687359,4880500.0
2024-12-09,,,,,,BND,,,,,,69.08477020263672,69.23518272882698,69.06597222289494,69.23518272882698,5432900.0
2024-12-10,,,,,,BND,,,,,,69.00957489013672,69.06597600451424,68.92496604650604,68.98136716088356,5751900.0
2024-12-11,,,,,,BND,,,,,,68.85916137695312,69.1787772499686,68.8309608201652,69.1787772499686,4642900.0
2024-12-12,,,,,,BND,,,,,,68.5865478515625,68.82156206727045,68.55834729320789,68.63355356352996,6880600.0
2024-12-13,,,,,,BND,,,,,,68.31392669677734,68.53954549518045,68.28572613999303,68.53954549518045,5171400.0
2024-12-16,,,,,,BND,,,,,,68.3891372680664,68.5207446560542,68.29513301551295,68.3891372680664,7871100.0
2024-12-17,,,,,,BND,,,,,,68.39852905273438,68.47372813967307,68.35152334784203,68.37972390195199,6084800.0
2024-12-18,,,,,,BND,,,,,,67.86270141601562,68.45493460698019,67.85329884001375,68.39853349509711,7962700.0
2024-12-19,,,,,,BND,,,,,,67.6746826171875,67.79689458335076,67.5712758021557,67.7216883229524,7669100.0
2024-12-20,,,,,,BND,,,,,,67.88150024414062,68.06951590620696,67.86270226396607,67.96610908508652,6696400.0
2024-12-23,,,,,,BND,,,,,,67.6653060913086,67.88151518519334,67.6277029506187,67.80630890381354,7605400.0
2024-12-24,,,,,,BND,,,,,,67.7624282836914,67.7624282836914,67.54551708920427,67.57380922801948,4185300.0
2024-12-26,,,,,,BND,,,,,,67.80960083007812,67.82845986144805,67.5549571367619,67.5549571367619,8714400.0
2024-12-27,,,,,,BND,,,,,,67.6681137084961,67.83787372408075,67.6586805978094,67.80014847668913,9018700.0
2024-12-30,,,,,,BND,,,,,,67.93219757080078,67.97935593882413,67.80959588743953,67.80959588743953,8054500.0
2024-12-31,,,,,,BND,,,,,,67.81903839111328,68.06424179178946,67.79073904916659,67.98879127064706,8724200.0
2025-01-02,,,,,,BND,,,,,,67.8473129272461,68.08309034809935,67.76242931415388,68.08309034809935,8053300.0
2025-01-03,,,,,,BND,,,,,,67.7624282836914,67.96048045075366,67.74356925626651,67.87560403430801,6857000.0
2025-01-06,,,,,,BND,,,,,,67.69641876220703,67.79072830100345,67.62096825302726,67.69641876220703,5375700.0
2025-01-07,,,,,,BND,,,,,,67.46065521240234,67.68699959120521,67.37577876861054,67.63984840977356,7875900.0
2025-01-08,,,,,,BND,,,,,,67.53609466552734,67.58325303458611,67.38519364082482,67.41349297947421,5844300.0
2025-01-10,,,,,,BND,,,,,,67.18712615966797,67.65868096156555,67.13054188595395,67.65868096156555,9602400.0
2025-01-13,,,,,,BND,,,,,,67.12113952636719,67.19659005612327,67.05512211167024,67.18715694106412,11856300.0
2025-01-14,,,,,,BND,,,,,,67.16828918457031,67.1965813307155,67.06454651846622,67.10227177844567,5166000.0
2025-01-15,,,,,,BND,,,,,,67.70584869384766,67.79072511616994,67.52665554180341,67.52665554180341,5867900.0
2025-01-16,,,,,,BND,,,,,,67.8378677368164,67.93217724929423,67.56436511388254,67.62094938229832,8494100.0
2025-01-17,,,,,,BND,,,,,,67.85673522949219,67.99820311354098,67.81901717607762,67.99820311354098,5600200.0
2025-01-21,,,,,,BND,,,,,,68.05480194091797,68.10195311046084,67.96991832317082,68.10195311046084,8491600.0
2025-01-22,,,,,,BND,,,,,,67.91333770751953,68.09252367402482,67.8756124526351,68.04537250193675,6616600.0
2025-01-23,,,,,,BND,,,,,,67.80960083007812,67.90391037764229,67.71529128251396,67.90391037764229,7529700.0
2025-01-24,,,,,,BND,,,,,,67.94164276123047,67.98879394227897,67.78131579402111,67.90391749917686,5555700.0
2025-01-27,,,,,,BND,,,,,,68.29999542236328,68.31886164373935,68.14910162813082,68.22454492756944,8621200.0
2025-01-28,,,,,,BND,,,,,,68.26227569580078,68.27170880725173,68.10194877791355,68.27170880725173,4424300.0
2025-01-29,,,,,,BND,,,,,,68.22456359863281,68.36603151624807,68.06423664983552,68.30944722734485,5780200.0
2025-01-30,,,,,,BND,,,,,,68.31887817382812,68.40375460449106,68.26228669136255,68.33773720441201,5622300.0
2025-01-31,,,,,,BND,,,,,,68.22456359863281,68.4131898872389,68.09252879428715,68.35660559833566,6738300.0
2025-02-03,,,,,,BND,,,,,,68.28606414794922,68.53207388888998,68.18198338135149,68.34284006897093,7163800.0
2025-02-04,,,,,,BND,,,,,,68.38068389892578,68.39961161298858,68.09683315725404,68.16306571885823,7296200.0
2025-02-05,,,,,,BND,,,,,,68.73077392578125,68.8443185529165,68.59830880352733,68.61722929864601,8981700.0
2025-02-06,,,,,,BND,,,,,,68.65505981445312,68.74022006755968,68.57937063467672,68.65505981445312,5722100.0
2025-02-07,,,,,,BND,,,,,,68.44692993164062,68.54155408296208,68.38069735700114,68.49424200730135,6415300.0
2025-02-10,,,,,,BND,,,,,,68.4658432006836,68.60777217890445,68.42799499190419,68.55099625633149,5439200.0
2025-02-11,,,,,,BND,,,,,,68.35231018066406,68.41854275257249,68.29554146725938,68.41854275257249,6870800.0
2025-02-12,,,,,,BND,,,,,,68.0022201538086,68.1157575694831,67.88867551932587,68.05898886164584,5279600.0
2025-02-13,,,,,,BND,,,,,,68.4090805053711,68.47531307185042,68.19145509047709,68.27661537241242,6452900.0
2025-02-14,,,,,,BND,,,,,,68.6266860961914,68.76861506080873,68.56045354187759,68.56045354187759,6131500.0
2025-02-18,,,,,,BND,,,,,,68.3712158203125,68.55098576098179,68.36175196486467,68.45636886292323,7151700.0
2025-02-19,,,,,,BND,,,,,,68.4658432006836,68.49422755256623,68.32391422246272,68.39961064002155,4720700.0
2025-02-20,,,,,,BND,,,,,,68.55099487304688,68.59830693776836,68.52261052173701,68.56045872975268,6199000.0
2025-02-21,,,,,,BND,,,,,,68.8537826538086,68.93894293809208,68.62670059373349,68.63616445172244,4460600.0
2025-02-24,,,,,,BND,,,,,,68.9483871459961,68.99569198484204,68.77807384477642,68.78753048126171,5580100.0
2025-02-25,,,,,,BND,,,,,,69.38362884521484,69.38362884521484,69.11869865436873,69.17546734703396,4835300.0
2025-02-26,,,,,,BND,,,,,,69.48773956298828,69.52558778069039,69.27011411590355,69.3647310507541,5825400.0
2025-02-27,,,,,,BND,,,,,,69.40255737304688,69.46878992842788,69.27955611842705,69.36470916728528,14908500.0
2025-02-28,,,,,,BND,,,,,,69.69588470458984,69.72426905646613,69.45933881387724,69.5634123644877,8363500.0
2025-03-03,,,,,,BND,,,,,,69.85627746582031,69.87525438519063,69.48616599524723,69.51463499447047,7549300.0
2025-03-04,,,,,,BND,,,,,,69.65695190429688,69.98910212734333,69.58102978464859,69.85624203812475,7693100.0
2025-03-05,,,,,,BND,,,,,,69.41023254394531,69.77085187599216,69.40074046563677,69.56207683554462,7758400.0
2025-03-06,,,,,,BND,,,,,,69.35328674316406,69.4671627087028,69.18246555452244,69.38175573454875,7196400.0
2025-03-07,,,,,,BND,,,,,,69.27737426757812,69.62850877107121,69.22992111509666,69.59054769715294,5036100.0
2025-03-10,,,,,,BND,,,,,,69.60001373291016,69.72338899989829,69.53358368158293,69.56205990957966,8167000.0
2025-03-11,,,,,,BND,,,,,,69.33429718017578,69.68543160730775,69.31532026751081,69.4671572898294,8359200.0
2025-03-12,,,,,,BND,,,,,,69.19194793701172,69.33429287399065,69.17296378519286,69.19194793701172,6193000.0
2025-03-13,,,,,,BND,,,,,,69.40074920654297,69.41973336555107,69.05910674774958,69.20145897896937,4711400.0
2025-03-14,,,,,,BND,,,,,,69.22991943359375,69.34380265258248,69.22043459559545,69.29634950125359,5094900.0
2025-03-17,,,,,,BND,,,,,,69.3248291015625,69.5051351566295,69.28686802672347,69.40074401090585,4772900.0
2025-03-18,,,,,,BND,,,,,,69.40074920654297,69.48616344140893,69.24891213615437,69.25840421565843,4196100.0
2025-03-19,,,,,,BND,,,,,,69.60951232910156,69.63798131943236,69.2773620413535,69.34379209890311,4201600.0
2025-03-20,,,,,,BND,,,,,,69.63799285888672,69.9132052115776,69.60952386383842,69.89422829499023,3760700.0
2025-03-21,,,,,,BND,,,,,,69.5810546875,69.77085281421705,69.56207777096206,69.69493790773089,7078500.0
2025-03-24,,,,,,BND,,,,,,69.27737426757812,69.48615655396134,69.25839735078625,69.45768755860627,5637000.0
2025-03-25,,,,,,BND,,,,,,69.3627700805664,69.43869221617328,69.2678710312245,69.27736310825871,6133700.0
2025-03-26,,,,,,BND,,,,,,69.2109375,69.33430554804379,69.17297642975565,69.29634447779944,4856900.0
2025-03-27,,,,,,BND,,,,,,69.18244934082031,69.20142625051814,69.10652722136537,69.16346519079067,5567900.0
2025-03-28,,,,,,BND,,,,,,69.5810546875,69.60952368247412,69.34380340893647,69.42921763419324,4850500.0
2025-03-31,,,,,,BND,,,,,,69.70441436767578,69.80880549692314,69.5335931780286,69.75186751381861,7106000.0
2025-04-01,,,,,,BND,,,,,,69.92343139648438,70.05672711260915,69.7044414262384,69.71396462426782,4667900.0
2025-04-02,,,,,,BND,,,,,,69.86627197265625,70.0947850509877,69.67585167144891,70.08526185670668,5313100.0
2025-04-03,,,,,,BND,,,,,,70.22808074951172,70.45658656388774,70.09478508578663,70.22808074951172,7426200.0
2025-04-04,,,,,,BND,,,,,,70.28520965576172,70.78030682765696,70.1804763044642,70.64701115583634,12678000.0
2025-04-07,,,,,,BND,,,,,,69.43781280517578,70.16142292236043,69.3616417898789,70.123337414712,14283000.0
2025-04-08,,,,,,BND,,,,,,69.03795623779297,69.5520999210948,68.99034751627444,69.42832015077502,12629200.0
2025-04-09,,,,,,BND,,,,,,69.1998062133789,69.2188453413275,68.05726967063907,68.06678560257828,20862000.0
2025-04-10,,,,,,BND,,,,,,68.6475830078125,69.13316434931015,68.60949748455084,68.95225992983497,8058500.0
2025-04-11,,,,,,BND,,,,,,68.5714111328125,68.69519089793509,67.99062688628392,68.25721828182378,7260400.0
2025-04-14,,,,,,BND,,,,,,68.96176147460938,69.05697162083482,68.74277160062921,68.76181798831541,5409300.0
2025-04-15,,,,,,BND,,,,,,69.1331558227539,69.25692831003569,68.88560358412045,68.89512677977902,5667500.0
2025-04-16,,,,,,BND,,,,,,69.32357788085938,69.36166340037384,69.03794738060608,69.18076626276778,33963000.0
2025-04-17,,,,,,BND,,,,,,69.17123413085938,69.3426153144992,69.1236254215992,69.30452979990488,7613800.0
2025-04-21,,,,,,BND,,,,,,68.7903823852539,69.1617070516059,68.7903823852539,69.01888819591619,6092900.0
2025-04-22,,,,,,BND,,,,,,68.9141616821289,69.05698055197207,68.90464575112364,69.0188950357426,5408200.0
2025-04-23,,,,,,BND,,,,,,69.05696868896484,69.6282368061323,69.0284063727167,69.3330831861439,5283000.0
2025-04-24,,,,,,BND,,,,,,69.44734954833984,69.45686547905778,69.26644516772953,69.31405387759621,3751500.0
2025-04-25,,,,,,BND,,,,,,69.67586517333984,69.6853883694663,69.51400715954163,69.59017093634239,4021800.0
2025-04-28,,,,,,BND,,,,,,69.84724426269531,69.87580658613722,69.59016882357803,69.59969201941534,4685400.0
2025-04-29,,,,,,BND,,,,,,70.02815246582031,70.0376683981043,69.77107701274369,69.78060020909813,3790700.0
2025-04-30,,,,,,BND,,,,,,69.98053741455078,70.05670845035152,69.8567649294269,69.98053741455078,8020700.0
2025-05-01,,,,,,BND,,,,,,69.78568267822266,70.08179442747645,69.68061194259543,70.05313280983032,6295400.0
2025-05-02,,,,,,BND,,,,,,69.44181823730469,69.58509717998218,69.35585524418003,69.45137211014179,6960800.0
2025-05-05,,,,,,BND,,,,,,69.34629821777344,69.43226849445827,69.23168089881953,69.37495254751191,7575000.0
2025-05-06,,,,,,BND,,,,,,69.4991455078125,69.50869209473493,69.25079578588162,69.30810445729992,6994000.0
2025-05-07,,,,,,BND,,,,,,69.63285064697266,69.69971317362567,69.52777992116523,69.53733379282104,4357400.0
2025-05-08,,,,,,BND,,,,,,69.26032257080078,69.6519438181044,69.26032257080078,69.59463516910097,4283200.0
2025-05-09,,,,,,BND,,,,,,69.317626953125,69.48000630695192,69.30807308305647,69.35583514593151,3730700.0
2025-05-12,,,,,,BND,,,,,,69.07884216308594,69.20301334378821,69.05974170738897,69.05974170738897,6982800.0
2025-05-13,,,,,,BND,,,,,,69.05018615722656,69.18391120626093,68.96421589000813,69.0597400285772,5610300.0
2025-05-14,,,,,,BND,,,,,,68.81138610839844,69.05018186504024,68.78273178359632,69.00241979872462,6426700.0
2025-05-15,,,,,,BND,,,,,,69.18391418457031,69.20301464062521,68.935564531043,69.01198093020047,5659000.0
2025-05-16,,,,,,BND,,,,,,69.23169708251953,69.42273085041197,69.20303545861167,69.36542217753846,5310000.0
2025-05-19,,,,,,BND,,,,,,69.21257019042969,69.23167793441678,68.83049547284796,68.93556620236966,5787700.0
2025-05-20,,,,,,BND,,,,,,69.08839416503906,69.14570281804791,68.96421570022844,69.05973983853464,5810300.0
2025-05-21,,,,,,BND,,,,,,68.65856170654297,68.96422002085403,68.58215259356699,68.91646523617767,10880400.0
2025-05-22,,,,,,BND,,,,,,68.8495864868164,68.85913306902108,68.54392824451787,68.64899894850805,7067200.0
2025-05-23,,,,,,BND,,,,,,68.95467376708984,69.05019062436968,68.85914962234092,69.03108288043225,4272600.0
2025-05-27,,,,,,BND,,,,,,69.27942657470703,69.34628909779329,69.07883900544829,69.12660107371066,6148800.0
2025-05-28,,,,,,BND,,,,,,69.1266098022461,69.21257279101066,69.05019339836467,69.1648180041868,5214700.0
2025-05-29,,,,,,BND,,,,,,69.37495422363281,69.44181675712781,69.23168257147894,69.23168257147894,4685800.0
2025-05-30,,,,,,BND,,,,,,69.5086669921875,69.51822086313055,69.28897897277542,69.37494194885798,5995600.0
2025-06-02,,,,,,BND,,,,,,69.3553466796875,69.50867789283073,69.23075730045139,69.33617570830505,6888000.0
2025-06-03,,,,,,BND,,,,,,69.27867889404297,69.47993022834886,69.24992974793976,69.42243193614244,7436800.0
2025-06-04,,,,,,BND,,,,,,69.70993041992188,69.77701419774588,69.48951542632159,69.51826457230568,8343000.0
2025-06-05,,,,,,BND,,,,,,69.57575225830078,69.7961745298838,69.5565886010938,69.72909076228589,6620600.0
2025-06-06,,,,,,BND,,,,,,69.20201110839844,69.47034622653871,69.1828474477814,69.35534963966921,14677200.0
2025-06-09,,,,,,BND,,,,,,69.30743408203125,69.37451786598125,69.1924301760095,69.1924301760095,10147300.0
2025-06-10,,,,,,BND,,,,,,69.44159698486328,69.53742991098467,69.36492771933273,69.48951710371577,9257000.0
2025-06-11,,,,,,BND,,,,,,69.6620101928711,69.69075933579259,69.49908619701151,69.56616996768922,8034900.0
2025-06-12,,,,,,BND,,,,,,69.92076110839844,69.93034659341379,69.7865935645146,69.86326282147188,5950100.0
2025-06-13,,,,,,BND,,,,,,69.67160034179688,69.81535339269638,69.52785460248126,69.77701875835092,5656200.0
2025-06-16,,,,,,BND,,,,,,69.53741455078125,69.75783681259634,69.52783637839336,69.6236692833461,6415500.0
2025-06-17,,,,,,BND,,,,,,69.7578353881836,69.78658452792418,69.57574775438411,69.6620024851877,5123400.0
2025-06-18,,,,,,BND,,,,,,69.79618072509766,69.97826107526382,69.72909695154529,69.83451535449657,5176900.0
2025-06-20,,,,,,BND,,,,,,69.84407806396484,69.92074730578732,69.64282678786684,69.68116140877808,5396600.0
2025-06-23,,,,,,BND,,,,,,70.01659393310547,70.16993244682136,69.93993198783028,70.0070157596853,5391900.0
2025-06-24,,,,,,BND,,,,,,70.2274398803711,70.26577451379292,69.94951927175063,69.94951927175063,8789700.0
2025-06-25,,,,,,BND,,,,,,70.2466049194336,70.25618309329224,70.0549317685143,70.14118651432375,5346300.0
2025-06-26,,,,,,BND,,,,,,70.44786071777344,70.4574388922403,70.24660938021569,70.31369315940161,5373300.0
2025-06-27,,,,,,BND,,,,,,70.28491973876953,70.48617833933933,70.26575608287716,70.32325436213608,6928700.0
2025-06-30,,,,,,BND,,,,,,70.56285095214844,70.60118558131583,70.39034877668665,70.44785437622919,6986700.0
2025-07-01,,,,,,BND,,,,,,70.50997161865234,70.6157275540384,70.40422301825973,70.55804516564362,6286300.0
2025-07-02,,,,,,BND,,,,,,70.43306732177734,70.43306732177734,70.31769520490117,70.34653640037178,6342300.0
2025-07-03,,,,,,BND,,,,,,70.260009765625,70.34653334828286,70.22155239500147,70.30807597765933,6428400.0
2025-07-07,,,,,,BND,,,,,,70.02925872802734,70.20231321149828,69.98119252066986,70.1446308286722,8191000.0
2025-07-08,,,,,,BND,,,,,,69.99080657958984,69.99080657958984,69.89465949779695,69.93311686351561,5934200.0
2025-07-09,,,,,,BND,,,,,,70.26962280273438,70.27923897971279,70.07734327312943,70.07734327312943,6720200.0
2025-07-10,,,,,,BND,,,,,,70.27923583984375,70.28885201639254,70.15425488468371,70.26001082173973,6650900.0
2025-07-11,,,,,,BND,,,,,,69.99080657958984,70.08694632639023,69.96195805405647,70.07733015121245,4962400.0
2025-07-14,,,,,,BND,,,,,,69.98118591308594,70.0484844650263,69.8946550120243,69.96195356396467,5624700.0
2025-07-15,,,,,,BND,,,,,,69.76968383789062,70.06771927601324,69.75045882107335,70.06771927601324,5908400.0
2025-07-16,,,,,,BND,,,,,,69.90428161621094,69.97158017819216,69.72161094726485,69.89466544021559,7874900.0
2025-07-17,,,,,,BND,,,,,,69.92352294921875,70.0100465393107,69.87544939806051,69.91390677198828,6857300.0
2025-07-18,,,,,,BND,,,,,,70.03887939453125,70.08695293996404,70.00042202518367,70.06772058779364,5206800.0
2025-07-21,,,,,,BND,,,,,,70.24077606201172,70.35614817166358,70.2215510445664,70.27923343189568,5338500.0
2025-07-22,,,,,,BND,,,,,,70.35615539550781,70.41383778875965,70.2600156284234,70.27924064784266,5507300.0
2025-07-23,,,,,,BND,,,,,,70.2119369506836,70.29846786923714,70.18309575616358,70.26001049821262,5269400.0
2025-07-24,,,,,,BND,,,,,,70.12541198730469,70.22155174547753,70.01003987650125,70.02926489413846,6139200.0
2025-07-25,,,,,,BND,,,,,,70.29846954345703,70.29846954345703,70.11579886048848,70.13502387896185,4845900.0
2025-07-28,,,,,,BND,,,,,,70.18309783935547,70.23117138831142,70.14464046718945,70.20232285794161,5806600.0
2025-07-29,,,,,,BND,,,,,,70.54842376708984,70.55803994277497,70.26000451147198,70.26000451147198,7397900.0
2025-07-30,,,,,,BND,,,,,,70.36576843261719,70.51959058608908,70.30807870694571,70.36576843261719,5554600.0
2025-07-31,,,,,,BND,,,,,,70.37538146972656,70.5292109673625,70.35615645001916,70.51959479001172,6463200.0
2025-08-01,,,,,,BND,,,,,,70.9850082397461,71.00430438753973,70.78244284385742,70.898197652647,10782300.0
2025-08-04,,,,,,BND,,,,,,71.03324127197266,71.04288934587248,70.8981976746716,71.02359319807283,6834400.0
2025-08-05,,,,,,BND,,,,,,71.06216430664062,71.09110116338528,70.9367688076396,70.9560575923618,8145300.0
2025-08-06,,,,,,BND,,,,,,71.00430297851562,71.04288791401314,70.74385650373847,70.96571804301813,8082200.0
2025-08-07,,,,,,BND,,,,,,70.9753646850586,71.09111212989237,70.92713167682865,71.09111212989237,4193100.0
2025-08-08,,,,,,BND,,,,,,70.82102966308594,70.90784761181743,70.80174087410354,70.89819953766408,5566300.0
2025-08-11,,,,,,BND,,,,,,70.86927032470703,70.9464402076155,70.84033345844763,70.8885591157716,8668100.0
2025-08-12,,,,,,BND,,,,,,70.87890625,70.87890625,70.73421458418062,70.79208830677884,5493400.0
2025-08-13,,,,,,BND,,,,,,71.13933563232422,71.16827248966605,71.06216577319744,71.08146191764055,6208900.0
2025-08-14,,,,,,BND,,,,,,70.936767578125,71.13933293114923,70.88853457817147,71.13933293114923,6818100.0
2025-08-15,,,,,,BND,,,,,,70.84033966064453,70.9850240046089,70.79210663977258,70.92715026702315,4309100.0
2025-08-18,,,,,,BND,,,,,,70.7631607055664,71.03324792546688,70.71492769087355,70.86926745043085,6941600.0
2025-08-19,,,,,,BND,,,,,,70.89820861816406,70.90785669355311,70.84033488448026,70.84033488448026,5098500.0
2025-08-20,,,,,,BND,,,,,,70.9464340209961,70.99465967411473,70.85961607046345,70.88855293419951,5512500.0
2025-08-21,,,,,,BND,,,,,,70.77279663085938,70.86925528436132,70.69562676432842,70.84031842424308,5695500.0
2025-08-22,,,,,,BND,,,,,,71.12969207763672,71.19721386883033,70.87890105853089,70.89818984487621,5828700.0
2025-08-25,,,,,,BND,,,,,,71.03324127197266,71.11041114452301,70.98500826179766,71.02359319807283,5361700.0
2025-08-26,,,,,,BND,,,,,,71.12005615234375,71.14899301347161,70.98500520154082,71.0428862831203,4648300.0
2025-08-27,,,,,,BND,,,,,,71.18758392333984,71.19722463830915,70.98501115979401,71.05254032052557,6053900.0
2025-08-28,,,,,,BND,,,,,,71.27438354492188,71.30332040402523,71.14898803569959,71.17792489480294,5857300.0
2025-08-29,,,,,,BND,,,,,,71.18758392333984,71.25510572474698,71.14899898548943,71.20687271260286,7736300.0
2025-09-02,,,,,,BND,,,,,,71.03562927246094,71.06466172641815,70.94852452695402,70.97755698091123,6222400.0
2025-09-03,,,,,,BND,,,,,,71.26789855957031,71.34532336168114,71.07434393792876,71.08401650046596,6005100.0
2025-09-04,,,,,,BND,,,,,,71.53887939453125,71.54855934089493,71.34532476907154,71.42274957270969,8842600.0
2025-09-05,,,,,,BND,,,,,,71.87760162353516,71.9743863171304,71.85824911499739,71.89696151570838,6321800.0
2025-09-08,,,,,,BND,,,,,,72.10987091064453,72.11954347240929,72.01309360755239,72.03244611471685,6414400.0
2025-09-09,,,,,,BND,,,,,,71.97439575195312,72.11955804410377,71.90665088773734,72.07117307459903,6613200.0
2025-09-10,,,,,,BND,,,,,,72.10018920898438,72.21632640004695,72.04212430527046,72.09050926382048,5680700.0
2025-09-11,,,,,,BND,,,,,,72.25504302978516,72.35182033618916,72.16793828547692,72.16793828547692,6437200.0
2025-09-12,,,,,,BND,,,,,,72.16793060302734,72.17761054772784,72.03244091175789,72.13889815256023,5493000.0
2025-09-15,,,,,,BND,,,,,,72.30342864990234,72.32278854154065,72.24536374225796,72.25504368807712,7193600.0
2025-09-16,,,,,,BND,,,,,,72.31311798095703,72.36150294906196,72.24537311870117,72.30343803388156,7012200.0
2025-09-17,,,,,,BND,,,,,,72.18730163574219,72.50667344011632,72.12923671990553,72.39054360844302,8872000.0
2025-09-18,,,,,,BND,,,,,,72.00341033935547,72.08083513171016,71.89695309577641,71.99373039440248,7641400.0
2025-09-19,,,,,,BND,,,,,,72.03246307373047,72.0518155854512,71.94535831189552,72.01311056200974,5295700.0
2025-09-22,,,,,,BND,,,,,,71.89696502685547,72.01310223466012,71.87760513373678,71.99374234154145,7813900.0
2025-09-23,,,,,,BND,,,,,,72.04212188720703,72.05179444841153,71.91630475520356,71.97437704060304,6492000.0
2025-09-24,,,,,,BND,,,,,,71.89696502685547,71.9840623949821,71.86793257081327,71.97438983205858,5158400.0
2025-09-25,,,,,,BND,,,,,,71.81952667236328,71.82920661709643,71.68403698063689,71.8001741665314,7402700.0
2025-09-26,,,,,,BND,,,,,,71.81952667236328,71.9356638582578,71.76146177123323,71.82920661709643,5531400.0
2025-09-29,,,,,,BND,,,,,,72.00341033935547,72.04212273553281,71.89695309577641,71.91630560204779,5534500.0
2025-09-30,,,,,,BND,,,,,,71.97439575195312,72.13891793881481,71.94535590988656,72.03246066881339,8840700.0
2025-10-01,,,,,,BND,,,,,,72.15594482421875,72.19478099033233,72.04914721921674,72.15594482421875,8762900.0
2025-10-02,,,,,,BND,,,,,,72.23360443115234,72.25301880716827,72.08797068569284,72.1268068449647,7155600.0
2025-10-03,,,,,,BND,,,,,,72.146240234375,72.2821631240276,72.12682585324261,72.25303784870803,8372400.0
2025-10-06,,,,,,BND,,,,,,71.9811782836914,72.1171011473123,71.97146739136404,72.01030355343295,8688800.0
2025-10-07,,,,,,BND,,,,,,72.11709594726562,72.18505737417567,72.02972014434128,72.05884541198273,7229500.0
2025-10-08,,,,,,BND,,,,,,72.11709594726562,72.24331531669856,72.09768157125133,72.23360442507142,6298400.0
2025-10-09,,,,,,BND,,,,,,72.06857299804688,72.0976982724351,72.02002593590537,72.07827648468181,9071000.0
2025-10-10,,,,,,BND,,,,,,72.35010528564453,72.40836322799834,72.194768056261,72.2627294829738,7202600.0
2025-10-13,,,,,,BND,,,,,,72.46662139892578,72.46662139892578,72.28215147530776,72.36953469442604,4358400.0
2025-10-14,,,,,,BND,,,,,,72.57342529296875,72.60255056612168,72.39866624680974,72.45691679311561,6550100.0
2025-10-15,,,,,,BND,,,,,,72.52488708496094,72.68994266504254,72.48605832084534,72.59284853302667,6264800.0
2025-10-16,,,,,,BND,,,,,,72.79672241210938,72.81613678940074,72.49574400978966,72.49574400978966,8485100.0
2025-10-17,,,,,,BND,,,,,,72.69963073730469,72.7384669004278,72.63166930364942,72.72876341507757,20337500.0
2025-10-20,,,,,,BND,,,,,,72.79672241210938,72.80642589713482,72.72876098072888,72.76758973531162,6287200.0
2025-10-21,,,,,,BND,,,,,,72.88410186767578,72.96177419520868,72.86468748941297,72.9132271386904,6179900.0
2025-10-22,,,,,,BND,,,,,,72.88410186767578,72.89381276042761,72.78701516188009,72.84526570390933,7164500.0
2025-10-23,,,,,,BND,,,,,,72.73847198486328,72.8355586958371,72.71905760556503,72.80643342326907,6041700.0
2025-10-24,,,,,,BND,,,,,,72.83554077148438,72.86467344412426,72.72875060076242,72.8549625532443,6912300.0
2025-10-27,,,,,,BND,,,,,,72.8743896484375,72.8743896484375,72.709341510865,72.77730294440902,7706600.0
2025-10-28,,,,,,BND,,,,,,72.9132308959961,72.93265268250057,72.82585507844965,72.85498035096514,7399700.0
2025-10-29,,,,,,BND,,,,,,72.55400085449219,72.89380800623503,72.53457907025525,72.88409711411656,8938700.0
2025-10-30,,,,,,BND,,,,,,72.42778015136719,72.54428863293262,72.33069345368277,72.34040434562328,7109500.0
2025-10-31,,,,,,BND,,,,,,72.40837097167969,72.50545767633228,72.36953480837049,72.48604329829807,7106700.0
2025-11-03,,,,,,BND,,,,,,72.32460021972656,72.3635638591062,72.24667294096729,72.31485745199306,7085100.0
2025-11-04,,,,,,BND,,,,,,72.36356353759766,72.44149081601071,72.31485713070093,72.33434266608134,11476200.0
2025-11-05,,,,,,BND,,,,,,72.15901184082031,72.33434450593218,72.12004820062273,72.31485897005614,10862500.0
2025-11-06,,,,,,BND,,,,,,72.44149017333984,72.47071104459692,72.35382012801436,72.3733056632219,6461200.0
2025-11-07,,,,,,BND,,,,,,72.40252685546875,72.4999322372756,72.33434234504853,72.33434234504853,7073200.0
2025-11-10,,,,,,BND,,,,,,72.38304901123047,72.44149819176852,72.35382813673897,72.39279177991266,7235100.0
2025-11-11,,,,,,BND,,,,,,72.58758544921875,72.59732821560374,72.49018008002874,72.5291437140154,5229400.0
2025-11-12,,,,,,BND,,,,,,72.55836486816406,72.60707126872808,72.50966589915339,72.54862953329393,7129700.0
2025-11-13,,,,,,BND,,,,,,72.34407806396484,72.48045451708124,72.34407806396484,72.43174811014293,7105100.0
2025-11-14,,,,,,BND,,,,,,72.23693084716797,72.49018333211286,72.23693084716797,72.47070523002235,6473000.0
2025-11-17,,,,,,BND,,,,,,72.27589416503906,72.35382144417832,72.26615882881244,72.28563693282007,6908300.0
2025-11-18,,,,,,BND,,,,,,72.3343505859375,72.45123408480029,72.25642329899223,72.40253510412583,8009200.0
2025-11-19,,,,,,BND,,,,,,72.30513000488281,72.44149904181333,72.27590169849329,72.41227073542382,7527500.0
2025-11-20,,,,,,BND,,,,,,72.41226196289062,72.47071113703358,72.36356298791812,72.38304109159627,8461100.0
2025-11-21,,,,,,BND,,,,,,72.58758544921875,72.61681374837373,72.47070197881206,72.61681374837373,6818400.0
2025-11-24,,,,,,BND,,,,,,72.7142333984375,72.74345427177808,72.61682801011735,72.68501252509692,5734400.0
2025-11-25,,,,,,BND,,,,,,72.87981414794922,72.94799865436475,72.76292323771379,72.76292323771379,7446200.0
2025-11-26,,,,,,BND,,,,,,72.9577407836914,72.9577407836914,72.74344449924328,72.84084987447777,7327100.0
2025-11-28,,,,,,BND,,,,,,72.84086608886719,72.93827148578413,72.7726815678698,72.91879337902292,4812100.0
2025-12-01,,,,,,BND,,,,,,72.5564956665039,72.60535824169821,72.51740709742491,72.57603622335229,6891500.0
2025-12-02,,,,,,BND,,,,,,72.6249008178711,72.66398938803695,72.52718312014768,72.55649768392647,6756900.0
2025-12-03,,,,,,BND,,,,,,72.7323989868164,72.77148756045666,72.64444783228006,72.71285842768783,9774000.0
2025-12-04,,,,,,BND,,,,,,72.59559631347656,72.67377346464107,72.56628174563573,72.66399945689965,7337500.0
2025-12-05,,,,,,BND,,,,,,72.50762939453125,72.63466910140649,72.45877427721004,72.61512109017252,7270500.0
2025-12-08,,,,,,BND,,,,,,72.40013122558594,72.51739691635944,72.2926469949367,72.50762291161637,8585700.0
2025-12-09,,,,,,BND,,,,,,72.3512954711914,72.51741631936585,72.32198090449982,72.51741631936585,6665200.0
2025-12-10,,,,,,BND,,,,,,72.56627655029297,72.5760431019517,72.31220455489019,72.32197856193186,8771100.0
2025-12-11,,,,,,BND,,,,,,72.56627655029297,72.73239739308663,72.54672853620963,72.71285683438623,8924600.0
2025-12-12,,,,,,BND,,,,,,72.34150695800781,72.40013607963475,72.32196640259274,72.36105496880458,8117600.0
2025-12-15,,,,,,BND,,,,,,72.42945098876953,72.54670922051757,72.3903624263932,72.47830610020422,10495500.0
2025-12-16,,,,,,BND,,,,,,72.56627655029297,72.5760431019517,72.37083368637431,72.42947027324138,6999300.0
2025-12-17,,,,,,BND,,,,,,72.54671478271484,72.57602934289942,72.478311657157,72.4880856623457,10071300.0
2025-12-18,,,,,,BND,,,,,,72.70065307617188,72.74967127956815,72.64182075971961,72.70065307617188,6940500.0
2025-12-19,,,,,,BND,,,,,,72.59281158447266,72.68104884972122,72.57319831645962,72.62222400622218,7540400.0
2025-12-22,,,,,,BND,,,,,,72.57319641113281,72.59280967863091,72.5241782029272,72.58300304488186,9855300.0
2025-12-23,,,,,,BND,,,,,,72.56340026855469,72.57319942244051,72.40652404313983,72.41633067729579,10188700.0
2025-12-24,,,,,,BND,,,,,,72.7398681640625,72.74966731604643,72.60260523360068,72.63201765008984,5341700.0
2025-12-26,,,,,,BND,,,,,,72.7398681640625,72.82810541352994,72.69084248306812,72.7986929970408,6730500.0
2025-12-29,,,,,,BND,,,,,,72.84773254394531,72.84773254394531,72.75948779741259,72.80851348773855,9105700.0
2025-12-30,,,,,,BND,,,,,,72.81830596923828,72.83791923567955,72.73006871106087,72.7790943968946,7743200.0
2025-12-31,,,,,,BND,,,,,,72.62222290039062,72.79870490847044,72.61241626653344,72.72026679815276,8846700.0
2026-01-02,,,,,,BND,,,,,,72.59281158447266,72.71046875174076,72.57319831645962,72.68104884972122,7453500.0
2026-01-05,,,,,,BND,,,,,,72.73006439208984,72.7594768097357,72.63202050651398,72.66143292415984,11059100.0
2026-01-06,,,,,,BND,,,,,,72.73006439208984,72.73987102472813,72.58299482359156,72.68103870916742,9079000.0
2026-01-07,,,,,,BND,,,,,,72.80850982666016,72.8673346678773,72.74967750517327,72.84772888089483,11576600.0
2026-01-08,,,,,,BND,,,,,,72.68103790283203,72.73006358521056,72.65162548551248,72.67123875057145,9906800.0
2026-01-09,,,,,,BND,,,,,,72.83792877197266,72.9065602529638,72.68105254098123,72.73007823323366,10536800.0
2026-01-12,,,,,,BND,,,,,,72.769287109375,72.84772521389594,72.71046227111897,72.75948047624254,9851000.0
2026-01-13,,,,,,BND,,,,,,72.82810974121094,72.86732879228322,72.76928490473708,72.85752215944787,11835200.0
2026-01-14,,,,,,BND,,,,,,72.97518920898438,73.00460163120998,72.86733867397705,72.86733867397705,8765900.0
2026-01-15,,,,,,BND,,,,,,72.86734008789062,73.01440968214254,72.86734008789062,72.99479641343147,9959500.0
2026-01-16,,,,,,BND,,,,,,72.74967193603516,72.87713572260768,72.73006615055355,72.86732908973228,16105100.0
2026-01-20,,,,,,BND,,,,,,72.48495483398438,72.58299872482996,72.45554241475763,72.46534904792301,12982700.0
2026-01-21,,,,,,BND,,,,,,72.69084930419922,72.7104625705449,72.50456067526217,72.56339299402983,11453200.0
2026-01-22,,,,,,BND,,,,,,72.72026062011719,72.75947967194412,72.60261094490565,72.64182251646331,13512400.0
2026-01-23,,,,,,BND,,,,,,72.7987060546875,72.8085126886991,72.6712497336169,72.74968036489956,8079700.0
2026-01-26,,,,,,BND,,,,,,72.88693237304688,72.92615142293289,72.8575199556996,72.88693237304688,7137300.0
2026-01-27,,,,,,BND,,,,,,72.82810974121094,72.92615362875708,72.79869732297401,72.85752215944787,9827900.0
2026-01-28,,,,,,BND,,,,,,72.7987060546875,72.8085126886991,72.70066215538166,72.7888994206759,9328300.0
2026-01-29,,,,,,BND,,,,,,72.80850982666016,72.8673346678773,72.69085266395612,72.70065929758222,16397300.0
2026-01-30,,,,,,BND,,,,,,72.77909851074219,72.84772998662717,72.72026618836232,72.79870429802224,8977500.0
2026-02-02,,,,,,BND,,,,,,72.705322265625,72.83320065468054,72.68564404882216,72.82336154627912,8636400.0
2026-02-03,,,,,,BND,,,,,,72.72499084472656,72.73482995283945,72.6364538817916,72.65613209801737,11287100.0
2026-02-04,,,,,,BND,,,,,,72.69548034667969,72.75449998472494,72.64629231161503,72.68564123865866,11709600.0
2026-02-05,,,,,,BND,,,,,,73.01026153564453,73.02993224591268,72.80368530514835,72.85286583333878,12216700.0
2026-02-06,,,,,,BND,,,,,,73.02010345458984,73.0397741656153,72.92172738434117,73.02010345458984,8257200.0
2026-02-09,,,,,,BND,,,,,,73.03977966308594,73.05945037559195,72.93157198170032,72.96108180297985,9429800.0
2026-02-10,,,,,,BND,,,,,,73.25619506835938,73.30537560217346,73.2168461382835,73.23651685080092,8288400.0
2026-02-11,,,,,,BND,,,,,,73.10863494873047,73.26603066148138,73.07912512884984,73.09879584042338,7968800.0
2026-02-12,,,,,,BND,,,,,,73.4430923461914,73.4627630564955,73.21683789997336,73.24634771794959,9884300.0
2026-02-13,,,,,,BND,,,,,,73.65950012207031,73.6791783373992,73.5906413784996,73.62015119645274,8307900.0
2026-02-17,,,,,,BND,,,,,,73.64966583251953,73.68901475670155,73.6103169083375,73.66933654209059,9689000.0
2026-02-18,,,,,,BND,,,,,,73.57096862792969,73.6398273695908,73.55129041314653,73.57096862792969,6972500.0
2026-02-19,,,,,,BND,,,,,,73.60047912597656,73.62998894338435,73.50211056627062,73.50211056627062,8147900.0
2026-02-20,,,,,,BND,,,,,,73.59064483642578,73.62015465576555,73.47260555906671,73.62015465576555,9131300.0
2026-02-23,,,,,,BND,,,,,,73.74803161621094,73.79721214080848,73.62014574117016,73.62014574117016,6286900.0
2026-02-24,,,,,,BND,,,,,,73.70868682861328,73.74803575352259,73.66933790370398,73.72835753854791,9854400.0
2026-02-25,,,,,,BND,,,,,,73.68901824951172,73.7480378860623,73.64966932346456,73.65950092619617,7002000.0
2026-02-26,,,,,,BND,,,,,,73.7972183227539,73.80705743051348,73.7086888680385,73.7086888680385,14876200.0
2026-02-27,,,,,,BND,,,,,,73.94477081298828,74.00379795122781,73.9054218891752,73.92510010360165,8500900.0
2026-03-02,,,,,,BND,,,,,,73.64679718017578,73.7454650178251,73.55799838465343,73.72573446144463,8732600.0
2026-03-03,,,,,,BND,,,,,,73.56785583496094,73.66653119503283,73.32118249052732,73.34092057369092,8939900.0
2026-03-04,,,,,,BND,,,,,,73.51852416992188,73.60732295871159,73.50865512854317,73.57772336244835,11305400.0
2026-03-05,,,,,,BND,,,,,,73.35077667236328,73.38038379492296,73.25210884744848,73.2915774829889,10025800.0
2026-03-06,,,,,,BND,,,,,,73.25210571289062,73.42971080128629,73.08436966492587,73.1337073392083,10878000.0
2026-03-09,,,,,,BND,,,,,,73.45932006835938,73.50865774913895,73.1238479282525,73.16331656730152,8201800.0
2026-03-10,,,,,,BND,,,,,,73.23237609863281,73.4593113363477,73.22250705807538,73.40011214874768,8622900.0
2026-03-11,,,,,,BND,,,,,,72.90676879882812,73.11397349264436,72.86730016269085,73.10410445164189,9003400.0
2026-03-12,,,,,,BND,,,,,,72.64036560058594,72.84757029635851,72.5811588818847,72.79823261875293,12383500.0
2026-03-13,,,,,,BND,,,,,,72.5712890625,72.81796236654947,72.53182043050747,72.75875565462475,7060100.0
2026-03-16,,,,,,BND,,,,,,72.84757232666016,72.89690247776791,72.75876601006958,72.84757232666016,7716600.0
2026-03-17,,,,,,BND,,,,,,72.9955825805664,73.02518217872965,72.94624489837872,72.94624489837872,5948100.0
2026-03-18,,,,,,BND,,,,,,72.6995620727539,72.96596594939263,72.68969303202731,72.91663580150448,9210900.0
2026-03-19,,,,,,BND,,,,,,72.77851104736328,72.87717888688015,72.52196864232053,72.54169919907446,8861500.0
2026-03-20,,,,,,BND,,,,,,72.19634246826172,72.5515526364199,72.18648095594266,72.53182208390977,12983200.0
2026-03-23,,,,,,BND,,,,,,72.47262573242188,72.63050028656299,72.26542102601647,72.32462774775593,14898800.0
2026-03-24,,,,,,BND,,,,,,72.28515625,72.43316175668471,72.14701978452702,72.20621897605179,11800800.0
2026-03-25,,,,,,BND,,,,,,72.56143188476562,72.64036916165523,72.47262556629654,72.59103148163096,9313300.0
2026-03-26,,,,,,BND,,,,,,72.13715362548828,72.45289520602351,72.12728458388226,72.35422737358246,8602900.0
2026-03-27,,,,,,BND,,,,,,72.13715362548828,72.23582145792933,71.96941755755118,72.00888619610221,13021800.0
2026-03-30,,,,,,BND,,,,,,72.50222778320312,72.62062616264984,72.44302106560721,72.50222778320312,10353800.0
2026-03-31,,,,,,BND,,,,,,72.66010284423828,72.79823932080397,72.59103460595543,72.6897024423776,10948300.0
2026-04-01,,,,,,BND,,,,,,72.68980407714844,72.82841111144785,72.66010364887241,72.69970673774607,9624800.0
2026-04-02,,,,,,BND,,,,,,72.84820556640625,72.91750907321845,72.61058706860808,72.63039238684912,7975600.0
2026-04-06,,,,,,BND,,,,,,72.73931121826172,72.8284125047945,72.68980546784329,72.71950589668754,9844300.0
2026-04-07,,,,,,BND,,,,,,72.84820556640625,72.86800333113158,72.52148579707055,72.759096741353,7270000.0
2026-04-08,,,,,,BND,,,,,,72.98682403564453,73.21453235654631,72.9373182857875,73.20463724938844,5760200.0
2026-04-09,,,,,,BND,,,,,,73.01652526855469,73.1551323054611,72.84821780281362,72.94722175010149,5646600.0
2026-04-10,,,,,,BND,,,,,,72.90760803222656,73.03631238958694,72.89770537288625,73.00661196508192,6334300.0
2026-04-13,,,,,,BND,,,,,,73.06602478027344,73.08582254663379,72.86800934908811,72.90761243532518,6438100.0
2026-04-14,,,,,,BND,,,,,,73.2442398071289,73.25413491421499,73.04622436265443,73.10562521923833,5600100.0
2026-04-15,,,,,,BND,,,,,,73.14522552490234,73.19473127251645,73.08582467057867,73.16503084535461,6724300.0
2026-04-16,,,,,,BND,,,,,,73.03631591796875,73.22442868694277,72.98681772590776,73.21452602712408,7582500.0
2026-04-17,,,,,,BND,,,,,,73.32343292236328,73.41254175406097,73.27393473010127,73.32343292236328,5806900.0
2026-04-20,,,,,,BND,,,,,,73.27393341064453,73.32343160201522,73.19472724023204,73.31353649585077,7609600.0
2026-04-21,,,,,,BND,,,,,,73.04621887207031,73.2442343016608,73.03631621221172,73.2046312157427,5852600.0
2026-04-22,,,,,,BND,,,,,,73.12541961669922,73.24422886563575,73.11551695757558,73.22442354738845,5936800.0
2026-04-23,,,,,,BND,,,,,,72.99671173095703,73.19471958275695,72.88780514641248,73.12541607927544,6181500.0
2026-04-24,,,,,,BND,,,,,,73.12541961669922,73.15512004055442,72.92741175532073,73.01651302688633,5118200.0
2026-04-27,,,,,,BND,,,,,,73.0066146850586,73.11552128131174,72.9670115997378,73.06602308979788,6095200.0
2026-04-28,,,,,,BND,,,,,,72.98682403564453,72.98682403564453,72.8680147680978,72.91752051795483,7242000.0
2026-04-29,,,,,,BND,,,,,,72.66010284423828,72.8185151979787,72.59079932785605,72.8185151979787,7207000.0
2026-04-30,,,,,,BND,,,,,,72.76900482177734,72.84821099361095,72.71949907600228,72.79870524783587,7829100.0
2026-05-01,,,,,,BND,,,,,,72.87032318115234,73.0391866136521,72.77099219606238,72.81072610579204,6933100.0
2026-05-04,,,,,,BND,,,,,,72.62199401855469,72.79085745591273,72.49286449206947,72.77099428971061,7912200.0
2026-05-05,,,,,,BND,,,,,,72.7511215209961,72.82065396847189,72.69152444557925,72.70145981763818,8336200.0
2026-05-06,,,,,,BND,,,,,,73.0590591430664,73.07892230918243,72.97959132166517,73.00938986007348,7658300.0
2026-05-07,,,,,,BND,,,,,,72.87032318115234,73.15838834284109,72.83058927142268,73.15838834284109,9777000.0
2026-05-08,,,,,,BND,,,,,,73.0590591430664,73.11865621988305,73.02925302618951,73.06898693689014,7382800.0
2026-05-11,,,,,,BND,,,,,,72.88025665283203,73.00938617223505,72.87032128104158,72.97958763533191,9494200.0
2026-05-12,,,,,,BND,,,,,,72.66172790527344,72.74119572699266,72.64185716060933,72.72132498232855,7431700.0
2026-05-13,,,,,,BND,,,,,,72.6915283203125,72.70146369290103,72.5425280453597,72.64185903583864,10761000.0
2026-05-14,,,,,,BND,,,,,,72.67166900634766,72.89019416559906,72.66173363323239,72.73126608810084,6262500.0
2026-05-15,,,,,,BND,,,,,,72.25446319580078,72.35379418673028,72.21472928373521,72.33393101993192,12189900.0
2026-05-18,,,,,,BND,,,,,,72.20480346679688,72.37366691384801,72.10546489467829,72.29419908754076,8771700.0
2026-05-19,,,,,,BND,,,,,,71.96639251708984,72.06573107889616,71.8571261618775,71.9862632608384,13221200.0
2026-05-20,,,,,,BND,,,,,,72.36372375488281,72.41339303559788,71.97632761640358,71.99619836007689,11123000.0
2026-05-21,,,,,,BND,,,,,,72.44319152832031,72.45312690015089,72.09552929893218,72.1650617448098,10364600.0
2026-05-22,,,,,,BND,,,,,,72.51272583007812,72.56239511203404,72.33392702489262,72.55245973994917,6817600.0
2026-05-26,,,,,,BND,,,,,,72.72132873535156,72.79086118832718,72.64186090953115,72.77099802110658,7374200.0
2026-05-27,,,,,,BND,,,,,,72.79085540771484,72.85045248311282,72.75112149796006,72.80079077977064,7349100.0
2026-05-28,,,,,,BND,,,,,,72.92992401123047,72.98952866812783,72.75112519747593,72.80079448181226,7239100.0
2026-05-29,,,,,,BND,,,,,,72.96965026855469,73.05905345528804,72.89018245334016,72.9795856400735,9177400.0
2026-06-01,,,,,,BND,,,,,,72.936767578125,72.94673646965936,72.69756740955427,72.75736555068788,7268300.0
2026-06-02,,,,,,BND,,,,,,72.95669555664062,73.05636926090531,72.91683519977798,73.02646258720429,7682700.0
2026-06-03,,,,,,BND,,,,,,72.8171615600586,72.87696730347763,72.73743324222661,72.7972313816096,9330700.0
2026-06-04,,,,,,BND,,,,,,72.91683197021484,72.98659899768846,72.88692529783842,72.94673103855558,6815000.0
2026-06-05,,,,,,BND,,,,,,72.58792877197266,72.70752504823798,72.5779598809386,72.69756376123979,8487200.0
2026-06-08,,,,,,BND,,,,,,72.5679931640625,72.76733297053678,72.55803187676587,72.73743390057466,14019000.0
2026-06-09,,,,,,BND,,,,,,72.72746276855469,72.75736183759562,72.59788999732943,72.67762591746254,8703500.0
2026-06-10,,,,,,BND,,,,,,72.66766357421875,72.79722873952485,72.5978889420896,72.72746171143145,5252500.0
2026-06-11,,,,,,BND,,,,,,73.08626556396484,73.11616463249804,72.68759357410549,72.73743042435132,9058700.0
2026-06-12,,,,,,BND,,,,,,72.99656677246094,73.0464036268155,72.86700159678996,72.96666770146274,7379300.0
2026-06-15,,,,,,BND,,,,,,73.05636596679688,73.18593113084845,73.0463970760127,73.13609428096325,7738300.0
2026-06-16,,,,,,BND,,,,,,73.16600036621094,73.23576739306898,73.07629555794452,73.09622573531726,5902800.0
2026-06-17,,,,,,BND,,,,,,72.89689636230469,73.22580133193159,72.8769661841618,73.17596448052052,8531600.0
2026-06-18,,,,,,BND,,,,,,73.09622955322266,73.25570139667653,73.07629937480894,73.07629937480894,6312500.0
2026-06-22,,,,,,BND,,,,,,72.89689636230469,72.97663228294805,72.8669972930724,72.92679543153696,7359400.0
2026-06-23,,,,,,BND,,,,,,72.97663116455078,73.05636708397215,72.93676320484009,72.93676320484009,7081800.0
2026-06-24,,,,,,BND,,,,,,73.30553436279297,73.3553636082038,73.21582955459647,73.2357673359893,7819400.0
2026-06-25,,,,,,BND,,,,,,73.3553695678711,73.48494234534462,73.34540067636476,73.40520642136649,7638100.0
2026-06-26,,,,,,BND,,,,,,73.42513275146484,73.47496960234783,73.31549776275094,73.32546665373471,5965100.0
2026-06-29,,,,,,BND,,,,,,73.46500396728516,73.48494175013631,73.39523693537845,73.44507378847017,7224800.0
